delivery_id,origin,destination,distance_km,delivery_time_hours,vehicle_type,cargo_weight_kg
DEL00000,Unknown,Unknown,0,0,Truck,0
DEL00001,Unknown,Unknown,0,0,Truck,0
DEL00002,Unknown,Unknown,0,0,Truck,0
DEL00003,Unknown,Unknown,0,0,Truck,0
DEL00004,Unknown,Unknown,0,0,Truck,0
DEL00005,Unknown,Unknown,0,0,Truck,0
DEL00006,Unknown,Unknown,0,0,Truck,0
DEL00007,Unknown,Unknown,0,0,Truck,0
DEL00008,Unknown,Unknown,0,0,Truck,0
DEL00009,Unknown,Unknown,0,0,Truck,0
DEL00010,Unknown,Unknown,0,0,Truck,0
DEL00011,Unknown,Unknown,0,0,Truck,0
DEL00012,Unknown,Unknown,0,0,Truck,0
DEL00013,Unknown,Unknown,0,0,Truck,0
DEL00014,Unknown,Unknown,0,0,Truck,0
DEL00015,Unknown,Unknown,0,0,Truck,0
DEL00016,Unknown,Unknown,0,0,Truck,0
DEL00017,Unknown,Unknown,0,0,Truck,0
DEL00018,Unknown,Unknown,0,0,Truck,0
DEL00019,Unknown,Unknown,0,0,Truck,0
DEL00020,Unknown,Unknown,0,0,Truck,0
DEL00021,Unknown,Unknown,0,0,Truck,0
DEL00022,Unknown,Unknown,0,0,Truck,0
DEL00023,Unknown,Unknown,0,0,Truck,0
DEL00024,Unknown,Unknown,0,0,Truck,0
DEL00025,Unknown,Unknown,0,0,Truck,0
DEL00026,Unknown,Unknown,0,0,Truck,0
DEL00027,Unknown,Unknown,0,0,Truck,0
DEL00028,Unknown,Unknown,0,0,Truck,0
DEL00029,Unknown,Unknown,0,0,Truck,0
DEL00030,Unknown,Unknown,0,0,Truck,0
DEL00031,Unknown,Unknown,0,0,Truck,0
DEL00032,Unknown,Unknown,0,0,Truck,0
DEL00033,Unknown,Unknown,0,0,Truck,0
DEL00034,Unknown,Unknown,0,0,Truck,0
DEL00035,Unknown,Unknown,0,0,Truck,0
DEL00036,Unknown,Unknown,0,0,Truck,0
DEL00037,Unknown,Unknown,0,0,Truck,0
DEL00038,Unknown,Unknown,0,0,Truck,0
DEL00039,Unknown,Unknown,0,0,Truck,0
DEL00040,Unknown,Unknown,0,0,Truck,0
DEL00041,Unknown,Unknown,0,0,Truck,0
DEL00042,Unknown,Unknown,0,0,Truck,0
DEL00043,Unknown,Unknown,0,0,Truck,0
DEL00044,Unknown,Unknown,0,0,Truck,0
DEL00045,Unknown,Unknown,0,0,Truck,0
DEL00046,Unknown,Unknown,0,0,Truck,0
DEL00047,Unknown,Unknown,0,0,Truck,0
DEL00048,Unknown,Unknown,0,0,Truck,0
DEL00049,Unknown,Unknown,0,0,Truck,0
DEL00050,Unknown,Unknown,0,0,Truck,0
DEL00051,Unknown,Unknown,0,0,Truck,0
DEL00052,Unknown,Unknown,0,0,Truck,0
DEL00053,Unknown,Unknown,0,0,Truck,0
DEL00054,Unknown,Unknown,0,0,Truck,0
DEL00055,Unknown,Unknown,0,0,Truck,0
DEL00056,Unknown,Unknown,0,0,Truck,0
DEL00057,Unknown,Unknown,0,0,Truck,0
DEL00058,Unknown,Unknown,0,0,Truck,0
DEL00059,Unknown,Unknown,0,0,Truck,0
DEL00060,Unknown,Unknown,0,0,Truck,0
DEL00061,Unknown,Unknown,0,0,Truck,0
DEL00062,Unknown,Unknown,0,0,Truck,0
DEL00063,Unknown,Unknown,0,0,Truck,0
DEL00064,Unknown,Unknown,0,0,Truck,0
DEL00065,Unknown,Unknown,0,0,Truck,0
DEL00066,Unknown,Unknown,0,0,Truck,0
DEL00067,Unknown,Unknown,0,0,Truck,0
DEL00068,Unknown,Unknown,0,0,Truck,0
DEL00069,Unknown,Unknown,0,0,Truck,0
DEL00070,Unknown,Unknown,0,0,Truck,0
DEL00071,Unknown,Unknown,0,0,Truck,0
DEL00072,Unknown,Unknown,0,0,Truck,0
DEL00073,Unknown,Unknown,0,0,Truck,0
DEL00074,Unknown,Unknown,0,0,Truck,0
DEL00075,Unknown,Unknown,0,0,Truck,0
DEL00076,Unknown,Unknown,0,0,Truck,0
DEL00077,Unknown,Unknown,0,0,Truck,0
DEL00078,Unknown,Unknown,0,0,Truck,0
DEL00079,Unknown,Unknown,0,0,Truck,0
DEL00080,Unknown,Unknown,0,0,Truck,0
DEL00081,Unknown,Unknown,0,0,Truck,0
DEL00082,Unknown,Unknown,0,0,Truck,0
DEL00083,Unknown,Unknown,0,0,Truck,0
DEL00084,Unknown,Unknown,0,0,Truck,0
DEL00085,Unknown,Unknown,0,0,Truck,0
DEL00086,Unknown,Unknown,0,0,Truck,0
DEL00087,Unknown,Unknown,0,0,Truck,0
DEL00088,Unknown,Unknown,0,0,Truck,0
DEL00089,Unknown,Unknown,0,0,Truck,0
DEL00090,Unknown,Unknown,0,0,Truck,0
DEL00091,Unknown,Unknown,0,0,Truck,0
DEL00092,Unknown,Unknown,0,0,Truck,0
DEL00093,Unknown,Unknown,0,0,Truck,0
DEL00094,Unknown,Unknown,0,0,Truck,0
DEL00095,Unknown,Unknown,0,0,Truck,0
DEL00096,Unknown,Unknown,0,0,Truck,0
DEL00097,Unknown,Unknown,0,0,Truck,0
DEL00098,Unknown,Unknown,0,0,Truck,0
DEL00099,Unknown,Unknown,0,0,Truck,0
DEL00100,Unknown,Unknown,0,0,Truck,0
DEL00101,Unknown,Unknown,0,0,Truck,0
DEL00102,Unknown,Unknown,0,0,Truck,0
DEL00103,Unknown,Unknown,0,0,Truck,0
DEL00104,Unknown,Unknown,0,0,Truck,0
DEL00105,Unknown,Unknown,0,0,Truck,0
DEL00106,Unknown,Unknown,0,0,Truck,0
DEL00107,Unknown,Unknown,0,0,Truck,0
DEL00108,Unknown,Unknown,0,0,Truck,0
DEL00109,Unknown,Unknown,0,0,Truck,0
DEL00110,Unknown,Unknown,0,0,Truck,0
DEL00111,Unknown,Unknown,0,0,Truck,0
DEL00112,Unknown,Unknown,0,0,Truck,0
DEL00113,Unknown,Unknown,0,0,Truck,0
DEL00114,Unknown,Unknown,0,0,Truck,0
DEL00115,Unknown,Unknown,0,0,Truck,0
DEL00116,Unknown,Unknown,0,0,Truck,0
DEL00117,Unknown,Unknown,0,0,Truck,0
DEL00118,Unknown,Unknown,0,0,Truck,0
DEL00119,Unknown,Unknown,0,0,Truck,0
DEL00120,Unknown,Unknown,0,0,Truck,0
DEL00121,Unknown,Unknown,0,0,Truck,0
DEL00122,Unknown,Unknown,0,0,Truck,0
DEL00123,Unknown,Unknown,0,0,Truck,0
DEL00124,Unknown,Unknown,0,0,Truck,0
DEL00125,Unknown,Unknown,0,0,Truck,0
DEL00126,Unknown,Unknown,0,0,Truck,0
DEL00127,Unknown,Unknown,0,0,Truck,0
DEL00128,Unknown,Unknown,0,0,Truck,0
DEL00129,Unknown,Unknown,0,0,Truck,0
DEL00130,Unknown,Unknown,0,0,Truck,0
DEL00131,Unknown,Unknown,0,0,Truck,0
DEL00132,Unknown,Unknown,0,0,Truck,0
DEL00133,Unknown,Unknown,0,0,Truck,0
DEL00134,Unknown,Unknown,0,0,Truck,0
DEL00135,Unknown,Unknown,0,0,Truck,0
DEL00136,Unknown,Unknown,0,0,Truck,0
DEL00137,Unknown,Unknown,0,0,Truck,0
DEL00138,Unknown,Unknown,0,0,Truck,0
DEL00139,Unknown,Unknown,0,0,Truck,0
DEL00140,Unknown,Unknown,0,0,Truck,0
DEL00141,Unknown,Unknown,0,0,Truck,0
DEL00142,Unknown,Unknown,0,0,Truck,0
DEL00143,Unknown,Unknown,0,0,Truck,0
DEL00144,Unknown,Unknown,0,0,Truck,0
DEL00145,Unknown,Unknown,0,0,Truck,0
DEL00146,Unknown,Unknown,0,0,Truck,0
DEL00147,Unknown,Unknown,0,0,Truck,0
DEL00148,Unknown,Unknown,0,0,Truck,0
DEL00149,Unknown,Unknown,0,0,Truck,0
DEL00150,Unknown,Unknown,0,0,Truck,0
DEL00151,Unknown,Unknown,0,0,Truck,0
DEL00152,Unknown,Unknown,0,0,Truck,0
DEL00153,Unknown,Unknown,0,0,Truck,0
DEL00154,Unknown,Unknown,0,0,Truck,0
DEL00155,Unknown,Unknown,0,0,Truck,0
DEL00156,Unknown,Unknown,0,0,Truck,0
DEL00157,Unknown,Unknown,0,0,Truck,0
DEL00158,Unknown,Unknown,0,0,Truck,0
DEL00159,Unknown,Unknown,0,0,Truck,0
DEL00160,Unknown,Unknown,0,0,Truck,0
DEL00161,Unknown,Unknown,0,0,Truck,0
DEL00162,Unknown,Unknown,0,0,Truck,0
DEL00163,Unknown,Unknown,0,0,Truck,0
DEL00164,Unknown,Unknown,0,0,Truck,0
DEL00165,Unknown,Unknown,0,0,Truck,0
DEL00166,Unknown,Unknown,0,0,Truck,0
DEL00167,Unknown,Unknown,0,0,Truck,0
DEL00168,Unknown,Unknown,0,0,Truck,0
DEL00169,Unknown,Unknown,0,0,Truck,0
DEL00170,Unknown,Unknown,0,0,Truck,0
DEL00171,Unknown,Unknown,0,0,Truck,0
DEL00172,Unknown,Unknown,0,0,Truck,0
DEL00173,Unknown,Unknown,0,0,Truck,0
DEL00174,Unknown,Unknown,0,0,Truck,0
DEL00175,Unknown,Unknown,0,0,Truck,0
DEL00176,Unknown,Unknown,0,0,Truck,0
DEL00177,Unknown,Unknown,0,0,Truck,0
DEL00178,Unknown,Unknown,0,0,Truck,0
DEL00179,Unknown,Unknown,0,0,Truck,0
DEL00180,Unknown,Unknown,0,0,Truck,0
DEL00181,Unknown,Unknown,0,0,Truck,0
DEL00182,Unknown,Unknown,0,0,Truck,0
DEL00183,Unknown,Unknown,0,0,Truck,0
DEL00184,Unknown,Unknown,0,0,Truck,0
DEL00185,Unknown,Unknown,0,0,Truck,0
DEL00186,Unknown,Unknown,0,0,Truck,0
DEL00187,Unknown,Unknown,0,0,Truck,0
DEL00188,Unknown,Unknown,0,0,Truck,0
DEL00189,Unknown,Unknown,0,0,Truck,0
DEL00190,Unknown,Unknown,0,0,Truck,0
DEL00191,Unknown,Unknown,0,0,Truck,0
DEL00192,Unknown,Unknown,0,0,Truck,0
DEL00193,Unknown,Unknown,0,0,Truck,0
DEL00194,Unknown,Unknown,0,0,Truck,0
DEL00195,Unknown,Unknown,0,0,Truck,0
DEL00196,Unknown,Unknown,0,0,Truck,0
DEL00197,Unknown,Unknown,0,0,Truck,0
DEL00198,Unknown,Unknown,0,0,Truck,0
DEL00199,Unknown,Unknown,0,0,Truck,0
DEL00200,Unknown,Unknown,0,0,Truck,0
DEL00201,Unknown,Unknown,0,0,Truck,0
DEL00202,Unknown,Unknown,0,0,Truck,0
DEL00203,Unknown,Unknown,0,0,Truck,0
DEL00204,Unknown,Unknown,0,0,Truck,0
DEL00205,Unknown,Unknown,0,0,Truck,0
DEL00206,Unknown,Unknown,0,0,Truck,0
DEL00207,Unknown,Unknown,0,0,Truck,0
DEL00208,Unknown,Unknown,0,0,Truck,0
DEL00209,Unknown,Unknown,0,0,Truck,0
DEL00210,Unknown,Unknown,0,0,Truck,0
DEL00211,Unknown,Unknown,0,0,Truck,0
DEL00212,Unknown,Unknown,0,0,Truck,0
DEL00213,Unknown,Unknown,0,0,Truck,0
DEL00214,Unknown,Unknown,0,0,Truck,0
DEL00215,Unknown,Unknown,0,0,Truck,0
DEL00216,Unknown,Unknown,0,0,Truck,0
DEL00217,Unknown,Unknown,0,0,Truck,0
DEL00218,Unknown,Unknown,0,0,Truck,0
DEL00219,Unknown,Unknown,0,0,Truck,0
DEL00220,Unknown,Unknown,0,0,Truck,0
DEL00221,Unknown,Unknown,0,0,Truck,0
DEL00222,Unknown,Unknown,0,0,Truck,0
DEL00223,Unknown,Unknown,0,0,Truck,0
DEL00224,Unknown,Unknown,0,0,Truck,0
DEL00225,Unknown,Unknown,0,0,Truck,0
DEL00226,Unknown,Unknown,0,0,Truck,0
DEL00227,Unknown,Unknown,0,0,Truck,0
DEL00228,Unknown,Unknown,0,0,Truck,0
DEL00229,Unknown,Unknown,0,0,Truck,0
DEL00230,Unknown,Unknown,0,0,Truck,0
DEL00231,Unknown,Unknown,0,0,Truck,0
DEL00232,Unknown,Unknown,0,0,Truck,0
DEL00233,Unknown,Unknown,0,0,Truck,0
DEL00234,Unknown,Unknown,0,0,Truck,0
DEL00235,Unknown,Unknown,0,0,Truck,0
DEL00236,Unknown,Unknown,0,0,Truck,0
DEL00237,Unknown,Unknown,0,0,Truck,0
DEL00238,Unknown,Unknown,0,0,Truck,0
DEL00239,Unknown,Unknown,0,0,Truck,0
DEL00240,Unknown,Unknown,0,0,Truck,0
DEL00241,Unknown,Unknown,0,0,Truck,0
DEL00242,Unknown,Unknown,0,0,Truck,0
DEL00243,Unknown,Unknown,0,0,Truck,0
DEL00244,Unknown,Unknown,0,0,Truck,0
DEL00245,Unknown,Unknown,0,0,Truck,0
DEL00246,Unknown,Unknown,0,0,Truck,0
DEL00247,Unknown,Unknown,0,0,Truck,0
DEL00248,Unknown,Unknown,0,0,Truck,0
DEL00249,Unknown,Unknown,0,0,Truck,0
DEL00250,Unknown,Unknown,0,0,Truck,0
DEL00251,Unknown,Unknown,0,0,Truck,0
DEL00252,Unknown,Unknown,0,0,Truck,0
DEL00253,Unknown,Unknown,0,0,Truck,0
DEL00254,Unknown,Unknown,0,0,Truck,0
DEL00255,Unknown,Unknown,0,0,Truck,0
DEL00256,Unknown,Unknown,0,0,Truck,0
DEL00257,Unknown,Unknown,0,0,Truck,0
DEL00258,Unknown,Unknown,0,0,Truck,0
DEL00259,Unknown,Unknown,0,0,Truck,0
DEL00260,Unknown,Unknown,0,0,Truck,0
DEL00261,Unknown,Unknown,0,0,Truck,0
DEL00262,Unknown,Unknown,0,0,Truck,0
DEL00263,Unknown,Unknown,0,0,Truck,0
DEL00264,Unknown,Unknown,0,0,Truck,0
DEL00265,Unknown,Unknown,0,0,Truck,0
DEL00266,Unknown,Unknown,0,0,Truck,0
DEL00267,Unknown,Unknown,0,0,Truck,0
DEL00268,Unknown,Unknown,0,0,Truck,0
DEL00269,Unknown,Unknown,0,0,Truck,0
DEL00270,Unknown,Unknown,0,0,Truck,0
DEL00271,Unknown,Unknown,0,0,Truck,0
DEL00272,Unknown,Unknown,0,0,Truck,0
DEL00273,Unknown,Unknown,0,0,Truck,0
DEL00274,Unknown,Unknown,0,0,Truck,0
DEL00275,Unknown,Unknown,0,0,Truck,0
DEL00276,Unknown,Unknown,0,0,Truck,0
DEL00277,Unknown,Unknown,0,0,Truck,0
DEL00278,Unknown,Unknown,0,0,Truck,0
DEL00279,Unknown,Unknown,0,0,Truck,0
DEL00280,Unknown,Unknown,0,0,Truck,0
DEL00281,Unknown,Unknown,0,0,Truck,0
DEL00282,Unknown,Unknown,0,0,Truck,0
DEL00283,Unknown,Unknown,0,0,Truck,0
DEL00284,Unknown,Unknown,0,0,Truck,0
DEL00285,Unknown,Unknown,0,0,Truck,0
DEL00286,Unknown,Unknown,0,0,Truck,0
DEL00287,Unknown,Unknown,0,0,Truck,0
DEL00288,Unknown,Unknown,0,0,Truck,0
DEL00289,Unknown,Unknown,0,0,Truck,0
DEL00290,Unknown,Unknown,0,0,Truck,0
DEL00291,Unknown,Unknown,0,0,Truck,0
DEL00292,Unknown,Unknown,0,0,Truck,0
DEL00293,Unknown,Unknown,0,0,Truck,0
DEL00294,Unknown,Unknown,0,0,Truck,0
DEL00295,Unknown,Unknown,0,0,Truck,0
DEL00296,Unknown,Unknown,0,0,Truck,0
DEL00297,Unknown,Unknown,0,0,Truck,0
DEL00298,Unknown,Unknown,0,0,Truck,0
DEL00299,Unknown,Unknown,0,0,Truck,0
DEL00300,Unknown,Unknown,0,0,Truck,0
DEL00301,Unknown,Unknown,0,0,Truck,0
DEL00302,Unknown,Unknown,0,0,Truck,0
DEL00303,Unknown,Unknown,0,0,Truck,0
DEL00304,Unknown,Unknown,0,0,Truck,0
DEL00305,Unknown,Unknown,0,0,Truck,0
DEL00306,Unknown,Unknown,0,0,Truck,0
DEL00307,Unknown,Unknown,0,0,Truck,0
DEL00308,Unknown,Unknown,0,0,Truck,0
DEL00309,Unknown,Unknown,0,0,Truck,0
DEL00310,Unknown,Unknown,0,0,Truck,0
DEL00311,Unknown,Unknown,0,0,Truck,0
DEL00312,Unknown,Unknown,0,0,Truck,0
DEL00313,Unknown,Unknown,0,0,Truck,0
DEL00314,Unknown,Unknown,0,0,Truck,0
DEL00315,Unknown,Unknown,0,0,Truck,0
DEL00316,Unknown,Unknown,0,0,Truck,0
DEL00317,Unknown,Unknown,0,0,Truck,0
DEL00318,Unknown,Unknown,0,0,Truck,0
DEL00319,Unknown,Unknown,0,0,Truck,0
DEL00320,Unknown,Unknown,0,0,Truck,0
DEL00321,Unknown,Unknown,0,0,Truck,0
DEL00322,Unknown,Unknown,0,0,Truck,0
DEL00323,Unknown,Unknown,0,0,Truck,0
DEL00324,Unknown,Unknown,0,0,Truck,0
DEL00325,Unknown,Unknown,0,0,Truck,0
DEL00326,Unknown,Unknown,0,0,Truck,0
DEL00327,Unknown,Unknown,0,0,Truck,0
DEL00328,Unknown,Unknown,0,0,Truck,0
DEL00329,Unknown,Unknown,0,0,Truck,0
DEL00330,Unknown,Unknown,0,0,Truck,0
DEL00331,Unknown,Unknown,0,0,Truck,0
DEL00332,Unknown,Unknown,0,0,Truck,0
DEL00333,Unknown,Unknown,0,0,Truck,0
DEL00334,Unknown,Unknown,0,0,Truck,0
DEL00335,Unknown,Unknown,0,0,Truck,0
DEL00336,Unknown,Unknown,0,0,Truck,0
DEL00337,Unknown,Unknown,0,0,Truck,0
DEL00338,Unknown,Unknown,0,0,Truck,0
DEL00339,Unknown,Unknown,0,0,Truck,0
DEL00340,Unknown,Unknown,0,0,Truck,0
DEL00341,Unknown,Unknown,0,0,Truck,0
DEL00342,Unknown,Unknown,0,0,Truck,0
DEL00343,Unknown,Unknown,0,0,Truck,0
DEL00344,Unknown,Unknown,0,0,Truck,0
DEL00345,Unknown,Unknown,0,0,Truck,0
DEL00346,Unknown,Unknown,0,0,Truck,0
DEL00347,Unknown,Unknown,0,0,Truck,0
DEL00348,Unknown,Unknown,0,0,Truck,0
DEL00349,Unknown,Unknown,0,0,Truck,0
DEL00350,Unknown,Unknown,0,0,Truck,0
DEL00351,Unknown,Unknown,0,0,Truck,0
DEL00352,Unknown,Unknown,0,0,Truck,0
DEL00353,Unknown,Unknown,0,0,Truck,0
DEL00354,Unknown,Unknown,0,0,Truck,0
DEL00355,Unknown,Unknown,0,0,Truck,0
DEL00356,Unknown,Unknown,0,0,Truck,0
DEL00357,Unknown,Unknown,0,0,Truck,0
DEL00358,Unknown,Unknown,0,0,Truck,0
DEL00359,Unknown,Unknown,0,0,Truck,0
DEL00360,Unknown,Unknown,0,0,Truck,0
DEL00361,Unknown,Unknown,0,0,Truck,0
DEL00362,Unknown,Unknown,0,0,Truck,0
DEL00363,Unknown,Unknown,0,0,Truck,0
DEL00364,Unknown,Unknown,0,0,Truck,0
DEL00365,Unknown,Unknown,0,0,Truck,0
DEL00366,Unknown,Unknown,0,0,Truck,0
DEL00367,Unknown,Unknown,0,0,Truck,0
DEL00368,Unknown,Unknown,0,0,Truck,0
DEL00369,Unknown,Unknown,0,0,Truck,0
DEL00370,Unknown,Unknown,0,0,Truck,0
DEL00371,Unknown,Unknown,0,0,Truck,0
DEL00372,Unknown,Unknown,0,0,Truck,0
DEL00373,Unknown,Unknown,0,0,Truck,0
DEL00374,Unknown,Unknown,0,0,Truck,0
DEL00375,Unknown,Unknown,0,0,Truck,0
DEL00376,Unknown,Unknown,0,0,Truck,0
DEL00377,Unknown,Unknown,0,0,Truck,0
DEL00378,Unknown,Unknown,0,0,Truck,0
DEL00379,Unknown,Unknown,0,0,Truck,0
DEL00380,Unknown,Unknown,0,0,Truck,0
DEL00381,Unknown,Unknown,0,0,Truck,0
DEL00382,Unknown,Unknown,0,0,Truck,0
DEL00383,Unknown,Unknown,0,0,Truck,0
DEL00384,Unknown,Unknown,0,0,Truck,0
DEL00385,Unknown,Unknown,0,0,Truck,0
DEL00386,Unknown,Unknown,0,0,Truck,0
DEL00387,Unknown,Unknown,0,0,Truck,0
DEL00388,Unknown,Unknown,0,0,Truck,0
DEL00389,Unknown,Unknown,0,0,Truck,0
DEL00390,Unknown,Unknown,0,0,Truck,0
DEL00391,Unknown,Unknown,0,0,Truck,0
DEL00392,Unknown,Unknown,0,0,Truck,0
DEL00393,Unknown,Unknown,0,0,Truck,0
DEL00394,Unknown,Unknown,0,0,Truck,0
DEL00395,Unknown,Unknown,0,0,Truck,0
DEL00396,Unknown,Unknown,0,0,Truck,0
DEL00397,Unknown,Unknown,0,0,Truck,0
DEL00398,Unknown,Unknown,0,0,Truck,0
DEL00399,Unknown,Unknown,0,0,Truck,0
DEL00400,Unknown,Unknown,0,0,Truck,0
DEL00401,Unknown,Unknown,0,0,Truck,0
DEL00402,Unknown,Unknown,0,0,Truck,0
DEL00403,Unknown,Unknown,0,0,Truck,0
DEL00404,Unknown,Unknown,0,0,Truck,0
DEL00405,Unknown,Unknown,0,0,Truck,0
DEL00406,Unknown,Unknown,0,0,Truck,0
DEL00407,Unknown,Unknown,0,0,Truck,0
DEL00408,Unknown,Unknown,0,0,Truck,0
DEL00409,Unknown,Unknown,0,0,Truck,0
DEL00410,Unknown,Unknown,0,0,Truck,0
DEL00411,Unknown,Unknown,0,0,Truck,0
DEL00412,Unknown,Unknown,0,0,Truck,0
DEL00413,Unknown,Unknown,0,0,Truck,0
DEL00414,Unknown,Unknown,0,0,Truck,0
DEL00415,Unknown,Unknown,0,0,Truck,0
DEL00416,Unknown,Unknown,0,0,Truck,0
DEL00417,Unknown,Unknown,0,0,Truck,0
DEL00418,Unknown,Unknown,0,0,Truck,0
DEL00419,Unknown,Unknown,0,0,Truck,0
DEL00420,Unknown,Unknown,0,0,Truck,0
DEL00421,Unknown,Unknown,0,0,Truck,0
DEL00422,Unknown,Unknown,0,0,Truck,0
DEL00423,Unknown,Unknown,0,0,Truck,0
DEL00424,Unknown,Unknown,0,0,Truck,0
DEL00425,Unknown,Unknown,0,0,Truck,0
DEL00426,Unknown,Unknown,0,0,Truck,0
DEL00427,Unknown,Unknown,0,0,Truck,0
DEL00428,Unknown,Unknown,0,0,Truck,0
DEL00429,Unknown,Unknown,0,0,Truck,0
DEL00430,Unknown,Unknown,0,0,Truck,0
DEL00431,Unknown,Unknown,0,0,Truck,0
DEL00432,Unknown,Unknown,0,0,Truck,0
DEL00433,Unknown,Unknown,0,0,Truck,0
DEL00434,Unknown,Unknown,0,0,Truck,0
DEL00435,Unknown,Unknown,0,0,Truck,0
DEL00436,Unknown,Unknown,0,0,Truck,0
DEL00437,Unknown,Unknown,0,0,Truck,0
DEL00438,Unknown,Unknown,0,0,Truck,0
DEL00439,Unknown,Unknown,0,0,Truck,0
DEL00440,Unknown,Unknown,0,0,Truck,0
DEL00441,Unknown,Unknown,0,0,Truck,0
DEL00442,Unknown,Unknown,0,0,Truck,0
DEL00443,Unknown,Unknown,0,0,Truck,0
DEL00444,Unknown,Unknown,0,0,Truck,0
DEL00445,Unknown,Unknown,0,0,Truck,0
DEL00446,Unknown,Unknown,0,0,Truck,0
DEL00447,Unknown,Unknown,0,0,Truck,0
DEL00448,Unknown,Unknown,0,0,Truck,0
DEL00449,Unknown,Unknown,0,0,Truck,0
DEL00450,Unknown,Unknown,0,0,Truck,0
DEL00451,Unknown,Unknown,0,0,Truck,0
DEL00452,Unknown,Unknown,0,0,Truck,0
DEL00453,Unknown,Unknown,0,0,Truck,0
DEL00454,Unknown,Unknown,0,0,Truck,0
DEL00455,Unknown,Unknown,0,0,Truck,0
DEL00456,Unknown,Unknown,0,0,Truck,0
DEL00457,Unknown,Unknown,0,0,Truck,0
DEL00458,Unknown,Unknown,0,0,Truck,0
DEL00459,Unknown,Unknown,0,0,Truck,0
DEL00460,Unknown,Unknown,0,0,Truck,0
DEL00461,Unknown,Unknown,0,0,Truck,0
DEL00462,Unknown,Unknown,0,0,Truck,0
DEL00463,Unknown,Unknown,0,0,Truck,0
DEL00464,Unknown,Unknown,0,0,Truck,0
DEL00465,Unknown,Unknown,0,0,Truck,0
DEL00466,Unknown,Unknown,0,0,Truck,0
DEL00467,Unknown,Unknown,0,0,Truck,0
DEL00468,Unknown,Unknown,0,0,Truck,0
DEL00469,Unknown,Unknown,0,0,Truck,0
DEL00470,Unknown,Unknown,0,0,Truck,0
DEL00471,Unknown,Unknown,0,0,Truck,0
DEL00472,Unknown,Unknown,0,0,Truck,0
DEL00473,Unknown,Unknown,0,0,Truck,0
DEL00474,Unknown,Unknown,0,0,Truck,0
DEL00475,Unknown,Unknown,0,0,Truck,0
DEL00476,Unknown,Unknown,0,0,Truck,0
DEL00477,Unknown,Unknown,0,0,Truck,0
DEL00478,Unknown,Unknown,0,0,Truck,0
DEL00479,Unknown,Unknown,0,0,Truck,0
DEL00480,Unknown,Unknown,0,0,Truck,0
DEL00481,Unknown,Unknown,0,0,Truck,0
DEL00482,Unknown,Unknown,0,0,Truck,0
DEL00483,Unknown,Unknown,0,0,Truck,0
DEL00484,Unknown,Unknown,0,0,Truck,0
DEL00485,Unknown,Unknown,0,0,Truck,0
DEL00486,Unknown,Unknown,0,0,Truck,0
DEL00487,Unknown,Unknown,0,0,Truck,0
DEL00488,Unknown,Unknown,0,0,Truck,0
DEL00489,Unknown,Unknown,0,0,Truck,0
DEL00490,Unknown,Unknown,0,0,Truck,0
DEL00491,Unknown,Unknown,0,0,Truck,0
DEL00492,Unknown,Unknown,0,0,Truck,0
DEL00493,Unknown,Unknown,0,0,Truck,0
DEL00494,Unknown,Unknown,0,0,Truck,0
DEL00495,Unknown,Unknown,0,0,Truck,0
DEL00496,Unknown,Unknown,0,0,Truck,0
DEL00497,Unknown,Unknown,0,0,Truck,0
DEL00498,Unknown,Unknown,0,0,Truck,0
DEL00499,Unknown,Unknown,0,0,Truck,0
DEL00500,Unknown,Unknown,0,0,Truck,0
DEL00501,Unknown,Unknown,0,0,Truck,0
DEL00502,Unknown,Unknown,0,0,Truck,0
DEL00503,Unknown,Unknown,0,0,Truck,0
DEL00504,Unknown,Unknown,0,0,Truck,0
DEL00505,Unknown,Unknown,0,0,Truck,0
DEL00506,Unknown,Unknown,0,0,Truck,0
DEL00507,Unknown,Unknown,0,0,Truck,0
DEL00508,Unknown,Unknown,0,0,Truck,0
DEL00509,Unknown,Unknown,0,0,Truck,0
DEL00510,Unknown,Unknown,0,0,Truck,0
DEL00511,Unknown,Unknown,0,0,Truck,0
DEL00512,Unknown,Unknown,0,0,Truck,0
DEL00513,Unknown,Unknown,0,0,Truck,0
DEL00514,Unknown,Unknown,0,0,Truck,0
DEL00515,Unknown,Unknown,0,0,Truck,0
DEL00516,Unknown,Unknown,0,0,Truck,0
DEL00517,Unknown,Unknown,0,0,Truck,0
DEL00518,Unknown,Unknown,0,0,Truck,0
DEL00519,Unknown,Unknown,0,0,Truck,0
DEL00520,Unknown,Unknown,0,0,Truck,0
DEL00521,Unknown,Unknown,0,0,Truck,0
DEL00522,Unknown,Unknown,0,0,Truck,0
DEL00523,Unknown,Unknown,0,0,Truck,0
DEL00524,Unknown,Unknown,0,0,Truck,0
DEL00525,Unknown,Unknown,0,0,Truck,0
DEL00526,Unknown,Unknown,0,0,Truck,0
DEL00527,Unknown,Unknown,0,0,Truck,0
DEL00528,Unknown,Unknown,0,0,Truck,0
DEL00529,Unknown,Unknown,0,0,Truck,0
DEL00530,Unknown,Unknown,0,0,Truck,0
DEL00531,Unknown,Unknown,0,0,Truck,0
DEL00532,Unknown,Unknown,0,0,Truck,0
DEL00533,Unknown,Unknown,0,0,Truck,0
DEL00534,Unknown,Unknown,0,0,Truck,0
DEL00535,Unknown,Unknown,0,0,Truck,0
DEL00536,Unknown,Unknown,0,0,Truck,0
DEL00537,Unknown,Unknown,0,0,Truck,0
DEL00538,Unknown,Unknown,0,0,Truck,0
DEL00539,Unknown,Unknown,0,0,Truck,0
DEL00540,Unknown,Unknown,0,0,Truck,0
DEL00541,Unknown,Unknown,0,0,Truck,0
DEL00542,Unknown,Unknown,0,0,Truck,0
DEL00543,Unknown,Unknown,0,0,Truck,0
DEL00544,Unknown,Unknown,0,0,Truck,0
DEL00545,Unknown,Unknown,0,0,Truck,0
DEL00546,Unknown,Unknown,0,0,Truck,0
DEL00547,Unknown,Unknown,0,0,Truck,0
DEL00548,Unknown,Unknown,0,0,Truck,0
DEL00549,Unknown,Unknown,0,0,Truck,0
DEL00550,Unknown,Unknown,0,0,Truck,0
DEL00551,Unknown,Unknown,0,0,Truck,0
DEL00552,Unknown,Unknown,0,0,Truck,0
DEL00553,Unknown,Unknown,0,0,Truck,0
DEL00554,Unknown,Unknown,0,0,Truck,0
DEL00555,Unknown,Unknown,0,0,Truck,0
DEL00556,Unknown,Unknown,0,0,Truck,0
DEL00557,Unknown,Unknown,0,0,Truck,0
DEL00558,Unknown,Unknown,0,0,Truck,0
DEL00559,Unknown,Unknown,0,0,Truck,0
DEL00560,Unknown,Unknown,0,0,Truck,0
DEL00561,Unknown,Unknown,0,0,Truck,0
DEL00562,Unknown,Unknown,0,0,Truck,0
DEL00563,Unknown,Unknown,0,0,Truck,0
DEL00564,Unknown,Unknown,0,0,Truck,0
DEL00565,Unknown,Unknown,0,0,Truck,0
DEL00566,Unknown,Unknown,0,0,Truck,0
DEL00567,Unknown,Unknown,0,0,Truck,0
DEL00568,Unknown,Unknown,0,0,Truck,0
DEL00569,Unknown,Unknown,0,0,Truck,0
DEL00570,Unknown,Unknown,0,0,Truck,0
DEL00571,Unknown,Unknown,0,0,Truck,0
DEL00572,Unknown,Unknown,0,0,Truck,0
DEL00573,Unknown,Unknown,0,0,Truck,0
DEL00574,Unknown,Unknown,0,0,Truck,0
DEL00575,Unknown,Unknown,0,0,Truck,0
DEL00576,Unknown,Unknown,0,0,Truck,0
DEL00577,Unknown,Unknown,0,0,Truck,0
DEL00578,Unknown,Unknown,0,0,Truck,0
DEL00579,Unknown,Unknown,0,0,Truck,0
DEL00580,Unknown,Unknown,0,0,Truck,0
DEL00581,Unknown,Unknown,0,0,Truck,0
DEL00582,Unknown,Unknown,0,0,Truck,0
DEL00583,Unknown,Unknown,0,0,Truck,0
DEL00584,Unknown,Unknown,0,0,Truck,0
DEL00585,Unknown,Unknown,0,0,Truck,0
DEL00586,Unknown,Unknown,0,0,Truck,0
DEL00587,Unknown,Unknown,0,0,Truck,0
DEL00588,Unknown,Unknown,0,0,Truck,0
DEL00589,Unknown,Unknown,0,0,Truck,0
DEL00590,Unknown,Unknown,0,0,Truck,0
DEL00591,Unknown,Unknown,0,0,Truck,0
DEL00592,Unknown,Unknown,0,0,Truck,0
DEL00593,Unknown,Unknown,0,0,Truck,0
DEL00594,Unknown,Unknown,0,0,Truck,0
DEL00595,Unknown,Unknown,0,0,Truck,0
DEL00596,Unknown,Unknown,0,0,Truck,0
DEL00597,Unknown,Unknown,0,0,Truck,0
DEL00598,Unknown,Unknown,0,0,Truck,0
DEL00599,Unknown,Unknown,0,0,Truck,0
DEL00600,Unknown,Unknown,0,0,Truck,0
DEL00601,Unknown,Unknown,0,0,Truck,0
DEL00602,Unknown,Unknown,0,0,Truck,0
DEL00603,Unknown,Unknown,0,0,Truck,0
DEL00604,Unknown,Unknown,0,0,Truck,0
DEL00605,Unknown,Unknown,0,0,Truck,0
DEL00606,Unknown,Unknown,0,0,Truck,0
DEL00607,Unknown,Unknown,0,0,Truck,0
DEL00608,Unknown,Unknown,0,0,Truck,0
DEL00609,Unknown,Unknown,0,0,Truck,0
DEL00610,Unknown,Unknown,0,0,Truck,0
DEL00611,Unknown,Unknown,0,0,Truck,0
DEL00612,Unknown,Unknown,0,0,Truck,0
DEL00613,Unknown,Unknown,0,0,Truck,0
DEL00614,Unknown,Unknown,0,0,Truck,0
DEL00615,Unknown,Unknown,0,0,Truck,0
DEL00616,Unknown,Unknown,0,0,Truck,0
DEL00617,Unknown,Unknown,0,0,Truck,0
DEL00618,Unknown,Unknown,0,0,Truck,0
DEL00619,Unknown,Unknown,0,0,Truck,0
DEL00620,Unknown,Unknown,0,0,Truck,0
DEL00621,Unknown,Unknown,0,0,Truck,0
DEL00622,Unknown,Unknown,0,0,Truck,0
DEL00623,Unknown,Unknown,0,0,Truck,0
DEL00624,Unknown,Unknown,0,0,Truck,0
DEL00625,Unknown,Unknown,0,0,Truck,0
DEL00626,Unknown,Unknown,0,0,Truck,0
DEL00627,Unknown,Unknown,0,0,Truck,0
DEL00628,Unknown,Unknown,0,0,Truck,0
DEL00629,Unknown,Unknown,0,0,Truck,0
DEL00630,Unknown,Unknown,0,0,Truck,0
DEL00631,Unknown,Unknown,0,0,Truck,0
DEL00632,Unknown,Unknown,0,0,Truck,0
DEL00633,Unknown,Unknown,0,0,Truck,0
DEL00634,Unknown,Unknown,0,0,Truck,0
DEL00635,Unknown,Unknown,0,0,Truck,0
DEL00636,Unknown,Unknown,0,0,Truck,0
DEL00637,Unknown,Unknown,0,0,Truck,0
DEL00638,Unknown,Unknown,0,0,Truck,0
DEL00639,Unknown,Unknown,0,0,Truck,0
DEL00640,Unknown,Unknown,0,0,Truck,0
DEL00641,Unknown,Unknown,0,0,Truck,0
DEL00642,Unknown,Unknown,0,0,Truck,0
DEL00643,Unknown,Unknown,0,0,Truck,0
DEL00644,Unknown,Unknown,0,0,Truck,0
DEL00645,Unknown,Unknown,0,0,Truck,0
DEL00646,Unknown,Unknown,0,0,Truck,0
DEL00647,Unknown,Unknown,0,0,Truck,0
DEL00648,Unknown,Unknown,0,0,Truck,0
DEL00649,Unknown,Unknown,0,0,Truck,0
DEL00650,Unknown,Unknown,0,0,Truck,0
DEL00651,Unknown,Unknown,0,0,Truck,0
DEL00652,Unknown,Unknown,0,0,Truck,0
DEL00653,Unknown,Unknown,0,0,Truck,0
DEL00654,Unknown,Unknown,0,0,Truck,0
DEL00655,Unknown,Unknown,0,0,Truck,0
DEL00656,Unknown,Unknown,0,0,Truck,0
DEL00657,Unknown,Unknown,0,0,Truck,0
DEL00658,Unknown,Unknown,0,0,Truck,0
DEL00659,Unknown,Unknown,0,0,Truck,0
DEL00660,Unknown,Unknown,0,0,Truck,0
DEL00661,Unknown,Unknown,0,0,Truck,0
DEL00662,Unknown,Unknown,0,0,Truck,0
DEL00663,Unknown,Unknown,0,0,Truck,0
DEL00664,Unknown,Unknown,0,0,Truck,0
DEL00665,Unknown,Unknown,0,0,Truck,0
DEL00666,Unknown,Unknown,0,0,Truck,0
DEL00667,Unknown,Unknown,0,0,Truck,0
DEL00668,Unknown,Unknown,0,0,Truck,0
DEL00669,Unknown,Unknown,0,0,Truck,0
DEL00670,Unknown,Unknown,0,0,Truck,0
DEL00671,Unknown,Unknown,0,0,Truck,0
DEL00672,Unknown,Unknown,0,0,Truck,0
DEL00673,Unknown,Unknown,0,0,Truck,0
DEL00674,Unknown,Unknown,0,0,Truck,0
DEL00675,Unknown,Unknown,0,0,Truck,0
DEL00676,Unknown,Unknown,0,0,Truck,0
DEL00677,Unknown,Unknown,0,0,Truck,0
DEL00678,Unknown,Unknown,0,0,Truck,0
DEL00679,Unknown,Unknown,0,0,Truck,0
DEL00680,Unknown,Unknown,0,0,Truck,0
DEL00681,Unknown,Unknown,0,0,Truck,0
DEL00682,Unknown,Unknown,0,0,Truck,0
DEL00683,Unknown,Unknown,0,0,Truck,0
DEL00684,Unknown,Unknown,0,0,Truck,0
DEL00685,Unknown,Unknown,0,0,Truck,0
DEL00686,Unknown,Unknown,0,0,Truck,0
DEL00687,Unknown,Unknown,0,0,Truck,0
DEL00688,Unknown,Unknown,0,0,Truck,0
DEL00689,Unknown,Unknown,0,0,Truck,0
DEL00690,Unknown,Unknown,0,0,Truck,0
DEL00691,Unknown,Unknown,0,0,Truck,0
DEL00692,Unknown,Unknown,0,0,Truck,0
DEL00693,Unknown,Unknown,0,0,Truck,0
DEL00694,Unknown,Unknown,0,0,Truck,0
DEL00695,Unknown,Unknown,0,0,Truck,0
DEL00696,Unknown,Unknown,0,0,Truck,0
DEL00697,Unknown,Unknown,0,0,Truck,0
DEL00698,Unknown,Unknown,0,0,Truck,0
DEL00699,Unknown,Unknown,0,0,Truck,0
DEL00700,Unknown,Unknown,0,0,Truck,0
DEL00701,Unknown,Unknown,0,0,Truck,0
DEL00702,Unknown,Unknown,0,0,Truck,0
DEL00703,Unknown,Unknown,0,0,Truck,0
DEL00704,Unknown,Unknown,0,0,Truck,0
DEL00705,Unknown,Unknown,0,0,Truck,0
DEL00706,Unknown,Unknown,0,0,Truck,0
DEL00707,Unknown,Unknown,0,0,Truck,0
DEL00708,Unknown,Unknown,0,0,Truck,0
DEL00709,Unknown,Unknown,0,0,Truck,0
DEL00710,Unknown,Unknown,0,0,Truck,0
DEL00711,Unknown,Unknown,0,0,Truck,0
DEL00712,Unknown,Unknown,0,0,Truck,0
DEL00713,Unknown,Unknown,0,0,Truck,0
DEL00714,Unknown,Unknown,0,0,Truck,0
DEL00715,Unknown,Unknown,0,0,Truck,0
DEL00716,Unknown,Unknown,0,0,Truck,0
DEL00717,Unknown,Unknown,0,0,Truck,0
DEL00718,Unknown,Unknown,0,0,Truck,0
DEL00719,Unknown,Unknown,0,0,Truck,0
DEL00720,Unknown,Unknown,0,0,Truck,0
DEL00721,Unknown,Unknown,0,0,Truck,0
DEL00722,Unknown,Unknown,0,0,Truck,0
DEL00723,Unknown,Unknown,0,0,Truck,0
DEL00724,Unknown,Unknown,0,0,Truck,0
DEL00725,Unknown,Unknown,0,0,Truck,0
DEL00726,Unknown,Unknown,0,0,Truck,0
DEL00727,Unknown,Unknown,0,0,Truck,0
DEL00728,Unknown,Unknown,0,0,Truck,0
DEL00729,Unknown,Unknown,0,0,Truck,0
DEL00730,Unknown,Unknown,0,0,Truck,0
DEL00731,Unknown,Unknown,0,0,Truck,0
DEL00732,Unknown,Unknown,0,0,Truck,0
DEL00733,Unknown,Unknown,0,0,Truck,0
DEL00734,Unknown,Unknown,0,0,Truck,0
DEL00735,Unknown,Unknown,0,0,Truck,0
DEL00736,Unknown,Unknown,0,0,Truck,0
DEL00737,Unknown,Unknown,0,0,Truck,0
DEL00738,Unknown,Unknown,0,0,Truck,0
DEL00739,Unknown,Unknown,0,0,Truck,0
DEL00740,Unknown,Unknown,0,0,Truck,0
DEL00741,Unknown,Unknown,0,0,Truck,0
DEL00742,Unknown,Unknown,0,0,Truck,0
DEL00743,Unknown,Unknown,0,0,Truck,0
DEL00744,Unknown,Unknown,0,0,Truck,0
DEL00745,Unknown,Unknown,0,0,Truck,0
DEL00746,Unknown,Unknown,0,0,Truck,0
DEL00747,Unknown,Unknown,0,0,Truck,0
DEL00748,Unknown,Unknown,0,0,Truck,0
DEL00749,Unknown,Unknown,0,0,Truck,0
DEL00750,Unknown,Unknown,0,0,Truck,0
DEL00751,Unknown,Unknown,0,0,Truck,0
DEL00752,Unknown,Unknown,0,0,Truck,0
DEL00753,Unknown,Unknown,0,0,Truck,0
DEL00754,Unknown,Unknown,0,0,Truck,0
DEL00755,Unknown,Unknown,0,0,Truck,0
DEL00756,Unknown,Unknown,0,0,Truck,0
DEL00757,Unknown,Unknown,0,0,Truck,0
DEL00758,Unknown,Unknown,0,0,Truck,0
DEL00759,Unknown,Unknown,0,0,Truck,0
DEL00760,Unknown,Unknown,0,0,Truck,0
DEL00761,Unknown,Unknown,0,0,Truck,0
DEL00762,Unknown,Unknown,0,0,Truck,0
DEL00763,Unknown,Unknown,0,0,Truck,0
DEL00764,Unknown,Unknown,0,0,Truck,0
DEL00765,Unknown,Unknown,0,0,Truck,0
DEL00766,Unknown,Unknown,0,0,Truck,0
DEL00767,Unknown,Unknown,0,0,Truck,0
DEL00768,Unknown,Unknown,0,0,Truck,0
DEL00769,Unknown,Unknown,0,0,Truck,0
DEL00770,Unknown,Unknown,0,0,Truck,0
DEL00771,Unknown,Unknown,0,0,Truck,0
DEL00772,Unknown,Unknown,0,0,Truck,0
DEL00773,Unknown,Unknown,0,0,Truck,0
DEL00774,Unknown,Unknown,0,0,Truck,0
DEL00775,Unknown,Unknown,0,0,Truck,0
DEL00776,Unknown,Unknown,0,0,Truck,0
DEL00777,Unknown,Unknown,0,0,Truck,0
DEL00778,Unknown,Unknown,0,0,Truck,0
DEL00779,Unknown,Unknown,0,0,Truck,0
DEL00780,Unknown,Unknown,0,0,Truck,0
DEL00781,Unknown,Unknown,0,0,Truck,0
DEL00782,Unknown,Unknown,0,0,Truck,0
DEL00783,Unknown,Unknown,0,0,Truck,0
DEL00784,Unknown,Unknown,0,0,Truck,0
DEL00785,Unknown,Unknown,0,0,Truck,0
DEL00786,Unknown,Unknown,0,0,Truck,0
DEL00787,Unknown,Unknown,0,0,Truck,0
DEL00788,Unknown,Unknown,0,0,Truck,0
DEL00789,Unknown,Unknown,0,0,Truck,0
DEL00790,Unknown,Unknown,0,0,Truck,0
DEL00791,Unknown,Unknown,0,0,Truck,0
DEL00792,Unknown,Unknown,0,0,Truck,0
DEL00793,Unknown,Unknown,0,0,Truck,0
DEL00794,Unknown,Unknown,0,0,Truck,0
DEL00795,Unknown,Unknown,0,0,Truck,0
DEL00796,Unknown,Unknown,0,0,Truck,0
DEL00797,Unknown,Unknown,0,0,Truck,0
DEL00798,Unknown,Unknown,0,0,Truck,0
DEL00799,Unknown,Unknown,0,0,Truck,0
DEL00800,Unknown,Unknown,0,0,Truck,0
DEL00801,Unknown,Unknown,0,0,Truck,0
DEL00802,Unknown,Unknown,0,0,Truck,0
DEL00803,Unknown,Unknown,0,0,Truck,0
DEL00804,Unknown,Unknown,0,0,Truck,0
DEL00805,Unknown,Unknown,0,0,Truck,0
DEL00806,Unknown,Unknown,0,0,Truck,0
DEL00807,Unknown,Unknown,0,0,Truck,0
DEL00808,Unknown,Unknown,0,0,Truck,0
DEL00809,Unknown,Unknown,0,0,Truck,0
DEL00810,Unknown,Unknown,0,0,Truck,0
DEL00811,Unknown,Unknown,0,0,Truck,0
DEL00812,Unknown,Unknown,0,0,Truck,0
DEL00813,Unknown,Unknown,0,0,Truck,0
DEL00814,Unknown,Unknown,0,0,Truck,0
DEL00815,Unknown,Unknown,0,0,Truck,0
DEL00816,Unknown,Unknown,0,0,Truck,0
DEL00817,Unknown,Unknown,0,0,Truck,0
DEL00818,Unknown,Unknown,0,0,Truck,0
DEL00819,Unknown,Unknown,0,0,Truck,0
DEL00820,Unknown,Unknown,0,0,Truck,0
DEL00821,Unknown,Unknown,0,0,Truck,0
DEL00822,Unknown,Unknown,0,0,Truck,0
DEL00823,Unknown,Unknown,0,0,Truck,0
DEL00824,Unknown,Unknown,0,0,Truck,0
DEL00825,Unknown,Unknown,0,0,Truck,0
DEL00826,Unknown,Unknown,0,0,Truck,0
DEL00827,Unknown,Unknown,0,0,Truck,0
DEL00828,Unknown,Unknown,0,0,Truck,0
DEL00829,Unknown,Unknown,0,0,Truck,0
DEL00830,Unknown,Unknown,0,0,Truck,0
DEL00831,Unknown,Unknown,0,0,Truck,0
DEL00832,Unknown,Unknown,0,0,Truck,0
DEL00833,Unknown,Unknown,0,0,Truck,0
DEL00834,Unknown,Unknown,0,0,Truck,0
DEL00835,Unknown,Unknown,0,0,Truck,0
DEL00836,Unknown,Unknown,0,0,Truck,0
DEL00837,Unknown,Unknown,0,0,Truck,0
DEL00838,Unknown,Unknown,0,0,Truck,0
DEL00839,Unknown,Unknown,0,0,Truck,0
DEL00840,Unknown,Unknown,0,0,Truck,0
DEL00841,Unknown,Unknown,0,0,Truck,0
DEL00842,Unknown,Unknown,0,0,Truck,0
DEL00843,Unknown,Unknown,0,0,Truck,0
DEL00844,Unknown,Unknown,0,0,Truck,0
DEL00845,Unknown,Unknown,0,0,Truck,0
DEL00846,Unknown,Unknown,0,0,Truck,0
DEL00847,Unknown,Unknown,0,0,Truck,0
DEL00848,Unknown,Unknown,0,0,Truck,0
DEL00849,Unknown,Unknown,0,0,Truck,0
DEL00850,Unknown,Unknown,0,0,Truck,0
DEL00851,Unknown,Unknown,0,0,Truck,0
DEL00852,Unknown,Unknown,0,0,Truck,0
DEL00853,Unknown,Unknown,0,0,Truck,0
DEL00854,Unknown,Unknown,0,0,Truck,0
DEL00855,Unknown,Unknown,0,0,Truck,0
DEL00856,Unknown,Unknown,0,0,Truck,0
DEL00857,Unknown,Unknown,0,0,Truck,0
DEL00858,Unknown,Unknown,0,0,Truck,0
DEL00859,Unknown,Unknown,0,0,Truck,0
DEL00860,Unknown,Unknown,0,0,Truck,0
DEL00861,Unknown,Unknown,0,0,Truck,0
DEL00862,Unknown,Unknown,0,0,Truck,0
DEL00863,Unknown,Unknown,0,0,Truck,0
DEL00864,Unknown,Unknown,0,0,Truck,0
DEL00865,Unknown,Unknown,0,0,Truck,0
DEL00866,Unknown,Unknown,0,0,Truck,0
DEL00867,Unknown,Unknown,0,0,Truck,0
DEL00868,Unknown,Unknown,0,0,Truck,0
DEL00869,Unknown,Unknown,0,0,Truck,0
DEL00870,Unknown,Unknown,0,0,Truck,0
DEL00871,Unknown,Unknown,0,0,Truck,0
DEL00872,Unknown,Unknown,0,0,Truck,0
DEL00873,Unknown,Unknown,0,0,Truck,0
DEL00874,Unknown,Unknown,0,0,Truck,0
DEL00875,Unknown,Unknown,0,0,Truck,0
DEL00876,Unknown,Unknown,0,0,Truck,0
DEL00877,Unknown,Unknown,0,0,Truck,0
DEL00878,Unknown,Unknown,0,0,Truck,0
DEL00879,Unknown,Unknown,0,0,Truck,0
DEL00880,Unknown,Unknown,0,0,Truck,0
DEL00881,Unknown,Unknown,0,0,Truck,0
DEL00882,Unknown,Unknown,0,0,Truck,0
DEL00883,Unknown,Unknown,0,0,Truck,0
DEL00884,Unknown,Unknown,0,0,Truck,0
DEL00885,Unknown,Unknown,0,0,Truck,0
DEL00886,Unknown,Unknown,0,0,Truck,0
DEL00887,Unknown,Unknown,0,0,Truck,0
DEL00888,Unknown,Unknown,0,0,Truck,0
DEL00889,Unknown,Unknown,0,0,Truck,0
DEL00890,Unknown,Unknown,0,0,Truck,0
DEL00891,Unknown,Unknown,0,0,Truck,0
DEL00892,Unknown,Unknown,0,0,Truck,0
DEL00893,Unknown,Unknown,0,0,Truck,0
DEL00894,Unknown,Unknown,0,0,Truck,0
DEL00895,Unknown,Unknown,0,0,Truck,0
DEL00896,Unknown,Unknown,0,0,Truck,0
DEL00897,Unknown,Unknown,0,0,Truck,0
DEL00898,Unknown,Unknown,0,0,Truck,0
DEL00899,Unknown,Unknown,0,0,Truck,0
DEL00900,Unknown,Unknown,0,0,Truck,0
DEL00901,Unknown,Unknown,0,0,Truck,0
DEL00902,Unknown,Unknown,0,0,Truck,0
DEL00903,Unknown,Unknown,0,0,Truck,0
DEL00904,Unknown,Unknown,0,0,Truck,0
DEL00905,Unknown,Unknown,0,0,Truck,0
DEL00906,Unknown,Unknown,0,0,Truck,0
DEL00907,Unknown,Unknown,0,0,Truck,0
DEL00908,Unknown,Unknown,0,0,Truck,0
DEL00909,Unknown,Unknown,0,0,Truck,0
DEL00910,Unknown,Unknown,0,0,Truck,0
DEL00911,Unknown,Unknown,0,0,Truck,0
DEL00912,Unknown,Unknown,0,0,Truck,0
DEL00913,Unknown,Unknown,0,0,Truck,0
DEL00914,Unknown,Unknown,0,0,Truck,0
DEL00915,Unknown,Unknown,0,0,Truck,0
DEL00916,Unknown,Unknown,0,0,Truck,0
DEL00917,Unknown,Unknown,0,0,Truck,0
DEL00918,Unknown,Unknown,0,0,Truck,0
DEL00919,Unknown,Unknown,0,0,Truck,0
DEL00920,Unknown,Unknown,0,0,Truck,0
DEL00921,Unknown,Unknown,0,0,Truck,0
DEL00922,Unknown,Unknown,0,0,Truck,0
DEL00923,Unknown,Unknown,0,0,Truck,0
DEL00924,Unknown,Unknown,0,0,Truck,0
DEL00925,Unknown,Unknown,0,0,Truck,0
DEL00926,Unknown,Unknown,0,0,Truck,0
DEL00927,Unknown,Unknown,0,0,Truck,0
DEL00928,Unknown,Unknown,0,0,Truck,0
DEL00929,Unknown,Unknown,0,0,Truck,0
DEL00930,Unknown,Unknown,0,0,Truck,0
DEL00931,Unknown,Unknown,0,0,Truck,0
DEL00932,Unknown,Unknown,0,0,Truck,0
DEL00933,Unknown,Unknown,0,0,Truck,0
DEL00934,Unknown,Unknown,0,0,Truck,0
DEL00935,Unknown,Unknown,0,0,Truck,0
DEL00936,Unknown,Unknown,0,0,Truck,0
DEL00937,Unknown,Unknown,0,0,Truck,0
DEL00938,Unknown,Unknown,0,0,Truck,0
DEL00939,Unknown,Unknown,0,0,Truck,0
DEL00940,Unknown,Unknown,0,0,Truck,0
DEL00941,Unknown,Unknown,0,0,Truck,0
DEL00942,Unknown,Unknown,0,0,Truck,0
DEL00943,Unknown,Unknown,0,0,Truck,0
DEL00944,Unknown,Unknown,0,0,Truck,0
DEL00945,Unknown,Unknown,0,0,Truck,0
DEL00946,Unknown,Unknown,0,0,Truck,0
DEL00947,Unknown,Unknown,0,0,Truck,0
DEL00948,Unknown,Unknown,0,0,Truck,0
DEL00949,Unknown,Unknown,0,0,Truck,0
DEL00950,Unknown,Unknown,0,0,Truck,0
DEL00951,Unknown,Unknown,0,0,Truck,0
DEL00952,Unknown,Unknown,0,0,Truck,0
DEL00953,Unknown,Unknown,0,0,Truck,0
DEL00954,Unknown,Unknown,0,0,Truck,0
DEL00955,Unknown,Unknown,0,0,Truck,0
DEL00956,Unknown,Unknown,0,0,Truck,0
DEL00957,Unknown,Unknown,0,0,Truck,0
DEL00958,Unknown,Unknown,0,0,Truck,0
DEL00959,Unknown,Unknown,0,0,Truck,0
DEL00960,Unknown,Unknown,0,0,Truck,0
DEL00961,Unknown,Unknown,0,0,Truck,0
DEL00962,Unknown,Unknown,0,0,Truck,0
DEL00963,Unknown,Unknown,0,0,Truck,0
DEL00964,Unknown,Unknown,0,0,Truck,0
DEL00965,Unknown,Unknown,0,0,Truck,0
DEL00966,Unknown,Unknown,0,0,Truck,0
DEL00967,Unknown,Unknown,0,0,Truck,0
DEL00968,Unknown,Unknown,0,0,Truck,0
DEL00969,Unknown,Unknown,0,0,Truck,0
DEL00970,Unknown,Unknown,0,0,Truck,0
DEL00971,Unknown,Unknown,0,0,Truck,0
DEL00972,Unknown,Unknown,0,0,Truck,0
DEL00973,Unknown,Unknown,0,0,Truck,0
DEL00974,Unknown,Unknown,0,0,Truck,0
DEL00975,Unknown,Unknown,0,0,Truck,0
DEL00976,Unknown,Unknown,0,0,Truck,0
DEL00977,Unknown,Unknown,0,0,Truck,0
DEL00978,Unknown,Unknown,0,0,Truck,0
DEL00979,Unknown,Unknown,0,0,Truck,0
DEL00980,Unknown,Unknown,0,0,Truck,0
DEL00981,Unknown,Unknown,0,0,Truck,0
DEL00982,Unknown,Unknown,0,0,Truck,0
DEL00983,Unknown,Unknown,0,0,Truck,0
DEL00984,Unknown,Unknown,0,0,Truck,0
DEL00985,Unknown,Unknown,0,0,Truck,0
DEL00986,Unknown,Unknown,0,0,Truck,0
DEL00987,Unknown,Unknown,0,0,Truck,0
DEL00988,Unknown,Unknown,0,0,Truck,0
DEL00989,Unknown,Unknown,0,0,Truck,0
DEL00990,Unknown,Unknown,0,0,Truck,0
DEL00991,Unknown,Unknown,0,0,Truck,0
DEL00992,Unknown,Unknown,0,0,Truck,0
DEL00993,Unknown,Unknown,0,0,Truck,0
DEL00994,Unknown,Unknown,0,0,Truck,0
DEL00995,Unknown,Unknown,0,0,Truck,0
DEL00996,Unknown,Unknown,0,0,Truck,0
DEL00997,Unknown,Unknown,0,0,Truck,0
DEL00998,Unknown,Unknown,0,0,Truck,0
DEL00999,Unknown,Unknown,0,0,Truck,0
DEL01000,Unknown,Unknown,0,0,Truck,0
DEL01001,Unknown,Unknown,0,0,Truck,0
DEL01002,Unknown,Unknown,0,0,Truck,0
DEL01003,Unknown,Unknown,0,0,Truck,0
DEL01004,Unknown,Unknown,0,0,Truck,0
DEL01005,Unknown,Unknown,0,0,Truck,0
DEL01006,Unknown,Unknown,0,0,Truck,0
DEL01007,Unknown,Unknown,0,0,Truck,0
DEL01008,Unknown,Unknown,0,0,Truck,0
DEL01009,Unknown,Unknown,0,0,Truck,0
DEL01010,Unknown,Unknown,0,0,Truck,0
DEL01011,Unknown,Unknown,0,0,Truck,0
DEL01012,Unknown,Unknown,0,0,Truck,0
DEL01013,Unknown,Unknown,0,0,Truck,0
DEL01014,Unknown,Unknown,0,0,Truck,0
DEL01015,Unknown,Unknown,0,0,Truck,0
DEL01016,Unknown,Unknown,0,0,Truck,0
DEL01017,Unknown,Unknown,0,0,Truck,0
DEL01018,Unknown,Unknown,0,0,Truck,0
DEL01019,Unknown,Unknown,0,0,Truck,0
DEL01020,Unknown,Unknown,0,0,Truck,0
DEL01021,Unknown,Unknown,0,0,Truck,0
DEL01022,Unknown,Unknown,0,0,Truck,0
DEL01023,Unknown,Unknown,0,0,Truck,0
DEL01024,Unknown,Unknown,0,0,Truck,0
DEL01025,Unknown,Unknown,0,0,Truck,0
DEL01026,Unknown,Unknown,0,0,Truck,0
DEL01027,Unknown,Unknown,0,0,Truck,0
DEL01028,Unknown,Unknown,0,0,Truck,0
DEL01029,Unknown,Unknown,0,0,Truck,0
DEL01030,Unknown,Unknown,0,0,Truck,0
DEL01031,Unknown,Unknown,0,0,Truck,0
DEL01032,Unknown,Unknown,0,0,Truck,0
DEL01033,Unknown,Unknown,0,0,Truck,0
DEL01034,Unknown,Unknown,0,0,Truck,0
DEL01035,Unknown,Unknown,0,0,Truck,0
DEL01036,Unknown,Unknown,0,0,Truck,0
DEL01037,Unknown,Unknown,0,0,Truck,0
DEL01038,Unknown,Unknown,0,0,Truck,0
DEL01039,Unknown,Unknown,0,0,Truck,0
DEL01040,Unknown,Unknown,0,0,Truck,0
DEL01041,Unknown,Unknown,0,0,Truck,0
DEL01042,Unknown,Unknown,0,0,Truck,0
DEL01043,Unknown,Unknown,0,0,Truck,0
DEL01044,Unknown,Unknown,0,0,Truck,0
DEL01045,Unknown,Unknown,0,0,Truck,0
DEL01046,Unknown,Unknown,0,0,Truck,0
DEL01047,Unknown,Unknown,0,0,Truck,0
DEL01048,Unknown,Unknown,0,0,Truck,0
DEL01049,Unknown,Unknown,0,0,Truck,0
DEL01050,Unknown,Unknown,0,0,Truck,0
DEL01051,Unknown,Unknown,0,0,Truck,0
DEL01052,Unknown,Unknown,0,0,Truck,0
DEL01053,Unknown,Unknown,0,0,Truck,0
DEL01054,Unknown,Unknown,0,0,Truck,0
DEL01055,Unknown,Unknown,0,0,Truck,0
DEL01056,Unknown,Unknown,0,0,Truck,0
DEL01057,Unknown,Unknown,0,0,Truck,0
DEL01058,Unknown,Unknown,0,0,Truck,0
DEL01059,Unknown,Unknown,0,0,Truck,0
DEL01060,Unknown,Unknown,0,0,Truck,0
DEL01061,Unknown,Unknown,0,0,Truck,0
DEL01062,Unknown,Unknown,0,0,Truck,0
DEL01063,Unknown,Unknown,0,0,Truck,0
DEL01064,Unknown,Unknown,0,0,Truck,0
DEL01065,Unknown,Unknown,0,0,Truck,0
DEL01066,Unknown,Unknown,0,0,Truck,0
DEL01067,Unknown,Unknown,0,0,Truck,0
DEL01068,Unknown,Unknown,0,0,Truck,0
DEL01069,Unknown,Unknown,0,0,Truck,0
DEL01070,Unknown,Unknown,0,0,Truck,0
DEL01071,Unknown,Unknown,0,0,Truck,0
DEL01072,Unknown,Unknown,0,0,Truck,0
DEL01073,Unknown,Unknown,0,0,Truck,0
DEL01074,Unknown,Unknown,0,0,Truck,0
DEL01075,Unknown,Unknown,0,0,Truck,0
DEL01076,Unknown,Unknown,0,0,Truck,0
DEL01077,Unknown,Unknown,0,0,Truck,0
DEL01078,Unknown,Unknown,0,0,Truck,0
DEL01079,Unknown,Unknown,0,0,Truck,0
DEL01080,Unknown,Unknown,0,0,Truck,0
DEL01081,Unknown,Unknown,0,0,Truck,0
DEL01082,Unknown,Unknown,0,0,Truck,0
DEL01083,Unknown,Unknown,0,0,Truck,0
DEL01084,Unknown,Unknown,0,0,Truck,0
DEL01085,Unknown,Unknown,0,0,Truck,0
DEL01086,Unknown,Unknown,0,0,Truck,0
DEL01087,Unknown,Unknown,0,0,Truck,0
DEL01088,Unknown,Unknown,0,0,Truck,0
DEL01089,Unknown,Unknown,0,0,Truck,0
DEL01090,Unknown,Unknown,0,0,Truck,0
DEL01091,Unknown,Unknown,0,0,Truck,0
DEL01092,Unknown,Unknown,0,0,Truck,0
DEL01093,Unknown,Unknown,0,0,Truck,0
DEL01094,Unknown,Unknown,0,0,Truck,0
DEL01095,Unknown,Unknown,0,0,Truck,0
DEL01096,Unknown,Unknown,0,0,Truck,0
DEL01097,Unknown,Unknown,0,0,Truck,0
DEL01098,Unknown,Unknown,0,0,Truck,0
DEL01099,Unknown,Unknown,0,0,Truck,0
DEL01100,Unknown,Unknown,0,0,Truck,0
DEL01101,Unknown,Unknown,0,0,Truck,0
DEL01102,Unknown,Unknown,0,0,Truck,0
DEL01103,Unknown,Unknown,0,0,Truck,0
DEL01104,Unknown,Unknown,0,0,Truck,0
DEL01105,Unknown,Unknown,0,0,Truck,0
DEL01106,Unknown,Unknown,0,0,Truck,0
DEL01107,Unknown,Unknown,0,0,Truck,0
DEL01108,Unknown,Unknown,0,0,Truck,0
DEL01109,Unknown,Unknown,0,0,Truck,0
DEL01110,Unknown,Unknown,0,0,Truck,0
DEL01111,Unknown,Unknown,0,0,Truck,0
DEL01112,Unknown,Unknown,0,0,Truck,0
DEL01113,Unknown,Unknown,0,0,Truck,0
DEL01114,Unknown,Unknown,0,0,Truck,0
DEL01115,Unknown,Unknown,0,0,Truck,0
DEL01116,Unknown,Unknown,0,0,Truck,0
DEL01117,Unknown,Unknown,0,0,Truck,0
DEL01118,Unknown,Unknown,0,0,Truck,0
DEL01119,Unknown,Unknown,0,0,Truck,0
DEL01120,Unknown,Unknown,0,0,Truck,0
DEL01121,Unknown,Unknown,0,0,Truck,0
DEL01122,Unknown,Unknown,0,0,Truck,0
DEL01123,Unknown,Unknown,0,0,Truck,0
DEL01124,Unknown,Unknown,0,0,Truck,0
DEL01125,Unknown,Unknown,0,0,Truck,0
DEL01126,Unknown,Unknown,0,0,Truck,0
DEL01127,Unknown,Unknown,0,0,Truck,0
DEL01128,Unknown,Unknown,0,0,Truck,0
DEL01129,Unknown,Unknown,0,0,Truck,0
DEL01130,Unknown,Unknown,0,0,Truck,0
DEL01131,Unknown,Unknown,0,0,Truck,0
DEL01132,Unknown,Unknown,0,0,Truck,0
DEL01133,Unknown,Unknown,0,0,Truck,0
DEL01134,Unknown,Unknown,0,0,Truck,0
DEL01135,Unknown,Unknown,0,0,Truck,0
DEL01136,Unknown,Unknown,0,0,Truck,0
DEL01137,Unknown,Unknown,0,0,Truck,0
DEL01138,Unknown,Unknown,0,0,Truck,0
DEL01139,Unknown,Unknown,0,0,Truck,0
DEL01140,Unknown,Unknown,0,0,Truck,0
DEL01141,Unknown,Unknown,0,0,Truck,0
DEL01142,Unknown,Unknown,0,0,Truck,0
DEL01143,Unknown,Unknown,0,0,Truck,0
DEL01144,Unknown,Unknown,0,0,Truck,0
DEL01145,Unknown,Unknown,0,0,Truck,0
DEL01146,Unknown,Unknown,0,0,Truck,0
DEL01147,Unknown,Unknown,0,0,Truck,0
DEL01148,Unknown,Unknown,0,0,Truck,0
DEL01149,Unknown,Unknown,0,0,Truck,0
DEL01150,Unknown,Unknown,0,0,Truck,0
DEL01151,Unknown,Unknown,0,0,Truck,0
DEL01152,Unknown,Unknown,0,0,Truck,0
DEL01153,Unknown,Unknown,0,0,Truck,0
DEL01154,Unknown,Unknown,0,0,Truck,0
DEL01155,Unknown,Unknown,0,0,Truck,0
DEL01156,Unknown,Unknown,0,0,Truck,0
DEL01157,Unknown,Unknown,0,0,Truck,0
DEL01158,Unknown,Unknown,0,0,Truck,0
DEL01159,Unknown,Unknown,0,0,Truck,0
DEL01160,Unknown,Unknown,0,0,Truck,0
DEL01161,Unknown,Unknown,0,0,Truck,0
DEL01162,Unknown,Unknown,0,0,Truck,0
DEL01163,Unknown,Unknown,0,0,Truck,0
DEL01164,Unknown,Unknown,0,0,Truck,0
DEL01165,Unknown,Unknown,0,0,Truck,0
DEL01166,Unknown,Unknown,0,0,Truck,0
DEL01167,Unknown,Unknown,0,0,Truck,0
DEL01168,Unknown,Unknown,0,0,Truck,0
DEL01169,Unknown,Unknown,0,0,Truck,0
DEL01170,Unknown,Unknown,0,0,Truck,0
DEL01171,Unknown,Unknown,0,0,Truck,0
DEL01172,Unknown,Unknown,0,0,Truck,0
DEL01173,Unknown,Unknown,0,0,Truck,0
DEL01174,Unknown,Unknown,0,0,Truck,0
DEL01175,Unknown,Unknown,0,0,Truck,0
DEL01176,Unknown,Unknown,0,0,Truck,0
DEL01177,Unknown,Unknown,0,0,Truck,0
DEL01178,Unknown,Unknown,0,0,Truck,0
DEL01179,Unknown,Unknown,0,0,Truck,0
DEL01180,Unknown,Unknown,0,0,Truck,0
DEL01181,Unknown,Unknown,0,0,Truck,0
DEL01182,Unknown,Unknown,0,0,Truck,0
DEL01183,Unknown,Unknown,0,0,Truck,0
DEL01184,Unknown,Unknown,0,0,Truck,0
DEL01185,Unknown,Unknown,0,0,Truck,0
DEL01186,Unknown,Unknown,0,0,Truck,0
DEL01187,Unknown,Unknown,0,0,Truck,0
DEL01188,Unknown,Unknown,0,0,Truck,0
DEL01189,Unknown,Unknown,0,0,Truck,0
DEL01190,Unknown,Unknown,0,0,Truck,0
DEL01191,Unknown,Unknown,0,0,Truck,0
DEL01192,Unknown,Unknown,0,0,Truck,0
DEL01193,Unknown,Unknown,0,0,Truck,0
DEL01194,Unknown,Unknown,0,0,Truck,0
DEL01195,Unknown,Unknown,0,0,Truck,0
DEL01196,Unknown,Unknown,0,0,Truck,0
DEL01197,Unknown,Unknown,0,0,Truck,0
DEL01198,Unknown,Unknown,0,0,Truck,0
DEL01199,Unknown,Unknown,0,0,Truck,0
DEL01200,Unknown,Unknown,0,0,Truck,0
DEL01201,Unknown,Unknown,0,0,Truck,0
DEL01202,Unknown,Unknown,0,0,Truck,0
DEL01203,Unknown,Unknown,0,0,Truck,0
DEL01204,Unknown,Unknown,0,0,Truck,0
DEL01205,Unknown,Unknown,0,0,Truck,0
DEL01206,Unknown,Unknown,0,0,Truck,0
DEL01207,Unknown,Unknown,0,0,Truck,0
DEL01208,Unknown,Unknown,0,0,Truck,0
DEL01209,Unknown,Unknown,0,0,Truck,0
DEL01210,Unknown,Unknown,0,0,Truck,0
DEL01211,Unknown,Unknown,0,0,Truck,0
DEL01212,Unknown,Unknown,0,0,Truck,0
DEL01213,Unknown,Unknown,0,0,Truck,0
DEL01214,Unknown,Unknown,0,0,Truck,0
DEL01215,Unknown,Unknown,0,0,Truck,0
DEL01216,Unknown,Unknown,0,0,Truck,0
DEL01217,Unknown,Unknown,0,0,Truck,0
DEL01218,Unknown,Unknown,0,0,Truck,0
DEL01219,Unknown,Unknown,0,0,Truck,0
DEL01220,Unknown,Unknown,0,0,Truck,0
DEL01221,Unknown,Unknown,0,0,Truck,0
DEL01222,Unknown,Unknown,0,0,Truck,0
DEL01223,Unknown,Unknown,0,0,Truck,0
DEL01224,Unknown,Unknown,0,0,Truck,0
DEL01225,Unknown,Unknown,0,0,Truck,0
DEL01226,Unknown,Unknown,0,0,Truck,0
DEL01227,Unknown,Unknown,0,0,Truck,0
DEL01228,Unknown,Unknown,0,0,Truck,0
DEL01229,Unknown,Unknown,0,0,Truck,0
DEL01230,Unknown,Unknown,0,0,Truck,0
DEL01231,Unknown,Unknown,0,0,Truck,0
DEL01232,Unknown,Unknown,0,0,Truck,0
DEL01233,Unknown,Unknown,0,0,Truck,0
DEL01234,Unknown,Unknown,0,0,Truck,0
DEL01235,Unknown,Unknown,0,0,Truck,0
DEL01236,Unknown,Unknown,0,0,Truck,0
DEL01237,Unknown,Unknown,0,0,Truck,0
DEL01238,Unknown,Unknown,0,0,Truck,0
DEL01239,Unknown,Unknown,0,0,Truck,0
DEL01240,Unknown,Unknown,0,0,Truck,0
DEL01241,Unknown,Unknown,0,0,Truck,0
DEL01242,Unknown,Unknown,0,0,Truck,0
DEL01243,Unknown,Unknown,0,0,Truck,0
DEL01244,Unknown,Unknown,0,0,Truck,0
DEL01245,Unknown,Unknown,0,0,Truck,0
DEL01246,Unknown,Unknown,0,0,Truck,0
DEL01247,Unknown,Unknown,0,0,Truck,0
DEL01248,Unknown,Unknown,0,0,Truck,0
DEL01249,Unknown,Unknown,0,0,Truck,0
DEL01250,Unknown,Unknown,0,0,Truck,0
DEL01251,Unknown,Unknown,0,0,Truck,0
DEL01252,Unknown,Unknown,0,0,Truck,0
DEL01253,Unknown,Unknown,0,0,Truck,0
DEL01254,Unknown,Unknown,0,0,Truck,0
DEL01255,Unknown,Unknown,0,0,Truck,0
DEL01256,Unknown,Unknown,0,0,Truck,0
DEL01257,Unknown,Unknown,0,0,Truck,0
DEL01258,Unknown,Unknown,0,0,Truck,0
DEL01259,Unknown,Unknown,0,0,Truck,0
DEL01260,Unknown,Unknown,0,0,Truck,0
DEL01261,Unknown,Unknown,0,0,Truck,0
DEL01262,Unknown,Unknown,0,0,Truck,0
DEL01263,Unknown,Unknown,0,0,Truck,0
DEL01264,Unknown,Unknown,0,0,Truck,0
DEL01265,Unknown,Unknown,0,0,Truck,0
DEL01266,Unknown,Unknown,0,0,Truck,0
DEL01267,Unknown,Unknown,0,0,Truck,0
DEL01268,Unknown,Unknown,0,0,Truck,0
DEL01269,Unknown,Unknown,0,0,Truck,0
DEL01270,Unknown,Unknown,0,0,Truck,0
DEL01271,Unknown,Unknown,0,0,Truck,0
DEL01272,Unknown,Unknown,0,0,Truck,0
DEL01273,Unknown,Unknown,0,0,Truck,0
DEL01274,Unknown,Unknown,0,0,Truck,0
DEL01275,Unknown,Unknown,0,0,Truck,0
DEL01276,Unknown,Unknown,0,0,Truck,0
DEL01277,Unknown,Unknown,0,0,Truck,0
DEL01278,Unknown,Unknown,0,0,Truck,0
DEL01279,Unknown,Unknown,0,0,Truck,0
DEL01280,Unknown,Unknown,0,0,Truck,0
DEL01281,Unknown,Unknown,0,0,Truck,0
DEL01282,Unknown,Unknown,0,0,Truck,0
DEL01283,Unknown,Unknown,0,0,Truck,0
DEL01284,Unknown,Unknown,0,0,Truck,0
DEL01285,Unknown,Unknown,0,0,Truck,0
DEL01286,Unknown,Unknown,0,0,Truck,0
DEL01287,Unknown,Unknown,0,0,Truck,0
DEL01288,Unknown,Unknown,0,0,Truck,0
DEL01289,Unknown,Unknown,0,0,Truck,0
DEL01290,Unknown,Unknown,0,0,Truck,0
DEL01291,Unknown,Unknown,0,0,Truck,0
DEL01292,Unknown,Unknown,0,0,Truck,0
DEL01293,Unknown,Unknown,0,0,Truck,0
DEL01294,Unknown,Unknown,0,0,Truck,0
DEL01295,Unknown,Unknown,0,0,Truck,0
DEL01296,Unknown,Unknown,0,0,Truck,0
DEL01297,Unknown,Unknown,0,0,Truck,0
DEL01298,Unknown,Unknown,0,0,Truck,0
DEL01299,Unknown,Unknown,0,0,Truck,0
DEL01300,Unknown,Unknown,0,0,Truck,0
DEL01301,Unknown,Unknown,0,0,Truck,0
DEL01302,Unknown,Unknown,0,0,Truck,0
DEL01303,Unknown,Unknown,0,0,Truck,0
DEL01304,Unknown,Unknown,0,0,Truck,0
DEL01305,Unknown,Unknown,0,0,Truck,0
DEL01306,Unknown,Unknown,0,0,Truck,0
DEL01307,Unknown,Unknown,0,0,Truck,0
DEL01308,Unknown,Unknown,0,0,Truck,0
DEL01309,Unknown,Unknown,0,0,Truck,0
DEL01310,Unknown,Unknown,0,0,Truck,0
DEL01311,Unknown,Unknown,0,0,Truck,0
DEL01312,Unknown,Unknown,0,0,Truck,0
DEL01313,Unknown,Unknown,0,0,Truck,0
DEL01314,Unknown,Unknown,0,0,Truck,0
DEL01315,Unknown,Unknown,0,0,Truck,0
DEL01316,Unknown,Unknown,0,0,Truck,0
DEL01317,Unknown,Unknown,0,0,Truck,0
DEL01318,Unknown,Unknown,0,0,Truck,0
DEL01319,Unknown,Unknown,0,0,Truck,0
DEL01320,Unknown,Unknown,0,0,Truck,0
DEL01321,Unknown,Unknown,0,0,Truck,0
DEL01322,Unknown,Unknown,0,0,Truck,0
DEL01323,Unknown,Unknown,0,0,Truck,0
DEL01324,Unknown,Unknown,0,0,Truck,0
DEL01325,Unknown,Unknown,0,0,Truck,0
DEL01326,Unknown,Unknown,0,0,Truck,0
DEL01327,Unknown,Unknown,0,0,Truck,0
DEL01328,Unknown,Unknown,0,0,Truck,0
DEL01329,Unknown,Unknown,0,0,Truck,0
DEL01330,Unknown,Unknown,0,0,Truck,0
DEL01331,Unknown,Unknown,0,0,Truck,0
DEL01332,Unknown,Unknown,0,0,Truck,0
DEL01333,Unknown,Unknown,0,0,Truck,0
DEL01334,Unknown,Unknown,0,0,Truck,0
DEL01335,Unknown,Unknown,0,0,Truck,0
DEL01336,Unknown,Unknown,0,0,Truck,0
DEL01337,Unknown,Unknown,0,0,Truck,0
DEL01338,Unknown,Unknown,0,0,Truck,0
DEL01339,Unknown,Unknown,0,0,Truck,0
DEL01340,Unknown,Unknown,0,0,Truck,0
DEL01341,Unknown,Unknown,0,0,Truck,0
DEL01342,Unknown,Unknown,0,0,Truck,0
DEL01343,Unknown,Unknown,0,0,Truck,0
DEL01344,Unknown,Unknown,0,0,Truck,0
DEL01345,Unknown,Unknown,0,0,Truck,0
DEL01346,Unknown,Unknown,0,0,Truck,0
DEL01347,Unknown,Unknown,0,0,Truck,0
DEL01348,Unknown,Unknown,0,0,Truck,0
DEL01349,Unknown,Unknown,0,0,Truck,0
DEL01350,Unknown,Unknown,0,0,Truck,0
DEL01351,Unknown,Unknown,0,0,Truck,0
DEL01352,Unknown,Unknown,0,0,Truck,0
DEL01353,Unknown,Unknown,0,0,Truck,0
DEL01354,Unknown,Unknown,0,0,Truck,0
DEL01355,Unknown,Unknown,0,0,Truck,0
DEL01356,Unknown,Unknown,0,0,Truck,0
DEL01357,Unknown,Unknown,0,0,Truck,0
DEL01358,Unknown,Unknown,0,0,Truck,0
DEL01359,Unknown,Unknown,0,0,Truck,0
DEL01360,Unknown,Unknown,0,0,Truck,0
DEL01361,Unknown,Unknown,0,0,Truck,0
DEL01362,Unknown,Unknown,0,0,Truck,0
DEL01363,Unknown,Unknown,0,0,Truck,0
DEL01364,Unknown,Unknown,0,0,Truck,0
DEL01365,Unknown,Unknown,0,0,Truck,0
DEL01366,Unknown,Unknown,0,0,Truck,0
DEL01367,Unknown,Unknown,0,0,Truck,0
DEL01368,Unknown,Unknown,0,0,Truck,0
DEL01369,Unknown,Unknown,0,0,Truck,0
DEL01370,Unknown,Unknown,0,0,Truck,0
DEL01371,Unknown,Unknown,0,0,Truck,0
DEL01372,Unknown,Unknown,0,0,Truck,0
DEL01373,Unknown,Unknown,0,0,Truck,0
DEL01374,Unknown,Unknown,0,0,Truck,0
DEL01375,Unknown,Unknown,0,0,Truck,0
DEL01376,Unknown,Unknown,0,0,Truck,0
DEL01377,Unknown,Unknown,0,0,Truck,0
DEL01378,Unknown,Unknown,0,0,Truck,0
DEL01379,Unknown,Unknown,0,0,Truck,0
DEL01380,Unknown,Unknown,0,0,Truck,0
DEL01381,Unknown,Unknown,0,0,Truck,0
DEL01382,Unknown,Unknown,0,0,Truck,0
DEL01383,Unknown,Unknown,0,0,Truck,0
DEL01384,Unknown,Unknown,0,0,Truck,0
DEL01385,Unknown,Unknown,0,0,Truck,0
DEL01386,Unknown,Unknown,0,0,Truck,0
DEL01387,Unknown,Unknown,0,0,Truck,0
DEL01388,Unknown,Unknown,0,0,Truck,0
DEL01389,Unknown,Unknown,0,0,Truck,0
DEL01390,Unknown,Unknown,0,0,Truck,0
DEL01391,Unknown,Unknown,0,0,Truck,0
DEL01392,Unknown,Unknown,0,0,Truck,0
DEL01393,Unknown,Unknown,0,0,Truck,0
DEL01394,Unknown,Unknown,0,0,Truck,0
DEL01395,Unknown,Unknown,0,0,Truck,0
DEL01396,Unknown,Unknown,0,0,Truck,0
DEL01397,Unknown,Unknown,0,0,Truck,0
DEL01398,Unknown,Unknown,0,0,Truck,0
DEL01399,Unknown,Unknown,0,0,Truck,0
DEL01400,Unknown,Unknown,0,0,Truck,0
DEL01401,Unknown,Unknown,0,0,Truck,0
DEL01402,Unknown,Unknown,0,0,Truck,0
DEL01403,Unknown,Unknown,0,0,Truck,0
DEL01404,Unknown,Unknown,0,0,Truck,0
DEL01405,Unknown,Unknown,0,0,Truck,0
DEL01406,Unknown,Unknown,0,0,Truck,0
DEL01407,Unknown,Unknown,0,0,Truck,0
DEL01408,Unknown,Unknown,0,0,Truck,0
DEL01409,Unknown,Unknown,0,0,Truck,0
DEL01410,Unknown,Unknown,0,0,Truck,0
DEL01411,Unknown,Unknown,0,0,Truck,0
DEL01412,Unknown,Unknown,0,0,Truck,0
DEL01413,Unknown,Unknown,0,0,Truck,0
DEL01414,Unknown,Unknown,0,0,Truck,0
DEL01415,Unknown,Unknown,0,0,Truck,0
DEL01416,Unknown,Unknown,0,0,Truck,0
DEL01417,Unknown,Unknown,0,0,Truck,0
DEL01418,Unknown,Unknown,0,0,Truck,0
DEL01419,Unknown,Unknown,0,0,Truck,0
DEL01420,Unknown,Unknown,0,0,Truck,0
DEL01421,Unknown,Unknown,0,0,Truck,0
DEL01422,Unknown,Unknown,0,0,Truck,0
DEL01423,Unknown,Unknown,0,0,Truck,0
DEL01424,Unknown,Unknown,0,0,Truck,0
DEL01425,Unknown,Unknown,0,0,Truck,0
DEL01426,Unknown,Unknown,0,0,Truck,0
DEL01427,Unknown,Unknown,0,0,Truck,0
DEL01428,Unknown,Unknown,0,0,Truck,0
DEL01429,Unknown,Unknown,0,0,Truck,0
DEL01430,Unknown,Unknown,0,0,Truck,0
DEL01431,Unknown,Unknown,0,0,Truck,0
DEL01432,Unknown,Unknown,0,0,Truck,0
DEL01433,Unknown,Unknown,0,0,Truck,0
DEL01434,Unknown,Unknown,0,0,Truck,0
DEL01435,Unknown,Unknown,0,0,Truck,0
DEL01436,Unknown,Unknown,0,0,Truck,0
DEL01437,Unknown,Unknown,0,0,Truck,0
DEL01438,Unknown,Unknown,0,0,Truck,0
DEL01439,Unknown,Unknown,0,0,Truck,0
DEL01440,Unknown,Unknown,0,0,Truck,0
DEL01441,Unknown,Unknown,0,0,Truck,0
DEL01442,Unknown,Unknown,0,0,Truck,0
DEL01443,Unknown,Unknown,0,0,Truck,0
DEL01444,Unknown,Unknown,0,0,Truck,0
DEL01445,Unknown,Unknown,0,0,Truck,0
DEL01446,Unknown,Unknown,0,0,Truck,0
DEL01447,Unknown,Unknown,0,0,Truck,0
DEL01448,Unknown,Unknown,0,0,Truck,0
DEL01449,Unknown,Unknown,0,0,Truck,0
DEL01450,Unknown,Unknown,0,0,Truck,0
DEL01451,Unknown,Unknown,0,0,Truck,0
DEL01452,Unknown,Unknown,0,0,Truck,0
DEL01453,Unknown,Unknown,0,0,Truck,0
DEL01454,Unknown,Unknown,0,0,Truck,0
DEL01455,Unknown,Unknown,0,0,Truck,0
DEL01456,Unknown,Unknown,0,0,Truck,0
DEL01457,Unknown,Unknown,0,0,Truck,0
DEL01458,Unknown,Unknown,0,0,Truck,0
DEL01459,Unknown,Unknown,0,0,Truck,0
DEL01460,Unknown,Unknown,0,0,Truck,0
DEL01461,Unknown,Unknown,0,0,Truck,0
DEL01462,Unknown,Unknown,0,0,Truck,0
DEL01463,Unknown,Unknown,0,0,Truck,0
DEL01464,Unknown,Unknown,0,0,Truck,0
DEL01465,Unknown,Unknown,0,0,Truck,0
DEL01466,Unknown,Unknown,0,0,Truck,0
DEL01467,Unknown,Unknown,0,0,Truck,0
DEL01468,Unknown,Unknown,0,0,Truck,0
DEL01469,Unknown,Unknown,0,0,Truck,0
DEL01470,Unknown,Unknown,0,0,Truck,0
DEL01471,Unknown,Unknown,0,0,Truck,0
DEL01472,Unknown,Unknown,0,0,Truck,0
DEL01473,Unknown,Unknown,0,0,Truck,0
DEL01474,Unknown,Unknown,0,0,Truck,0
DEL01475,Unknown,Unknown,0,0,Truck,0
DEL01476,Unknown,Unknown,0,0,Truck,0
DEL01477,Unknown,Unknown,0,0,Truck,0
DEL01478,Unknown,Unknown,0,0,Truck,0
DEL01479,Unknown,Unknown,0,0,Truck,0
DEL01480,Unknown,Unknown,0,0,Truck,0
DEL01481,Unknown,Unknown,0,0,Truck,0
DEL01482,Unknown,Unknown,0,0,Truck,0
DEL01483,Unknown,Unknown,0,0,Truck,0
DEL01484,Unknown,Unknown,0,0,Truck,0
DEL01485,Unknown,Unknown,0,0,Truck,0
DEL01486,Unknown,Unknown,0,0,Truck,0
DEL01487,Unknown,Unknown,0,0,Truck,0
DEL01488,Unknown,Unknown,0,0,Truck,0
DEL01489,Unknown,Unknown,0,0,Truck,0
DEL01490,Unknown,Unknown,0,0,Truck,0
DEL01491,Unknown,Unknown,0,0,Truck,0
DEL01492,Unknown,Unknown,0,0,Truck,0
DEL01493,Unknown,Unknown,0,0,Truck,0
DEL01494,Unknown,Unknown,0,0,Truck,0
DEL01495,Unknown,Unknown,0,0,Truck,0
DEL01496,Unknown,Unknown,0,0,Truck,0
DEL01497,Unknown,Unknown,0,0,Truck,0
DEL01498,Unknown,Unknown,0,0,Truck,0
DEL01499,Unknown,Unknown,0,0,Truck,0
DEL01500,Unknown,Unknown,0,0,Truck,0
DEL01501,Unknown,Unknown,0,0,Truck,0
DEL01502,Unknown,Unknown,0,0,Truck,0
DEL01503,Unknown,Unknown,0,0,Truck,0
DEL01504,Unknown,Unknown,0,0,Truck,0
DEL01505,Unknown,Unknown,0,0,Truck,0
DEL01506,Unknown,Unknown,0,0,Truck,0
DEL01507,Unknown,Unknown,0,0,Truck,0
DEL01508,Unknown,Unknown,0,0,Truck,0
DEL01509,Unknown,Unknown,0,0,Truck,0
DEL01510,Unknown,Unknown,0,0,Truck,0
DEL01511,Unknown,Unknown,0,0,Truck,0
DEL01512,Unknown,Unknown,0,0,Truck,0
DEL01513,Unknown,Unknown,0,0,Truck,0
DEL01514,Unknown,Unknown,0,0,Truck,0
DEL01515,Unknown,Unknown,0,0,Truck,0
DEL01516,Unknown,Unknown,0,0,Truck,0
DEL01517,Unknown,Unknown,0,0,Truck,0
DEL01518,Unknown,Unknown,0,0,Truck,0
DEL01519,Unknown,Unknown,0,0,Truck,0
DEL01520,Unknown,Unknown,0,0,Truck,0
DEL01521,Unknown,Unknown,0,0,Truck,0
DEL01522,Unknown,Unknown,0,0,Truck,0
DEL01523,Unknown,Unknown,0,0,Truck,0
DEL01524,Unknown,Unknown,0,0,Truck,0
DEL01525,Unknown,Unknown,0,0,Truck,0
DEL01526,Unknown,Unknown,0,0,Truck,0
DEL01527,Unknown,Unknown,0,0,Truck,0
DEL01528,Unknown,Unknown,0,0,Truck,0
DEL01529,Unknown,Unknown,0,0,Truck,0
DEL01530,Unknown,Unknown,0,0,Truck,0
DEL01531,Unknown,Unknown,0,0,Truck,0
DEL01532,Unknown,Unknown,0,0,Truck,0
DEL01533,Unknown,Unknown,0,0,Truck,0
DEL01534,Unknown,Unknown,0,0,Truck,0
DEL01535,Unknown,Unknown,0,0,Truck,0
DEL01536,Unknown,Unknown,0,0,Truck,0
DEL01537,Unknown,Unknown,0,0,Truck,0
DEL01538,Unknown,Unknown,0,0,Truck,0
DEL01539,Unknown,Unknown,0,0,Truck,0
DEL01540,Unknown,Unknown,0,0,Truck,0
DEL01541,Unknown,Unknown,0,0,Truck,0
DEL01542,Unknown,Unknown,0,0,Truck,0
DEL01543,Unknown,Unknown,0,0,Truck,0
DEL01544,Unknown,Unknown,0,0,Truck,0
DEL01545,Unknown,Unknown,0,0,Truck,0
DEL01546,Unknown,Unknown,0,0,Truck,0
DEL01547,Unknown,Unknown,0,0,Truck,0
DEL01548,Unknown,Unknown,0,0,Truck,0
DEL01549,Unknown,Unknown,0,0,Truck,0
DEL01550,Unknown,Unknown,0,0,Truck,0
DEL01551,Unknown,Unknown,0,0,Truck,0
DEL01552,Unknown,Unknown,0,0,Truck,0
DEL01553,Unknown,Unknown,0,0,Truck,0
DEL01554,Unknown,Unknown,0,0,Truck,0
DEL01555,Unknown,Unknown,0,0,Truck,0
DEL01556,Unknown,Unknown,0,0,Truck,0
DEL01557,Unknown,Unknown,0,0,Truck,0
DEL01558,Unknown,Unknown,0,0,Truck,0
DEL01559,Unknown,Unknown,0,0,Truck,0
DEL01560,Unknown,Unknown,0,0,Truck,0
DEL01561,Unknown,Unknown,0,0,Truck,0
DEL01562,Unknown,Unknown,0,0,Truck,0
DEL01563,Unknown,Unknown,0,0,Truck,0
DEL01564,Unknown,Unknown,0,0,Truck,0
DEL01565,Unknown,Unknown,0,0,Truck,0
DEL01566,Unknown,Unknown,0,0,Truck,0
DEL01567,Unknown,Unknown,0,0,Truck,0
DEL01568,Unknown,Unknown,0,0,Truck,0
DEL01569,Unknown,Unknown,0,0,Truck,0
DEL01570,Unknown,Unknown,0,0,Truck,0
DEL01571,Unknown,Unknown,0,0,Truck,0
DEL01572,Unknown,Unknown,0,0,Truck,0
DEL01573,Unknown,Unknown,0,0,Truck,0
DEL01574,Unknown,Unknown,0,0,Truck,0
DEL01575,Unknown,Unknown,0,0,Truck,0
DEL01576,Unknown,Unknown,0,0,Truck,0
DEL01577,Unknown,Unknown,0,0,Truck,0
DEL01578,Unknown,Unknown,0,0,Truck,0
DEL01579,Unknown,Unknown,0,0,Truck,0
DEL01580,Unknown,Unknown,0,0,Truck,0
DEL01581,Unknown,Unknown,0,0,Truck,0
DEL01582,Unknown,Unknown,0,0,Truck,0
DEL01583,Unknown,Unknown,0,0,Truck,0
DEL01584,Unknown,Unknown,0,0,Truck,0
DEL01585,Unknown,Unknown,0,0,Truck,0
DEL01586,Unknown,Unknown,0,0,Truck,0
DEL01587,Unknown,Unknown,0,0,Truck,0
DEL01588,Unknown,Unknown,0,0,Truck,0
DEL01589,Unknown,Unknown,0,0,Truck,0
DEL01590,Unknown,Unknown,0,0,Truck,0
DEL01591,Unknown,Unknown,0,0,Truck,0
DEL01592,Unknown,Unknown,0,0,Truck,0
DEL01593,Unknown,Unknown,0,0,Truck,0
DEL01594,Unknown,Unknown,0,0,Truck,0
DEL01595,Unknown,Unknown,0,0,Truck,0
DEL01596,Unknown,Unknown,0,0,Truck,0
DEL01597,Unknown,Unknown,0,0,Truck,0
DEL01598,Unknown,Unknown,0,0,Truck,0
DEL01599,Unknown,Unknown,0,0,Truck,0
DEL01600,Unknown,Unknown,0,0,Truck,0
DEL01601,Unknown,Unknown,0,0,Truck,0
DEL01602,Unknown,Unknown,0,0,Truck,0
DEL01603,Unknown,Unknown,0,0,Truck,0
DEL01604,Unknown,Unknown,0,0,Truck,0
DEL01605,Unknown,Unknown,0,0,Truck,0
DEL01606,Unknown,Unknown,0,0,Truck,0
DEL01607,Unknown,Unknown,0,0,Truck,0
DEL01608,Unknown,Unknown,0,0,Truck,0
DEL01609,Unknown,Unknown,0,0,Truck,0
DEL01610,Unknown,Unknown,0,0,Truck,0
DEL01611,Unknown,Unknown,0,0,Truck,0
DEL01612,Unknown,Unknown,0,0,Truck,0
DEL01613,Unknown,Unknown,0,0,Truck,0
DEL01614,Unknown,Unknown,0,0,Truck,0
DEL01615,Unknown,Unknown,0,0,Truck,0
DEL01616,Unknown,Unknown,0,0,Truck,0
DEL01617,Unknown,Unknown,0,0,Truck,0
DEL01618,Unknown,Unknown,0,0,Truck,0
DEL01619,Unknown,Unknown,0,0,Truck,0
DEL01620,Unknown,Unknown,0,0,Truck,0
DEL01621,Unknown,Unknown,0,0,Truck,0
DEL01622,Unknown,Unknown,0,0,Truck,0
DEL01623,Unknown,Unknown,0,0,Truck,0
DEL01624,Unknown,Unknown,0,0,Truck,0
DEL01625,Unknown,Unknown,0,0,Truck,0
DEL01626,Unknown,Unknown,0,0,Truck,0
DEL01627,Unknown,Unknown,0,0,Truck,0
DEL01628,Unknown,Unknown,0,0,Truck,0
DEL01629,Unknown,Unknown,0,0,Truck,0
DEL01630,Unknown,Unknown,0,0,Truck,0
DEL01631,Unknown,Unknown,0,0,Truck,0
DEL01632,Unknown,Unknown,0,0,Truck,0
DEL01633,Unknown,Unknown,0,0,Truck,0
DEL01634,Unknown,Unknown,0,0,Truck,0
DEL01635,Unknown,Unknown,0,0,Truck,0
DEL01636,Unknown,Unknown,0,0,Truck,0
DEL01637,Unknown,Unknown,0,0,Truck,0
DEL01638,Unknown,Unknown,0,0,Truck,0
DEL01639,Unknown,Unknown,0,0,Truck,0
DEL01640,Unknown,Unknown,0,0,Truck,0
DEL01641,Unknown,Unknown,0,0,Truck,0
DEL01642,Unknown,Unknown,0,0,Truck,0
DEL01643,Unknown,Unknown,0,0,Truck,0
DEL01644,Unknown,Unknown,0,0,Truck,0
DEL01645,Unknown,Unknown,0,0,Truck,0
DEL01646,Unknown,Unknown,0,0,Truck,0
DEL01647,Unknown,Unknown,0,0,Truck,0
DEL01648,Unknown,Unknown,0,0,Truck,0
DEL01649,Unknown,Unknown,0,0,Truck,0
DEL01650,Unknown,Unknown,0,0,Truck,0
DEL01651,Unknown,Unknown,0,0,Truck,0
DEL01652,Unknown,Unknown,0,0,Truck,0
DEL01653,Unknown,Unknown,0,0,Truck,0
DEL01654,Unknown,Unknown,0,0,Truck,0
DEL01655,Unknown,Unknown,0,0,Truck,0
DEL01656,Unknown,Unknown,0,0,Truck,0
DEL01657,Unknown,Unknown,0,0,Truck,0
DEL01658,Unknown,Unknown,0,0,Truck,0
DEL01659,Unknown,Unknown,0,0,Truck,0
DEL01660,Unknown,Unknown,0,0,Truck,0
DEL01661,Unknown,Unknown,0,0,Truck,0
DEL01662,Unknown,Unknown,0,0,Truck,0
DEL01663,Unknown,Unknown,0,0,Truck,0
DEL01664,Unknown,Unknown,0,0,Truck,0
DEL01665,Unknown,Unknown,0,0,Truck,0
DEL01666,Unknown,Unknown,0,0,Truck,0
DEL01667,Unknown,Unknown,0,0,Truck,0
DEL01668,Unknown,Unknown,0,0,Truck,0
DEL01669,Unknown,Unknown,0,0,Truck,0
DEL01670,Unknown,Unknown,0,0,Truck,0
DEL01671,Unknown,Unknown,0,0,Truck,0
DEL01672,Unknown,Unknown,0,0,Truck,0
DEL01673,Unknown,Unknown,0,0,Truck,0
DEL01674,Unknown,Unknown,0,0,Truck,0
DEL01675,Unknown,Unknown,0,0,Truck,0
DEL01676,Unknown,Unknown,0,0,Truck,0
DEL01677,Unknown,Unknown,0,0,Truck,0
DEL01678,Unknown,Unknown,0,0,Truck,0
DEL01679,Unknown,Unknown,0,0,Truck,0
DEL01680,Unknown,Unknown,0,0,Truck,0
DEL01681,Unknown,Unknown,0,0,Truck,0
DEL01682,Unknown,Unknown,0,0,Truck,0
DEL01683,Unknown,Unknown,0,0,Truck,0
DEL01684,Unknown,Unknown,0,0,Truck,0
DEL01685,Unknown,Unknown,0,0,Truck,0
DEL01686,Unknown,Unknown,0,0,Truck,0
DEL01687,Unknown,Unknown,0,0,Truck,0
DEL01688,Unknown,Unknown,0,0,Truck,0
DEL01689,Unknown,Unknown,0,0,Truck,0
DEL01690,Unknown,Unknown,0,0,Truck,0
DEL01691,Unknown,Unknown,0,0,Truck,0
DEL01692,Unknown,Unknown,0,0,Truck,0
DEL01693,Unknown,Unknown,0,0,Truck,0
DEL01694,Unknown,Unknown,0,0,Truck,0
DEL01695,Unknown,Unknown,0,0,Truck,0
DEL01696,Unknown,Unknown,0,0,Truck,0
DEL01697,Unknown,Unknown,0,0,Truck,0
DEL01698,Unknown,Unknown,0,0,Truck,0
DEL01699,Unknown,Unknown,0,0,Truck,0
DEL01700,Unknown,Unknown,0,0,Truck,0
DEL01701,Unknown,Unknown,0,0,Truck,0
DEL01702,Unknown,Unknown,0,0,Truck,0
DEL01703,Unknown,Unknown,0,0,Truck,0
DEL01704,Unknown,Unknown,0,0,Truck,0
DEL01705,Unknown,Unknown,0,0,Truck,0
DEL01706,Unknown,Unknown,0,0,Truck,0
DEL01707,Unknown,Unknown,0,0,Truck,0
DEL01708,Unknown,Unknown,0,0,Truck,0
DEL01709,Unknown,Unknown,0,0,Truck,0
DEL01710,Unknown,Unknown,0,0,Truck,0
DEL01711,Unknown,Unknown,0,0,Truck,0
DEL01712,Unknown,Unknown,0,0,Truck,0
DEL01713,Unknown,Unknown,0,0,Truck,0
DEL01714,Unknown,Unknown,0,0,Truck,0
DEL01715,Unknown,Unknown,0,0,Truck,0
DEL01716,Unknown,Unknown,0,0,Truck,0
DEL01717,Unknown,Unknown,0,0,Truck,0
DEL01718,Unknown,Unknown,0,0,Truck,0
DEL01719,Unknown,Unknown,0,0,Truck,0
DEL01720,Unknown,Unknown,0,0,Truck,0
DEL01721,Unknown,Unknown,0,0,Truck,0
DEL01722,Unknown,Unknown,0,0,Truck,0
DEL01723,Unknown,Unknown,0,0,Truck,0
DEL01724,Unknown,Unknown,0,0,Truck,0
DEL01725,Unknown,Unknown,0,0,Truck,0
DEL01726,Unknown,Unknown,0,0,Truck,0
DEL01727,Unknown,Unknown,0,0,Truck,0
DEL01728,Unknown,Unknown,0,0,Truck,0
DEL01729,Unknown,Unknown,0,0,Truck,0
DEL01730,Unknown,Unknown,0,0,Truck,0
DEL01731,Unknown,Unknown,0,0,Truck,0
DEL01732,Unknown,Unknown,0,0,Truck,0
DEL01733,Unknown,Unknown,0,0,Truck,0
DEL01734,Unknown,Unknown,0,0,Truck,0
DEL01735,Unknown,Unknown,0,0,Truck,0
DEL01736,Unknown,Unknown,0,0,Truck,0
DEL01737,Unknown,Unknown,0,0,Truck,0
DEL01738,Unknown,Unknown,0,0,Truck,0
DEL01739,Unknown,Unknown,0,0,Truck,0
DEL01740,Unknown,Unknown,0,0,Truck,0
DEL01741,Unknown,Unknown,0,0,Truck,0
DEL01742,Unknown,Unknown,0,0,Truck,0
DEL01743,Unknown,Unknown,0,0,Truck,0
DEL01744,Unknown,Unknown,0,0,Truck,0
DEL01745,Unknown,Unknown,0,0,Truck,0
DEL01746,Unknown,Unknown,0,0,Truck,0
DEL01747,Unknown,Unknown,0,0,Truck,0
DEL01748,Unknown,Unknown,0,0,Truck,0
DEL01749,Unknown,Unknown,0,0,Truck,0
DEL01750,Unknown,Unknown,0,0,Truck,0
DEL01751,Unknown,Unknown,0,0,Truck,0
DEL01752,Unknown,Unknown,0,0,Truck,0
DEL01753,Unknown,Unknown,0,0,Truck,0
DEL01754,Unknown,Unknown,0,0,Truck,0
DEL01755,Unknown,Unknown,0,0,Truck,0
DEL01756,Unknown,Unknown,0,0,Truck,0
DEL01757,Unknown,Unknown,0,0,Truck,0
DEL01758,Unknown,Unknown,0,0,Truck,0
DEL01759,Unknown,Unknown,0,0,Truck,0
DEL01760,Unknown,Unknown,0,0,Truck,0
DEL01761,Unknown,Unknown,0,0,Truck,0
DEL01762,Unknown,Unknown,0,0,Truck,0
DEL01763,Unknown,Unknown,0,0,Truck,0
DEL01764,Unknown,Unknown,0,0,Truck,0
DEL01765,Unknown,Unknown,0,0,Truck,0
DEL01766,Unknown,Unknown,0,0,Truck,0
DEL01767,Unknown,Unknown,0,0,Truck,0
DEL01768,Unknown,Unknown,0,0,Truck,0
DEL01769,Unknown,Unknown,0,0,Truck,0
DEL01770,Unknown,Unknown,0,0,Truck,0
DEL01771,Unknown,Unknown,0,0,Truck,0
DEL01772,Unknown,Unknown,0,0,Truck,0
DEL01773,Unknown,Unknown,0,0,Truck,0
DEL01774,Unknown,Unknown,0,0,Truck,0
DEL01775,Unknown,Unknown,0,0,Truck,0
DEL01776,Unknown,Unknown,0,0,Truck,0
DEL01777,Unknown,Unknown,0,0,Truck,0
DEL01778,Unknown,Unknown,0,0,Truck,0
DEL01779,Unknown,Unknown,0,0,Truck,0
DEL01780,Unknown,Unknown,0,0,Truck,0
DEL01781,Unknown,Unknown,0,0,Truck,0
DEL01782,Unknown,Unknown,0,0,Truck,0
DEL01783,Unknown,Unknown,0,0,Truck,0
DEL01784,Unknown,Unknown,0,0,Truck,0
DEL01785,Unknown,Unknown,0,0,Truck,0
DEL01786,Unknown,Unknown,0,0,Truck,0
DEL01787,Unknown,Unknown,0,0,Truck,0
DEL01788,Unknown,Unknown,0,0,Truck,0
DEL01789,Unknown,Unknown,0,0,Truck,0
DEL01790,Unknown,Unknown,0,0,Truck,0
DEL01791,Unknown,Unknown,0,0,Truck,0
DEL01792,Unknown,Unknown,0,0,Truck,0
DEL01793,Unknown,Unknown,0,0,Truck,0
DEL01794,Unknown,Unknown,0,0,Truck,0
DEL01795,Unknown,Unknown,0,0,Truck,0
DEL01796,Unknown,Unknown,0,0,Truck,0
DEL01797,Unknown,Unknown,0,0,Truck,0
DEL01798,Unknown,Unknown,0,0,Truck,0
DEL01799,Unknown,Unknown,0,0,Truck,0
DEL01800,Unknown,Unknown,0,0,Truck,0
DEL01801,Unknown,Unknown,0,0,Truck,0
DEL01802,Unknown,Unknown,0,0,Truck,0
DEL01803,Unknown,Unknown,0,0,Truck,0
DEL01804,Unknown,Unknown,0,0,Truck,0
DEL01805,Unknown,Unknown,0,0,Truck,0
DEL01806,Unknown,Unknown,0,0,Truck,0
DEL01807,Unknown,Unknown,0,0,Truck,0
DEL01808,Unknown,Unknown,0,0,Truck,0
DEL01809,Unknown,Unknown,0,0,Truck,0
DEL01810,Unknown,Unknown,0,0,Truck,0
DEL01811,Unknown,Unknown,0,0,Truck,0
DEL01812,Unknown,Unknown,0,0,Truck,0
DEL01813,Unknown,Unknown,0,0,Truck,0
DEL01814,Unknown,Unknown,0,0,Truck,0
DEL01815,Unknown,Unknown,0,0,Truck,0
DEL01816,Unknown,Unknown,0,0,Truck,0
DEL01817,Unknown,Unknown,0,0,Truck,0
DEL01818,Unknown,Unknown,0,0,Truck,0
DEL01819,Unknown,Unknown,0,0,Truck,0
DEL01820,Unknown,Unknown,0,0,Truck,0
DEL01821,Unknown,Unknown,0,0,Truck,0
DEL01822,Unknown,Unknown,0,0,Truck,0
DEL01823,Unknown,Unknown,0,0,Truck,0
DEL01824,Unknown,Unknown,0,0,Truck,0
DEL01825,Unknown,Unknown,0,0,Truck,0
DEL01826,Unknown,Unknown,0,0,Truck,0
DEL01827,Unknown,Unknown,0,0,Truck,0
DEL01828,Unknown,Unknown,0,0,Truck,0
DEL01829,Unknown,Unknown,0,0,Truck,0
DEL01830,Unknown,Unknown,0,0,Truck,0
DEL01831,Unknown,Unknown,0,0,Truck,0
DEL01832,Unknown,Unknown,0,0,Truck,0
DEL01833,Unknown,Unknown,0,0,Truck,0
DEL01834,Unknown,Unknown,0,0,Truck,0
DEL01835,Unknown,Unknown,0,0,Truck,0
DEL01836,Unknown,Unknown,0,0,Truck,0
DEL01837,Unknown,Unknown,0,0,Truck,0
DEL01838,Unknown,Unknown,0,0,Truck,0
DEL01839,Unknown,Unknown,0,0,Truck,0
DEL01840,Unknown,Unknown,0,0,Truck,0
DEL01841,Unknown,Unknown,0,0,Truck,0
DEL01842,Unknown,Unknown,0,0,Truck,0
DEL01843,Unknown,Unknown,0,0,Truck,0
DEL01844,Unknown,Unknown,0,0,Truck,0
DEL01845,Unknown,Unknown,0,0,Truck,0
DEL01846,Unknown,Unknown,0,0,Truck,0
DEL01847,Unknown,Unknown,0,0,Truck,0
DEL01848,Unknown,Unknown,0,0,Truck,0
DEL01849,Unknown,Unknown,0,0,Truck,0
DEL01850,Unknown,Unknown,0,0,Truck,0
DEL01851,Unknown,Unknown,0,0,Truck,0
DEL01852,Unknown,Unknown,0,0,Truck,0
DEL01853,Unknown,Unknown,0,0,Truck,0
DEL01854,Unknown,Unknown,0,0,Truck,0
DEL01855,Unknown,Unknown,0,0,Truck,0
DEL01856,Unknown,Unknown,0,0,Truck,0
DEL01857,Unknown,Unknown,0,0,Truck,0
DEL01858,Unknown,Unknown,0,0,Truck,0
DEL01859,Unknown,Unknown,0,0,Truck,0
DEL01860,Unknown,Unknown,0,0,Truck,0
DEL01861,Unknown,Unknown,0,0,Truck,0
DEL01862,Unknown,Unknown,0,0,Truck,0
DEL01863,Unknown,Unknown,0,0,Truck,0
DEL01864,Unknown,Unknown,0,0,Truck,0
DEL01865,Unknown,Unknown,0,0,Truck,0
DEL01866,Unknown,Unknown,0,0,Truck,0
DEL01867,Unknown,Unknown,0,0,Truck,0
DEL01868,Unknown,Unknown,0,0,Truck,0
DEL01869,Unknown,Unknown,0,0,Truck,0
DEL01870,Unknown,Unknown,0,0,Truck,0
DEL01871,Unknown,Unknown,0,0,Truck,0
DEL01872,Unknown,Unknown,0,0,Truck,0
DEL01873,Unknown,Unknown,0,0,Truck,0
DEL01874,Unknown,Unknown,0,0,Truck,0
DEL01875,Unknown,Unknown,0,0,Truck,0
DEL01876,Unknown,Unknown,0,0,Truck,0
DEL01877,Unknown,Unknown,0,0,Truck,0
DEL01878,Unknown,Unknown,0,0,Truck,0
DEL01879,Unknown,Unknown,0,0,Truck,0
DEL01880,Unknown,Unknown,0,0,Truck,0
DEL01881,Unknown,Unknown,0,0,Truck,0
DEL01882,Unknown,Unknown,0,0,Truck,0
DEL01883,Unknown,Unknown,0,0,Truck,0
DEL01884,Unknown,Unknown,0,0,Truck,0
DEL01885,Unknown,Unknown,0,0,Truck,0
DEL01886,Unknown,Unknown,0,0,Truck,0
DEL01887,Unknown,Unknown,0,0,Truck,0
DEL01888,Unknown,Unknown,0,0,Truck,0
DEL01889,Unknown,Unknown,0,0,Truck,0
DEL01890,Unknown,Unknown,0,0,Truck,0
DEL01891,Unknown,Unknown,0,0,Truck,0
DEL01892,Unknown,Unknown,0,0,Truck,0
DEL01893,Unknown,Unknown,0,0,Truck,0
DEL01894,Unknown,Unknown,0,0,Truck,0
DEL01895,Unknown,Unknown,0,0,Truck,0
DEL01896,Unknown,Unknown,0,0,Truck,0
DEL01897,Unknown,Unknown,0,0,Truck,0
DEL01898,Unknown,Unknown,0,0,Truck,0
DEL01899,Unknown,Unknown,0,0,Truck,0
DEL01900,Unknown,Unknown,0,0,Truck,0
DEL01901,Unknown,Unknown,0,0,Truck,0
DEL01902,Unknown,Unknown,0,0,Truck,0
DEL01903,Unknown,Unknown,0,0,Truck,0
DEL01904,Unknown,Unknown,0,0,Truck,0
DEL01905,Unknown,Unknown,0,0,Truck,0
DEL01906,Unknown,Unknown,0,0,Truck,0
DEL01907,Unknown,Unknown,0,0,Truck,0
DEL01908,Unknown,Unknown,0,0,Truck,0
DEL01909,Unknown,Unknown,0,0,Truck,0
DEL01910,Unknown,Unknown,0,0,Truck,0
DEL01911,Unknown,Unknown,0,0,Truck,0
DEL01912,Unknown,Unknown,0,0,Truck,0
DEL01913,Unknown,Unknown,0,0,Truck,0
DEL01914,Unknown,Unknown,0,0,Truck,0
DEL01915,Unknown,Unknown,0,0,Truck,0
DEL01916,Unknown,Unknown,0,0,Truck,0
DEL01917,Unknown,Unknown,0,0,Truck,0
DEL01918,Unknown,Unknown,0,0,Truck,0
DEL01919,Unknown,Unknown,0,0,Truck,0
DEL01920,Unknown,Unknown,0,0,Truck,0
DEL01921,Unknown,Unknown,0,0,Truck,0
DEL01922,Unknown,Unknown,0,0,Truck,0
DEL01923,Unknown,Unknown,0,0,Truck,0
DEL01924,Unknown,Unknown,0,0,Truck,0
DEL01925,Unknown,Unknown,0,0,Truck,0
DEL01926,Unknown,Unknown,0,0,Truck,0
DEL01927,Unknown,Unknown,0,0,Truck,0
DEL01928,Unknown,Unknown,0,0,Truck,0
DEL01929,Unknown,Unknown,0,0,Truck,0
DEL01930,Unknown,Unknown,0,0,Truck,0
DEL01931,Unknown,Unknown,0,0,Truck,0
DEL01932,Unknown,Unknown,0,0,Truck,0
DEL01933,Unknown,Unknown,0,0,Truck,0
DEL01934,Unknown,Unknown,0,0,Truck,0
DEL01935,Unknown,Unknown,0,0,Truck,0
DEL01936,Unknown,Unknown,0,0,Truck,0
DEL01937,Unknown,Unknown,0,0,Truck,0
DEL01938,Unknown,Unknown,0,0,Truck,0
DEL01939,Unknown,Unknown,0,0,Truck,0
DEL01940,Unknown,Unknown,0,0,Truck,0
DEL01941,Unknown,Unknown,0,0,Truck,0
DEL01942,Unknown,Unknown,0,0,Truck,0
DEL01943,Unknown,Unknown,0,0,Truck,0
DEL01944,Unknown,Unknown,0,0,Truck,0
DEL01945,Unknown,Unknown,0,0,Truck,0
DEL01946,Unknown,Unknown,0,0,Truck,0
DEL01947,Unknown,Unknown,0,0,Truck,0
DEL01948,Unknown,Unknown,0,0,Truck,0
DEL01949,Unknown,Unknown,0,0,Truck,0
DEL01950,Unknown,Unknown,0,0,Truck,0
DEL01951,Unknown,Unknown,0,0,Truck,0
DEL01952,Unknown,Unknown,0,0,Truck,0
DEL01953,Unknown,Unknown,0,0,Truck,0
DEL01954,Unknown,Unknown,0,0,Truck,0
DEL01955,Unknown,Unknown,0,0,Truck,0
DEL01956,Unknown,Unknown,0,0,Truck,0
DEL01957,Unknown,Unknown,0,0,Truck,0
DEL01958,Unknown,Unknown,0,0,Truck,0
DEL01959,Unknown,Unknown,0,0,Truck,0
DEL01960,Unknown,Unknown,0,0,Truck,0
DEL01961,Unknown,Unknown,0,0,Truck,0
DEL01962,Unknown,Unknown,0,0,Truck,0
DEL01963,Unknown,Unknown,0,0,Truck,0
DEL01964,Unknown,Unknown,0,0,Truck,0
DEL01965,Unknown,Unknown,0,0,Truck,0
DEL01966,Unknown,Unknown,0,0,Truck,0
DEL01967,Unknown,Unknown,0,0,Truck,0
DEL01968,Unknown,Unknown,0,0,Truck,0
DEL01969,Unknown,Unknown,0,0,Truck,0
DEL01970,Unknown,Unknown,0,0,Truck,0
DEL01971,Unknown,Unknown,0,0,Truck,0
DEL01972,Unknown,Unknown,0,0,Truck,0
DEL01973,Unknown,Unknown,0,0,Truck,0
DEL01974,Unknown,Unknown,0,0,Truck,0
DEL01975,Unknown,Unknown,0,0,Truck,0
DEL01976,Unknown,Unknown,0,0,Truck,0
DEL01977,Unknown,Unknown,0,0,Truck,0
DEL01978,Unknown,Unknown,0,0,Truck,0
DEL01979,Unknown,Unknown,0,0,Truck,0
DEL01980,Unknown,Unknown,0,0,Truck,0
DEL01981,Unknown,Unknown,0,0,Truck,0
DEL01982,Unknown,Unknown,0,0,Truck,0
DEL01983,Unknown,Unknown,0,0,Truck,0
DEL01984,Unknown,Unknown,0,0,Truck,0
DEL01985,Unknown,Unknown,0,0,Truck,0
DEL01986,Unknown,Unknown,0,0,Truck,0
DEL01987,Unknown,Unknown,0,0,Truck,0
DEL01988,Unknown,Unknown,0,0,Truck,0
DEL01989,Unknown,Unknown,0,0,Truck,0
DEL01990,Unknown,Unknown,0,0,Truck,0
DEL01991,Unknown,Unknown,0,0,Truck,0
DEL01992,Unknown,Unknown,0,0,Truck,0
DEL01993,Unknown,Unknown,0,0,Truck,0
DEL01994,Unknown,Unknown,0,0,Truck,0
DEL01995,Unknown,Unknown,0,0,Truck,0
DEL01996,Unknown,Unknown,0,0,Truck,0
DEL01997,Unknown,Unknown,0,0,Truck,0
DEL01998,Unknown,Unknown,0,0,Truck,0
DEL01999,Unknown,Unknown,0,0,Truck,0
DEL02000,Unknown,Unknown,0,0,Truck,0
DEL02001,Unknown,Unknown,0,0,Truck,0
DEL02002,Unknown,Unknown,0,0,Truck,0
DEL02003,Unknown,Unknown,0,0,Truck,0
DEL02004,Unknown,Unknown,0,0,Truck,0
DEL02005,Unknown,Unknown,0,0,Truck,0
DEL02006,Unknown,Unknown,0,0,Truck,0
DEL02007,Unknown,Unknown,0,0,Truck,0
DEL02008,Unknown,Unknown,0,0,Truck,0
DEL02009,Unknown,Unknown,0,0,Truck,0
DEL02010,Unknown,Unknown,0,0,Truck,0
DEL02011,Unknown,Unknown,0,0,Truck,0
DEL02012,Unknown,Unknown,0,0,Truck,0
DEL02013,Unknown,Unknown,0,0,Truck,0
DEL02014,Unknown,Unknown,0,0,Truck,0
DEL02015,Unknown,Unknown,0,0,Truck,0
DEL02016,Unknown,Unknown,0,0,Truck,0
DEL02017,Unknown,Unknown,0,0,Truck,0
DEL02018,Unknown,Unknown,0,0,Truck,0
DEL02019,Unknown,Unknown,0,0,Truck,0
DEL02020,Unknown,Unknown,0,0,Truck,0
DEL02021,Unknown,Unknown,0,0,Truck,0
DEL02022,Unknown,Unknown,0,0,Truck,0
DEL02023,Unknown,Unknown,0,0,Truck,0
DEL02024,Unknown,Unknown,0,0,Truck,0
DEL02025,Unknown,Unknown,0,0,Truck,0
DEL02026,Unknown,Unknown,0,0,Truck,0
DEL02027,Unknown,Unknown,0,0,Truck,0
DEL02028,Unknown,Unknown,0,0,Truck,0
DEL02029,Unknown,Unknown,0,0,Truck,0
DEL02030,Unknown,Unknown,0,0,Truck,0
DEL02031,Unknown,Unknown,0,0,Truck,0
DEL02032,Unknown,Unknown,0,0,Truck,0
DEL02033,Unknown,Unknown,0,0,Truck,0
DEL02034,Unknown,Unknown,0,0,Truck,0
DEL02035,Unknown,Unknown,0,0,Truck,0
DEL02036,Unknown,Unknown,0,0,Truck,0
DEL02037,Unknown,Unknown,0,0,Truck,0
DEL02038,Unknown,Unknown,0,0,Truck,0
DEL02039,Unknown,Unknown,0,0,Truck,0
DEL02040,Unknown,Unknown,0,0,Truck,0
DEL02041,Unknown,Unknown,0,0,Truck,0
DEL02042,Unknown,Unknown,0,0,Truck,0
DEL02043,Unknown,Unknown,0,0,Truck,0
DEL02044,Unknown,Unknown,0,0,Truck,0
DEL02045,Unknown,Unknown,0,0,Truck,0
DEL02046,Unknown,Unknown,0,0,Truck,0
DEL02047,Unknown,Unknown,0,0,Truck,0
DEL02048,Unknown,Unknown,0,0,Truck,0
DEL02049,Unknown,Unknown,0,0,Truck,0
DEL02050,Unknown,Unknown,0,0,Truck,0
DEL02051,Unknown,Unknown,0,0,Truck,0
DEL02052,Unknown,Unknown,0,0,Truck,0
DEL02053,Unknown,Unknown,0,0,Truck,0
DEL02054,Unknown,Unknown,0,0,Truck,0
DEL02055,Unknown,Unknown,0,0,Truck,0
DEL02056,Unknown,Unknown,0,0,Truck,0
DEL02057,Unknown,Unknown,0,0,Truck,0
DEL02058,Unknown,Unknown,0,0,Truck,0
DEL02059,Unknown,Unknown,0,0,Truck,0
DEL02060,Unknown,Unknown,0,0,Truck,0
DEL02061,Unknown,Unknown,0,0,Truck,0
DEL02062,Unknown,Unknown,0,0,Truck,0
DEL02063,Unknown,Unknown,0,0,Truck,0
DEL02064,Unknown,Unknown,0,0,Truck,0
DEL02065,Unknown,Unknown,0,0,Truck,0
DEL02066,Unknown,Unknown,0,0,Truck,0
DEL02067,Unknown,Unknown,0,0,Truck,0
DEL02068,Unknown,Unknown,0,0,Truck,0
DEL02069,Unknown,Unknown,0,0,Truck,0
DEL02070,Unknown,Unknown,0,0,Truck,0
DEL02071,Unknown,Unknown,0,0,Truck,0
DEL02072,Unknown,Unknown,0,0,Truck,0
DEL02073,Unknown,Unknown,0,0,Truck,0
DEL02074,Unknown,Unknown,0,0,Truck,0
DEL02075,Unknown,Unknown,0,0,Truck,0
DEL02076,Unknown,Unknown,0,0,Truck,0
DEL02077,Unknown,Unknown,0,0,Truck,0
DEL02078,Unknown,Unknown,0,0,Truck,0
DEL02079,Unknown,Unknown,0,0,Truck,0
DEL02080,Unknown,Unknown,0,0,Truck,0
DEL02081,Unknown,Unknown,0,0,Truck,0
DEL02082,Unknown,Unknown,0,0,Truck,0
DEL02083,Unknown,Unknown,0,0,Truck,0
DEL02084,Unknown,Unknown,0,0,Truck,0
DEL02085,Unknown,Unknown,0,0,Truck,0
DEL02086,Unknown,Unknown,0,0,Truck,0
DEL02087,Unknown,Unknown,0,0,Truck,0
DEL02088,Unknown,Unknown,0,0,Truck,0
DEL02089,Unknown,Unknown,0,0,Truck,0
DEL02090,Unknown,Unknown,0,0,Truck,0
DEL02091,Unknown,Unknown,0,0,Truck,0
DEL02092,Unknown,Unknown,0,0,Truck,0
DEL02093,Unknown,Unknown,0,0,Truck,0
DEL02094,Unknown,Unknown,0,0,Truck,0
DEL02095,Unknown,Unknown,0,0,Truck,0
DEL02096,Unknown,Unknown,0,0,Truck,0
DEL02097,Unknown,Unknown,0,0,Truck,0
DEL02098,Unknown,Unknown,0,0,Truck,0
DEL02099,Unknown,Unknown,0,0,Truck,0
DEL02100,Unknown,Unknown,0,0,Truck,0
DEL02101,Unknown,Unknown,0,0,Truck,0
DEL02102,Unknown,Unknown,0,0,Truck,0
DEL02103,Unknown,Unknown,0,0,Truck,0
DEL02104,Unknown,Unknown,0,0,Truck,0
DEL02105,Unknown,Unknown,0,0,Truck,0
DEL02106,Unknown,Unknown,0,0,Truck,0
DEL02107,Unknown,Unknown,0,0,Truck,0
DEL02108,Unknown,Unknown,0,0,Truck,0
DEL02109,Unknown,Unknown,0,0,Truck,0
DEL02110,Unknown,Unknown,0,0,Truck,0
DEL02111,Unknown,Unknown,0,0,Truck,0
DEL02112,Unknown,Unknown,0,0,Truck,0
DEL02113,Unknown,Unknown,0,0,Truck,0
DEL02114,Unknown,Unknown,0,0,Truck,0
DEL02115,Unknown,Unknown,0,0,Truck,0
DEL02116,Unknown,Unknown,0,0,Truck,0
DEL02117,Unknown,Unknown,0,0,Truck,0
DEL02118,Unknown,Unknown,0,0,Truck,0
DEL02119,Unknown,Unknown,0,0,Truck,0
DEL02120,Unknown,Unknown,0,0,Truck,0
DEL02121,Unknown,Unknown,0,0,Truck,0
DEL02122,Unknown,Unknown,0,0,Truck,0
DEL02123,Unknown,Unknown,0,0,Truck,0
DEL02124,Unknown,Unknown,0,0,Truck,0
DEL02125,Unknown,Unknown,0,0,Truck,0
DEL02126,Unknown,Unknown,0,0,Truck,0
DEL02127,Unknown,Unknown,0,0,Truck,0
DEL02128,Unknown,Unknown,0,0,Truck,0
DEL02129,Unknown,Unknown,0,0,Truck,0
DEL02130,Unknown,Unknown,0,0,Truck,0
DEL02131,Unknown,Unknown,0,0,Truck,0
DEL02132,Unknown,Unknown,0,0,Truck,0
DEL02133,Unknown,Unknown,0,0,Truck,0
DEL02134,Unknown,Unknown,0,0,Truck,0
DEL02135,Unknown,Unknown,0,0,Truck,0
DEL02136,Unknown,Unknown,0,0,Truck,0
DEL02137,Unknown,Unknown,0,0,Truck,0
DEL02138,Unknown,Unknown,0,0,Truck,0
DEL02139,Unknown,Unknown,0,0,Truck,0
DEL02140,Unknown,Unknown,0,0,Truck,0
DEL02141,Unknown,Unknown,0,0,Truck,0
DEL02142,Unknown,Unknown,0,0,Truck,0
DEL02143,Unknown,Unknown,0,0,Truck,0
DEL02144,Unknown,Unknown,0,0,Truck,0
DEL02145,Unknown,Unknown,0,0,Truck,0
DEL02146,Unknown,Unknown,0,0,Truck,0
DEL02147,Unknown,Unknown,0,0,Truck,0
DEL02148,Unknown,Unknown,0,0,Truck,0
DEL02149,Unknown,Unknown,0,0,Truck,0
DEL02150,Unknown,Unknown,0,0,Truck,0
DEL02151,Unknown,Unknown,0,0,Truck,0
DEL02152,Unknown,Unknown,0,0,Truck,0
DEL02153,Unknown,Unknown,0,0,Truck,0
DEL02154,Unknown,Unknown,0,0,Truck,0
DEL02155,Unknown,Unknown,0,0,Truck,0
DEL02156,Unknown,Unknown,0,0,Truck,0
DEL02157,Unknown,Unknown,0,0,Truck,0
DEL02158,Unknown,Unknown,0,0,Truck,0
DEL02159,Unknown,Unknown,0,0,Truck,0
DEL02160,Unknown,Unknown,0,0,Truck,0
DEL02161,Unknown,Unknown,0,0,Truck,0
DEL02162,Unknown,Unknown,0,0,Truck,0
DEL02163,Unknown,Unknown,0,0,Truck,0
DEL02164,Unknown,Unknown,0,0,Truck,0
DEL02165,Unknown,Unknown,0,0,Truck,0
DEL02166,Unknown,Unknown,0,0,Truck,0
DEL02167,Unknown,Unknown,0,0,Truck,0
DEL02168,Unknown,Unknown,0,0,Truck,0
DEL02169,Unknown,Unknown,0,0,Truck,0
DEL02170,Unknown,Unknown,0,0,Truck,0
DEL02171,Unknown,Unknown,0,0,Truck,0
DEL02172,Unknown,Unknown,0,0,Truck,0
DEL02173,Unknown,Unknown,0,0,Truck,0
DEL02174,Unknown,Unknown,0,0,Truck,0
DEL02175,Unknown,Unknown,0,0,Truck,0
DEL02176,Unknown,Unknown,0,0,Truck,0
DEL02177,Unknown,Unknown,0,0,Truck,0
DEL02178,Unknown,Unknown,0,0,Truck,0
DEL02179,Unknown,Unknown,0,0,Truck,0
DEL02180,Unknown,Unknown,0,0,Truck,0
DEL02181,Unknown,Unknown,0,0,Truck,0
DEL02182,Unknown,Unknown,0,0,Truck,0
DEL02183,Unknown,Unknown,0,0,Truck,0
DEL02184,Unknown,Unknown,0,0,Truck,0
DEL02185,Unknown,Unknown,0,0,Truck,0
DEL02186,Unknown,Unknown,0,0,Truck,0
DEL02187,Unknown,Unknown,0,0,Truck,0
DEL02188,Unknown,Unknown,0,0,Truck,0
DEL02189,Unknown,Unknown,0,0,Truck,0
DEL02190,Unknown,Unknown,0,0,Truck,0
DEL02191,Unknown,Unknown,0,0,Truck,0
DEL02192,Unknown,Unknown,0,0,Truck,0
DEL02193,Unknown,Unknown,0,0,Truck,0
DEL02194,Unknown,Unknown,0,0,Truck,0
DEL02195,Unknown,Unknown,0,0,Truck,0
DEL02196,Unknown,Unknown,0,0,Truck,0
DEL02197,Unknown,Unknown,0,0,Truck,0
DEL02198,Unknown,Unknown,0,0,Truck,0
DEL02199,Unknown,Unknown,0,0,Truck,0
DEL02200,Unknown,Unknown,0,0,Truck,0
DEL02201,Unknown,Unknown,0,0,Truck,0
DEL02202,Unknown,Unknown,0,0,Truck,0
DEL02203,Unknown,Unknown,0,0,Truck,0
DEL02204,Unknown,Unknown,0,0,Truck,0
DEL02205,Unknown,Unknown,0,0,Truck,0
DEL02206,Unknown,Unknown,0,0,Truck,0
DEL02207,Unknown,Unknown,0,0,Truck,0
DEL02208,Unknown,Unknown,0,0,Truck,0
DEL02209,Unknown,Unknown,0,0,Truck,0
DEL02210,Unknown,Unknown,0,0,Truck,0
DEL02211,Unknown,Unknown,0,0,Truck,0
DEL02212,Unknown,Unknown,0,0,Truck,0
DEL02213,Unknown,Unknown,0,0,Truck,0
DEL02214,Unknown,Unknown,0,0,Truck,0
DEL02215,Unknown,Unknown,0,0,Truck,0
DEL02216,Unknown,Unknown,0,0,Truck,0
DEL02217,Unknown,Unknown,0,0,Truck,0
DEL02218,Unknown,Unknown,0,0,Truck,0
DEL02219,Unknown,Unknown,0,0,Truck,0
DEL02220,Unknown,Unknown,0,0,Truck,0
DEL02221,Unknown,Unknown,0,0,Truck,0
DEL02222,Unknown,Unknown,0,0,Truck,0
DEL02223,Unknown,Unknown,0,0,Truck,0
DEL02224,Unknown,Unknown,0,0,Truck,0
DEL02225,Unknown,Unknown,0,0,Truck,0
DEL02226,Unknown,Unknown,0,0,Truck,0
DEL02227,Unknown,Unknown,0,0,Truck,0
DEL02228,Unknown,Unknown,0,0,Truck,0
DEL02229,Unknown,Unknown,0,0,Truck,0
DEL02230,Unknown,Unknown,0,0,Truck,0
DEL02231,Unknown,Unknown,0,0,Truck,0
DEL02232,Unknown,Unknown,0,0,Truck,0
DEL02233,Unknown,Unknown,0,0,Truck,0
DEL02234,Unknown,Unknown,0,0,Truck,0
DEL02235,Unknown,Unknown,0,0,Truck,0
DEL02236,Unknown,Unknown,0,0,Truck,0
DEL02237,Unknown,Unknown,0,0,Truck,0
DEL02238,Unknown,Unknown,0,0,Truck,0
DEL02239,Unknown,Unknown,0,0,Truck,0
DEL02240,Unknown,Unknown,0,0,Truck,0
DEL02241,Unknown,Unknown,0,0,Truck,0
DEL02242,Unknown,Unknown,0,0,Truck,0
DEL02243,Unknown,Unknown,0,0,Truck,0
DEL02244,Unknown,Unknown,0,0,Truck,0
DEL02245,Unknown,Unknown,0,0,Truck,0
DEL02246,Unknown,Unknown,0,0,Truck,0
DEL02247,Unknown,Unknown,0,0,Truck,0
DEL02248,Unknown,Unknown,0,0,Truck,0
DEL02249,Unknown,Unknown,0,0,Truck,0
DEL02250,Unknown,Unknown,0,0,Truck,0
DEL02251,Unknown,Unknown,0,0,Truck,0
DEL02252,Unknown,Unknown,0,0,Truck,0
DEL02253,Unknown,Unknown,0,0,Truck,0
DEL02254,Unknown,Unknown,0,0,Truck,0
DEL02255,Unknown,Unknown,0,0,Truck,0
DEL02256,Unknown,Unknown,0,0,Truck,0
DEL02257,Unknown,Unknown,0,0,Truck,0
DEL02258,Unknown,Unknown,0,0,Truck,0
DEL02259,Unknown,Unknown,0,0,Truck,0
DEL02260,Unknown,Unknown,0,0,Truck,0
DEL02261,Unknown,Unknown,0,0,Truck,0
DEL02262,Unknown,Unknown,0,0,Truck,0
DEL02263,Unknown,Unknown,0,0,Truck,0
DEL02264,Unknown,Unknown,0,0,Truck,0
DEL02265,Unknown,Unknown,0,0,Truck,0
DEL02266,Unknown,Unknown,0,0,Truck,0
DEL02267,Unknown,Unknown,0,0,Truck,0
DEL02268,Unknown,Unknown,0,0,Truck,0
DEL02269,Unknown,Unknown,0,0,Truck,0
DEL02270,Unknown,Unknown,0,0,Truck,0
DEL02271,Unknown,Unknown,0,0,Truck,0
DEL02272,Unknown,Unknown,0,0,Truck,0
DEL02273,Unknown,Unknown,0,0,Truck,0
DEL02274,Unknown,Unknown,0,0,Truck,0
DEL02275,Unknown,Unknown,0,0,Truck,0
DEL02276,Unknown,Unknown,0,0,Truck,0
DEL02277,Unknown,Unknown,0,0,Truck,0
DEL02278,Unknown,Unknown,0,0,Truck,0
DEL02279,Unknown,Unknown,0,0,Truck,0
DEL02280,Unknown,Unknown,0,0,Truck,0
DEL02281,Unknown,Unknown,0,0,Truck,0
DEL02282,Unknown,Unknown,0,0,Truck,0
DEL02283,Unknown,Unknown,0,0,Truck,0
DEL02284,Unknown,Unknown,0,0,Truck,0
DEL02285,Unknown,Unknown,0,0,Truck,0
DEL02286,Unknown,Unknown,0,0,Truck,0
DEL02287,Unknown,Unknown,0,0,Truck,0
DEL02288,Unknown,Unknown,0,0,Truck,0
DEL02289,Unknown,Unknown,0,0,Truck,0
DEL02290,Unknown,Unknown,0,0,Truck,0
DEL02291,Unknown,Unknown,0,0,Truck,0
DEL02292,Unknown,Unknown,0,0,Truck,0
DEL02293,Unknown,Unknown,0,0,Truck,0
DEL02294,Unknown,Unknown,0,0,Truck,0
DEL02295,Unknown,Unknown,0,0,Truck,0
DEL02296,Unknown,Unknown,0,0,Truck,0
DEL02297,Unknown,Unknown,0,0,Truck,0
DEL02298,Unknown,Unknown,0,0,Truck,0
DEL02299,Unknown,Unknown,0,0,Truck,0
DEL02300,Unknown,Unknown,0,0,Truck,0
DEL02301,Unknown,Unknown,0,0,Truck,0
DEL02302,Unknown,Unknown,0,0,Truck,0
DEL02303,Unknown,Unknown,0,0,Truck,0
DEL02304,Unknown,Unknown,0,0,Truck,0
DEL02305,Unknown,Unknown,0,0,Truck,0
DEL02306,Unknown,Unknown,0,0,Truck,0
DEL02307,Unknown,Unknown,0,0,Truck,0
DEL02308,Unknown,Unknown,0,0,Truck,0
DEL02309,Unknown,Unknown,0,0,Truck,0
DEL02310,Unknown,Unknown,0,0,Truck,0
DEL02311,Unknown,Unknown,0,0,Truck,0
DEL02312,Unknown,Unknown,0,0,Truck,0
DEL02313,Unknown,Unknown,0,0,Truck,0
DEL02314,Unknown,Unknown,0,0,Truck,0
DEL02315,Unknown,Unknown,0,0,Truck,0
DEL02316,Unknown,Unknown,0,0,Truck,0
DEL02317,Unknown,Unknown,0,0,Truck,0
DEL02318,Unknown,Unknown,0,0,Truck,0
DEL02319,Unknown,Unknown,0,0,Truck,0
DEL02320,Unknown,Unknown,0,0,Truck,0
DEL02321,Unknown,Unknown,0,0,Truck,0
DEL02322,Unknown,Unknown,0,0,Truck,0
DEL02323,Unknown,Unknown,0,0,Truck,0
DEL02324,Unknown,Unknown,0,0,Truck,0
DEL02325,Unknown,Unknown,0,0,Truck,0
DEL02326,Unknown,Unknown,0,0,Truck,0
DEL02327,Unknown,Unknown,0,0,Truck,0
DEL02328,Unknown,Unknown,0,0,Truck,0
DEL02329,Unknown,Unknown,0,0,Truck,0
DEL02330,Unknown,Unknown,0,0,Truck,0
DEL02331,Unknown,Unknown,0,0,Truck,0
DEL02332,Unknown,Unknown,0,0,Truck,0
DEL02333,Unknown,Unknown,0,0,Truck,0
DEL02334,Unknown,Unknown,0,0,Truck,0
DEL02335,Unknown,Unknown,0,0,Truck,0
DEL02336,Unknown,Unknown,0,0,Truck,0
DEL02337,Unknown,Unknown,0,0,Truck,0
DEL02338,Unknown,Unknown,0,0,Truck,0
DEL02339,Unknown,Unknown,0,0,Truck,0
DEL02340,Unknown,Unknown,0,0,Truck,0
DEL02341,Unknown,Unknown,0,0,Truck,0
DEL02342,Unknown,Unknown,0,0,Truck,0
DEL02343,Unknown,Unknown,0,0,Truck,0
DEL02344,Unknown,Unknown,0,0,Truck,0
DEL02345,Unknown,Unknown,0,0,Truck,0
DEL02346,Unknown,Unknown,0,0,Truck,0
DEL02347,Unknown,Unknown,0,0,Truck,0
DEL02348,Unknown,Unknown,0,0,Truck,0
DEL02349,Unknown,Unknown,0,0,Truck,0
DEL02350,Unknown,Unknown,0,0,Truck,0
DEL02351,Unknown,Unknown,0,0,Truck,0
DEL02352,Unknown,Unknown,0,0,Truck,0
DEL02353,Unknown,Unknown,0,0,Truck,0
DEL02354,Unknown,Unknown,0,0,Truck,0
DEL02355,Unknown,Unknown,0,0,Truck,0
DEL02356,Unknown,Unknown,0,0,Truck,0
DEL02357,Unknown,Unknown,0,0,Truck,0
DEL02358,Unknown,Unknown,0,0,Truck,0
DEL02359,Unknown,Unknown,0,0,Truck,0
DEL02360,Unknown,Unknown,0,0,Truck,0
DEL02361,Unknown,Unknown,0,0,Truck,0
DEL02362,Unknown,Unknown,0,0,Truck,0
DEL02363,Unknown,Unknown,0,0,Truck,0
DEL02364,Unknown,Unknown,0,0,Truck,0
DEL02365,Unknown,Unknown,0,0,Truck,0
DEL02366,Unknown,Unknown,0,0,Truck,0
DEL02367,Unknown,Unknown,0,0,Truck,0
DEL02368,Unknown,Unknown,0,0,Truck,0
DEL02369,Unknown,Unknown,0,0,Truck,0
DEL02370,Unknown,Unknown,0,0,Truck,0
DEL02371,Unknown,Unknown,0,0,Truck,0
DEL02372,Unknown,Unknown,0,0,Truck,0
DEL02373,Unknown,Unknown,0,0,Truck,0
DEL02374,Unknown,Unknown,0,0,Truck,0
DEL02375,Unknown,Unknown,0,0,Truck,0
DEL02376,Unknown,Unknown,0,0,Truck,0
DEL02377,Unknown,Unknown,0,0,Truck,0
DEL02378,Unknown,Unknown,0,0,Truck,0
DEL02379,Unknown,Unknown,0,0,Truck,0
DEL02380,Unknown,Unknown,0,0,Truck,0
DEL02381,Unknown,Unknown,0,0,Truck,0
DEL02382,Unknown,Unknown,0,0,Truck,0
DEL02383,Unknown,Unknown,0,0,Truck,0
DEL02384,Unknown,Unknown,0,0,Truck,0
DEL02385,Unknown,Unknown,0,0,Truck,0
DEL02386,Unknown,Unknown,0,0,Truck,0
DEL02387,Unknown,Unknown,0,0,Truck,0
DEL02388,Unknown,Unknown,0,0,Truck,0
DEL02389,Unknown,Unknown,0,0,Truck,0
DEL02390,Unknown,Unknown,0,0,Truck,0
DEL02391,Unknown,Unknown,0,0,Truck,0
DEL02392,Unknown,Unknown,0,0,Truck,0
DEL02393,Unknown,Unknown,0,0,Truck,0
DEL02394,Unknown,Unknown,0,0,Truck,0
DEL02395,Unknown,Unknown,0,0,Truck,0
DEL02396,Unknown,Unknown,0,0,Truck,0
DEL02397,Unknown,Unknown,0,0,Truck,0
DEL02398,Unknown,Unknown,0,0,Truck,0
DEL02399,Unknown,Unknown,0,0,Truck,0
DEL02400,Unknown,Unknown,0,0,Truck,0
DEL02401,Unknown,Unknown,0,0,Truck,0
DEL02402,Unknown,Unknown,0,0,Truck,0
DEL02403,Unknown,Unknown,0,0,Truck,0
DEL02404,Unknown,Unknown,0,0,Truck,0
DEL02405,Unknown,Unknown,0,0,Truck,0
DEL02406,Unknown,Unknown,0,0,Truck,0
DEL02407,Unknown,Unknown,0,0,Truck,0
DEL02408,Unknown,Unknown,0,0,Truck,0
DEL02409,Unknown,Unknown,0,0,Truck,0
DEL02410,Unknown,Unknown,0,0,Truck,0
DEL02411,Unknown,Unknown,0,0,Truck,0
DEL02412,Unknown,Unknown,0,0,Truck,0
DEL02413,Unknown,Unknown,0,0,Truck,0
DEL02414,Unknown,Unknown,0,0,Truck,0
DEL02415,Unknown,Unknown,0,0,Truck,0
DEL02416,Unknown,Unknown,0,0,Truck,0
DEL02417,Unknown,Unknown,0,0,Truck,0
DEL02418,Unknown,Unknown,0,0,Truck,0
DEL02419,Unknown,Unknown,0,0,Truck,0
DEL02420,Unknown,Unknown,0,0,Truck,0
DEL02421,Unknown,Unknown,0,0,Truck,0
DEL02422,Unknown,Unknown,0,0,Truck,0
DEL02423,Unknown,Unknown,0,0,Truck,0
DEL02424,Unknown,Unknown,0,0,Truck,0
DEL02425,Unknown,Unknown,0,0,Truck,0
DEL02426,Unknown,Unknown,0,0,Truck,0
DEL02427,Unknown,Unknown,0,0,Truck,0
DEL02428,Unknown,Unknown,0,0,Truck,0
DEL02429,Unknown,Unknown,0,0,Truck,0
DEL02430,Unknown,Unknown,0,0,Truck,0
DEL02431,Unknown,Unknown,0,0,Truck,0
DEL02432,Unknown,Unknown,0,0,Truck,0
DEL02433,Unknown,Unknown,0,0,Truck,0
DEL02434,Unknown,Unknown,0,0,Truck,0
DEL02435,Unknown,Unknown,0,0,Truck,0
DEL02436,Unknown,Unknown,0,0,Truck,0
DEL02437,Unknown,Unknown,0,0,Truck,0
DEL02438,Unknown,Unknown,0,0,Truck,0
DEL02439,Unknown,Unknown,0,0,Truck,0
DEL02440,Unknown,Unknown,0,0,Truck,0
DEL02441,Unknown,Unknown,0,0,Truck,0
DEL02442,Unknown,Unknown,0,0,Truck,0
DEL02443,Unknown,Unknown,0,0,Truck,0
DEL02444,Unknown,Unknown,0,0,Truck,0
DEL02445,Unknown,Unknown,0,0,Truck,0
DEL02446,Unknown,Unknown,0,0,Truck,0
DEL02447,Unknown,Unknown,0,0,Truck,0
DEL02448,Unknown,Unknown,0,0,Truck,0
DEL02449,Unknown,Unknown,0,0,Truck,0
DEL02450,Unknown,Unknown,0,0,Truck,0
DEL02451,Unknown,Unknown,0,0,Truck,0
DEL02452,Unknown,Unknown,0,0,Truck,0
DEL02453,Unknown,Unknown,0,0,Truck,0
DEL02454,Unknown,Unknown,0,0,Truck,0
DEL02455,Unknown,Unknown,0,0,Truck,0
DEL02456,Unknown,Unknown,0,0,Truck,0
DEL02457,Unknown,Unknown,0,0,Truck,0
DEL02458,Unknown,Unknown,0,0,Truck,0
DEL02459,Unknown,Unknown,0,0,Truck,0
DEL02460,Unknown,Unknown,0,0,Truck,0
DEL02461,Unknown,Unknown,0,0,Truck,0
DEL02462,Unknown,Unknown,0,0,Truck,0
DEL02463,Unknown,Unknown,0,0,Truck,0
DEL02464,Unknown,Unknown,0,0,Truck,0
DEL02465,Unknown,Unknown,0,0,Truck,0
DEL02466,Unknown,Unknown,0,0,Truck,0
DEL02467,Unknown,Unknown,0,0,Truck,0
DEL02468,Unknown,Unknown,0,0,Truck,0
DEL02469,Unknown,Unknown,0,0,Truck,0
DEL02470,Unknown,Unknown,0,0,Truck,0
DEL02471,Unknown,Unknown,0,0,Truck,0
DEL02472,Unknown,Unknown,0,0,Truck,0
DEL02473,Unknown,Unknown,0,0,Truck,0
DEL02474,Unknown,Unknown,0,0,Truck,0
DEL02475,Unknown,Unknown,0,0,Truck,0
DEL02476,Unknown,Unknown,0,0,Truck,0
DEL02477,Unknown,Unknown,0,0,Truck,0
DEL02478,Unknown,Unknown,0,0,Truck,0
DEL02479,Unknown,Unknown,0,0,Truck,0
DEL02480,Unknown,Unknown,0,0,Truck,0
DEL02481,Unknown,Unknown,0,0,Truck,0
DEL02482,Unknown,Unknown,0,0,Truck,0
DEL02483,Unknown,Unknown,0,0,Truck,0
DEL02484,Unknown,Unknown,0,0,Truck,0
DEL02485,Unknown,Unknown,0,0,Truck,0
DEL02486,Unknown,Unknown,0,0,Truck,0
DEL02487,Unknown,Unknown,0,0,Truck,0
DEL02488,Unknown,Unknown,0,0,Truck,0
DEL02489,Unknown,Unknown,0,0,Truck,0
DEL02490,Unknown,Unknown,0,0,Truck,0
DEL02491,Unknown,Unknown,0,0,Truck,0
DEL02492,Unknown,Unknown,0,0,Truck,0
DEL02493,Unknown,Unknown,0,0,Truck,0
DEL02494,Unknown,Unknown,0,0,Truck,0
DEL02495,Unknown,Unknown,0,0,Truck,0
DEL02496,Unknown,Unknown,0,0,Truck,0
DEL02497,Unknown,Unknown,0,0,Truck,0
DEL02498,Unknown,Unknown,0,0,Truck,0
DEL02499,Unknown,Unknown,0,0,Truck,0
DEL02500,Unknown,Unknown,0,0,Truck,0
DEL02501,Unknown,Unknown,0,0,Truck,0
DEL02502,Unknown,Unknown,0,0,Truck,0
DEL02503,Unknown,Unknown,0,0,Truck,0
DEL02504,Unknown,Unknown,0,0,Truck,0
DEL02505,Unknown,Unknown,0,0,Truck,0
DEL02506,Unknown,Unknown,0,0,Truck,0
DEL02507,Unknown,Unknown,0,0,Truck,0
DEL02508,Unknown,Unknown,0,0,Truck,0
DEL02509,Unknown,Unknown,0,0,Truck,0
DEL02510,Unknown,Unknown,0,0,Truck,0
DEL02511,Unknown,Unknown,0,0,Truck,0
DEL02512,Unknown,Unknown,0,0,Truck,0
DEL02513,Unknown,Unknown,0,0,Truck,0
DEL02514,Unknown,Unknown,0,0,Truck,0
DEL02515,Unknown,Unknown,0,0,Truck,0
DEL02516,Unknown,Unknown,0,0,Truck,0
DEL02517,Unknown,Unknown,0,0,Truck,0
DEL02518,Unknown,Unknown,0,0,Truck,0
DEL02519,Unknown,Unknown,0,0,Truck,0
DEL02520,Unknown,Unknown,0,0,Truck,0
DEL02521,Unknown,Unknown,0,0,Truck,0
DEL02522,Unknown,Unknown,0,0,Truck,0
DEL02523,Unknown,Unknown,0,0,Truck,0
DEL02524,Unknown,Unknown,0,0,Truck,0
DEL02525,Unknown,Unknown,0,0,Truck,0
DEL02526,Unknown,Unknown,0,0,Truck,0
DEL02527,Unknown,Unknown,0,0,Truck,0
DEL02528,Unknown,Unknown,0,0,Truck,0
DEL02529,Unknown,Unknown,0,0,Truck,0
DEL02530,Unknown,Unknown,0,0,Truck,0
DEL02531,Unknown,Unknown,0,0,Truck,0
DEL02532,Unknown,Unknown,0,0,Truck,0
DEL02533,Unknown,Unknown,0,0,Truck,0
DEL02534,Unknown,Unknown,0,0,Truck,0
DEL02535,Unknown,Unknown,0,0,Truck,0
DEL02536,Unknown,Unknown,0,0,Truck,0
DEL02537,Unknown,Unknown,0,0,Truck,0
DEL02538,Unknown,Unknown,0,0,Truck,0
DEL02539,Unknown,Unknown,0,0,Truck,0
DEL02540,Unknown,Unknown,0,0,Truck,0
DEL02541,Unknown,Unknown,0,0,Truck,0
DEL02542,Unknown,Unknown,0,0,Truck,0
DEL02543,Unknown,Unknown,0,0,Truck,0
DEL02544,Unknown,Unknown,0,0,Truck,0
DEL02545,Unknown,Unknown,0,0,Truck,0
DEL02546,Unknown,Unknown,0,0,Truck,0
DEL02547,Unknown,Unknown,0,0,Truck,0
DEL02548,Unknown,Unknown,0,0,Truck,0
DEL02549,Unknown,Unknown,0,0,Truck,0
DEL02550,Unknown,Unknown,0,0,Truck,0
DEL02551,Unknown,Unknown,0,0,Truck,0
DEL02552,Unknown,Unknown,0,0,Truck,0
DEL02553,Unknown,Unknown,0,0,Truck,0
DEL02554,Unknown,Unknown,0,0,Truck,0
DEL02555,Unknown,Unknown,0,0,Truck,0
DEL02556,Unknown,Unknown,0,0,Truck,0
DEL02557,Unknown,Unknown,0,0,Truck,0
DEL02558,Unknown,Unknown,0,0,Truck,0
DEL02559,Unknown,Unknown,0,0,Truck,0
DEL02560,Unknown,Unknown,0,0,Truck,0
DEL02561,Unknown,Unknown,0,0,Truck,0
DEL02562,Unknown,Unknown,0,0,Truck,0
DEL02563,Unknown,Unknown,0,0,Truck,0
DEL02564,Unknown,Unknown,0,0,Truck,0
DEL02565,Unknown,Unknown,0,0,Truck,0
DEL02566,Unknown,Unknown,0,0,Truck,0
DEL02567,Unknown,Unknown,0,0,Truck,0
DEL02568,Unknown,Unknown,0,0,Truck,0
DEL02569,Unknown,Unknown,0,0,Truck,0
DEL02570,Unknown,Unknown,0,0,Truck,0
DEL02571,Unknown,Unknown,0,0,Truck,0
DEL02572,Unknown,Unknown,0,0,Truck,0
DEL02573,Unknown,Unknown,0,0,Truck,0
DEL02574,Unknown,Unknown,0,0,Truck,0
DEL02575,Unknown,Unknown,0,0,Truck,0
DEL02576,Unknown,Unknown,0,0,Truck,0
DEL02577,Unknown,Unknown,0,0,Truck,0
DEL02578,Unknown,Unknown,0,0,Truck,0
DEL02579,Unknown,Unknown,0,0,Truck,0
DEL02580,Unknown,Unknown,0,0,Truck,0
DEL02581,Unknown,Unknown,0,0,Truck,0
DEL02582,Unknown,Unknown,0,0,Truck,0
DEL02583,Unknown,Unknown,0,0,Truck,0
DEL02584,Unknown,Unknown,0,0,Truck,0
DEL02585,Unknown,Unknown,0,0,Truck,0
DEL02586,Unknown,Unknown,0,0,Truck,0
DEL02587,Unknown,Unknown,0,0,Truck,0
DEL02588,Unknown,Unknown,0,0,Truck,0
DEL02589,Unknown,Unknown,0,0,Truck,0
DEL02590,Unknown,Unknown,0,0,Truck,0
DEL02591,Unknown,Unknown,0,0,Truck,0
DEL02592,Unknown,Unknown,0,0,Truck,0
DEL02593,Unknown,Unknown,0,0,Truck,0
DEL02594,Unknown,Unknown,0,0,Truck,0
DEL02595,Unknown,Unknown,0,0,Truck,0
DEL02596,Unknown,Unknown,0,0,Truck,0
DEL02597,Unknown,Unknown,0,0,Truck,0
DEL02598,Unknown,Unknown,0,0,Truck,0
DEL02599,Unknown,Unknown,0,0,Truck,0
DEL02600,Unknown,Unknown,0,0,Truck,0
DEL02601,Unknown,Unknown,0,0,Truck,0
DEL02602,Unknown,Unknown,0,0,Truck,0
DEL02603,Unknown,Unknown,0,0,Truck,0
DEL02604,Unknown,Unknown,0,0,Truck,0
DEL02605,Unknown,Unknown,0,0,Truck,0
DEL02606,Unknown,Unknown,0,0,Truck,0
DEL02607,Unknown,Unknown,0,0,Truck,0
DEL02608,Unknown,Unknown,0,0,Truck,0
DEL02609,Unknown,Unknown,0,0,Truck,0
DEL02610,Unknown,Unknown,0,0,Truck,0
DEL02611,Unknown,Unknown,0,0,Truck,0
DEL02612,Unknown,Unknown,0,0,Truck,0
DEL02613,Unknown,Unknown,0,0,Truck,0
DEL02614,Unknown,Unknown,0,0,Truck,0
DEL02615,Unknown,Unknown,0,0,Truck,0
DEL02616,Unknown,Unknown,0,0,Truck,0
DEL02617,Unknown,Unknown,0,0,Truck,0
DEL02618,Unknown,Unknown,0,0,Truck,0
DEL02619,Unknown,Unknown,0,0,Truck,0
DEL02620,Unknown,Unknown,0,0,Truck,0
DEL02621,Unknown,Unknown,0,0,Truck,0
DEL02622,Unknown,Unknown,0,0,Truck,0
DEL02623,Unknown,Unknown,0,0,Truck,0
DEL02624,Unknown,Unknown,0,0,Truck,0
DEL02625,Unknown,Unknown,0,0,Truck,0
DEL02626,Unknown,Unknown,0,0,Truck,0
DEL02627,Unknown,Unknown,0,0,Truck,0
DEL02628,Unknown,Unknown,0,0,Truck,0
DEL02629,Unknown,Unknown,0,0,Truck,0
DEL02630,Unknown,Unknown,0,0,Truck,0
DEL02631,Unknown,Unknown,0,0,Truck,0
DEL02632,Unknown,Unknown,0,0,Truck,0
DEL02633,Unknown,Unknown,0,0,Truck,0
DEL02634,Unknown,Unknown,0,0,Truck,0
DEL02635,Unknown,Unknown,0,0,Truck,0
DEL02636,Unknown,Unknown,0,0,Truck,0
DEL02637,Unknown,Unknown,0,0,Truck,0
DEL02638,Unknown,Unknown,0,0,Truck,0
DEL02639,Unknown,Unknown,0,0,Truck,0
DEL02640,Unknown,Unknown,0,0,Truck,0
DEL02641,Unknown,Unknown,0,0,Truck,0
DEL02642,Unknown,Unknown,0,0,Truck,0
DEL02643,Unknown,Unknown,0,0,Truck,0
DEL02644,Unknown,Unknown,0,0,Truck,0
DEL02645,Unknown,Unknown,0,0,Truck,0
DEL02646,Unknown,Unknown,0,0,Truck,0
DEL02647,Unknown,Unknown,0,0,Truck,0
DEL02648,Unknown,Unknown,0,0,Truck,0
DEL02649,Unknown,Unknown,0,0,Truck,0
DEL02650,Unknown,Unknown,0,0,Truck,0
DEL02651,Unknown,Unknown,0,0,Truck,0
DEL02652,Unknown,Unknown,0,0,Truck,0
DEL02653,Unknown,Unknown,0,0,Truck,0
DEL02654,Unknown,Unknown,0,0,Truck,0
DEL02655,Unknown,Unknown,0,0,Truck,0
DEL02656,Unknown,Unknown,0,0,Truck,0
DEL02657,Unknown,Unknown,0,0,Truck,0
DEL02658,Unknown,Unknown,0,0,Truck,0
DEL02659,Unknown,Unknown,0,0,Truck,0
DEL02660,Unknown,Unknown,0,0,Truck,0
DEL02661,Unknown,Unknown,0,0,Truck,0
DEL02662,Unknown,Unknown,0,0,Truck,0
DEL02663,Unknown,Unknown,0,0,Truck,0
DEL02664,Unknown,Unknown,0,0,Truck,0
DEL02665,Unknown,Unknown,0,0,Truck,0
DEL02666,Unknown,Unknown,0,0,Truck,0
DEL02667,Unknown,Unknown,0,0,Truck,0
DEL02668,Unknown,Unknown,0,0,Truck,0
DEL02669,Unknown,Unknown,0,0,Truck,0
DEL02670,Unknown,Unknown,0,0,Truck,0
DEL02671,Unknown,Unknown,0,0,Truck,0
DEL02672,Unknown,Unknown,0,0,Truck,0
DEL02673,Unknown,Unknown,0,0,Truck,0
DEL02674,Unknown,Unknown,0,0,Truck,0
DEL02675,Unknown,Unknown,0,0,Truck,0
DEL02676,Unknown,Unknown,0,0,Truck,0
DEL02677,Unknown,Unknown,0,0,Truck,0
DEL02678,Unknown,Unknown,0,0,Truck,0
DEL02679,Unknown,Unknown,0,0,Truck,0
DEL02680,Unknown,Unknown,0,0,Truck,0
DEL02681,Unknown,Unknown,0,0,Truck,0
DEL02682,Unknown,Unknown,0,0,Truck,0
DEL02683,Unknown,Unknown,0,0,Truck,0
DEL02684,Unknown,Unknown,0,0,Truck,0
DEL02685,Unknown,Unknown,0,0,Truck,0
DEL02686,Unknown,Unknown,0,0,Truck,0
DEL02687,Unknown,Unknown,0,0,Truck,0
DEL02688,Unknown,Unknown,0,0,Truck,0
DEL02689,Unknown,Unknown,0,0,Truck,0
DEL02690,Unknown,Unknown,0,0,Truck,0
DEL02691,Unknown,Unknown,0,0,Truck,0
DEL02692,Unknown,Unknown,0,0,Truck,0
DEL02693,Unknown,Unknown,0,0,Truck,0
DEL02694,Unknown,Unknown,0,0,Truck,0
DEL02695,Unknown,Unknown,0,0,Truck,0
DEL02696,Unknown,Unknown,0,0,Truck,0
DEL02697,Unknown,Unknown,0,0,Truck,0
DEL02698,Unknown,Unknown,0,0,Truck,0
DEL02699,Unknown,Unknown,0,0,Truck,0
DEL02700,Unknown,Unknown,0,0,Truck,0
DEL02701,Unknown,Unknown,0,0,Truck,0
DEL02702,Unknown,Unknown,0,0,Truck,0
DEL02703,Unknown,Unknown,0,0,Truck,0
DEL02704,Unknown,Unknown,0,0,Truck,0
DEL02705,Unknown,Unknown,0,0,Truck,0
DEL02706,Unknown,Unknown,0,0,Truck,0
DEL02707,Unknown,Unknown,0,0,Truck,0
DEL02708,Unknown,Unknown,0,0,Truck,0
DEL02709,Unknown,Unknown,0,0,Truck,0
DEL02710,Unknown,Unknown,0,0,Truck,0
DEL02711,Unknown,Unknown,0,0,Truck,0
DEL02712,Unknown,Unknown,0,0,Truck,0
DEL02713,Unknown,Unknown,0,0,Truck,0
DEL02714,Unknown,Unknown,0,0,Truck,0
DEL02715,Unknown,Unknown,0,0,Truck,0
DEL02716,Unknown,Unknown,0,0,Truck,0
DEL02717,Unknown,Unknown,0,0,Truck,0
DEL02718,Unknown,Unknown,0,0,Truck,0
DEL02719,Unknown,Unknown,0,0,Truck,0
DEL02720,Unknown,Unknown,0,0,Truck,0
DEL02721,Unknown,Unknown,0,0,Truck,0
DEL02722,Unknown,Unknown,0,0,Truck,0
DEL02723,Unknown,Unknown,0,0,Truck,0
DEL02724,Unknown,Unknown,0,0,Truck,0
DEL02725,Unknown,Unknown,0,0,Truck,0
DEL02726,Unknown,Unknown,0,0,Truck,0
DEL02727,Unknown,Unknown,0,0,Truck,0
DEL02728,Unknown,Unknown,0,0,Truck,0
DEL02729,Unknown,Unknown,0,0,Truck,0
DEL02730,Unknown,Unknown,0,0,Truck,0
DEL02731,Unknown,Unknown,0,0,Truck,0
DEL02732,Unknown,Unknown,0,0,Truck,0
DEL02733,Unknown,Unknown,0,0,Truck,0
DEL02734,Unknown,Unknown,0,0,Truck,0
DEL02735,Unknown,Unknown,0,0,Truck,0
DEL02736,Unknown,Unknown,0,0,Truck,0
DEL02737,Unknown,Unknown,0,0,Truck,0
DEL02738,Unknown,Unknown,0,0,Truck,0
DEL02739,Unknown,Unknown,0,0,Truck,0
DEL02740,Unknown,Unknown,0,0,Truck,0
DEL02741,Unknown,Unknown,0,0,Truck,0
DEL02742,Unknown,Unknown,0,0,Truck,0
DEL02743,Unknown,Unknown,0,0,Truck,0
DEL02744,Unknown,Unknown,0,0,Truck,0
DEL02745,Unknown,Unknown,0,0,Truck,0
DEL02746,Unknown,Unknown,0,0,Truck,0
DEL02747,Unknown,Unknown,0,0,Truck,0
DEL02748,Unknown,Unknown,0,0,Truck,0
DEL02749,Unknown,Unknown,0,0,Truck,0
DEL02750,Unknown,Unknown,0,0,Truck,0
DEL02751,Unknown,Unknown,0,0,Truck,0
DEL02752,Unknown,Unknown,0,0,Truck,0
DEL02753,Unknown,Unknown,0,0,Truck,0
DEL02754,Unknown,Unknown,0,0,Truck,0
DEL02755,Unknown,Unknown,0,0,Truck,0
DEL02756,Unknown,Unknown,0,0,Truck,0
DEL02757,Unknown,Unknown,0,0,Truck,0
DEL02758,Unknown,Unknown,0,0,Truck,0
DEL02759,Unknown,Unknown,0,0,Truck,0
DEL02760,Unknown,Unknown,0,0,Truck,0
DEL02761,Unknown,Unknown,0,0,Truck,0
DEL02762,Unknown,Unknown,0,0,Truck,0
DEL02763,Unknown,Unknown,0,0,Truck,0
DEL02764,Unknown,Unknown,0,0,Truck,0
DEL02765,Unknown,Unknown,0,0,Truck,0
DEL02766,Unknown,Unknown,0,0,Truck,0
DEL02767,Unknown,Unknown,0,0,Truck,0
DEL02768,Unknown,Unknown,0,0,Truck,0
DEL02769,Unknown,Unknown,0,0,Truck,0
DEL02770,Unknown,Unknown,0,0,Truck,0
DEL02771,Unknown,Unknown,0,0,Truck,0
DEL02772,Unknown,Unknown,0,0,Truck,0
DEL02773,Unknown,Unknown,0,0,Truck,0
DEL02774,Unknown,Unknown,0,0,Truck,0
DEL02775,Unknown,Unknown,0,0,Truck,0
DEL02776,Unknown,Unknown,0,0,Truck,0
DEL02777,Unknown,Unknown,0,0,Truck,0
DEL02778,Unknown,Unknown,0,0,Truck,0
DEL02779,Unknown,Unknown,0,0,Truck,0
DEL02780,Unknown,Unknown,0,0,Truck,0
DEL02781,Unknown,Unknown,0,0,Truck,0
DEL02782,Unknown,Unknown,0,0,Truck,0
DEL02783,Unknown,Unknown,0,0,Truck,0
DEL02784,Unknown,Unknown,0,0,Truck,0
DEL02785,Unknown,Unknown,0,0,Truck,0
DEL02786,Unknown,Unknown,0,0,Truck,0
DEL02787,Unknown,Unknown,0,0,Truck,0
DEL02788,Unknown,Unknown,0,0,Truck,0
DEL02789,Unknown,Unknown,0,0,Truck,0
DEL02790,Unknown,Unknown,0,0,Truck,0
DEL02791,Unknown,Unknown,0,0,Truck,0
DEL02792,Unknown,Unknown,0,0,Truck,0
DEL02793,Unknown,Unknown,0,0,Truck,0
DEL02794,Unknown,Unknown,0,0,Truck,0
DEL02795,Unknown,Unknown,0,0,Truck,0
DEL02796,Unknown,Unknown,0,0,Truck,0
DEL02797,Unknown,Unknown,0,0,Truck,0
DEL02798,Unknown,Unknown,0,0,Truck,0
DEL02799,Unknown,Unknown,0,0,Truck,0
DEL02800,Unknown,Unknown,0,0,Truck,0
DEL02801,Unknown,Unknown,0,0,Truck,0
DEL02802,Unknown,Unknown,0,0,Truck,0
DEL02803,Unknown,Unknown,0,0,Truck,0
DEL02804,Unknown,Unknown,0,0,Truck,0
DEL02805,Unknown,Unknown,0,0,Truck,0
DEL02806,Unknown,Unknown,0,0,Truck,0
DEL02807,Unknown,Unknown,0,0,Truck,0
DEL02808,Unknown,Unknown,0,0,Truck,0
DEL02809,Unknown,Unknown,0,0,Truck,0
DEL02810,Unknown,Unknown,0,0,Truck,0
DEL02811,Unknown,Unknown,0,0,Truck,0
DEL02812,Unknown,Unknown,0,0,Truck,0
DEL02813,Unknown,Unknown,0,0,Truck,0
DEL02814,Unknown,Unknown,0,0,Truck,0
DEL02815,Unknown,Unknown,0,0,Truck,0
DEL02816,Unknown,Unknown,0,0,Truck,0
DEL02817,Unknown,Unknown,0,0,Truck,0
DEL02818,Unknown,Unknown,0,0,Truck,0
DEL02819,Unknown,Unknown,0,0,Truck,0
DEL02820,Unknown,Unknown,0,0,Truck,0
DEL02821,Unknown,Unknown,0,0,Truck,0
DEL02822,Unknown,Unknown,0,0,Truck,0
DEL02823,Unknown,Unknown,0,0,Truck,0
DEL02824,Unknown,Unknown,0,0,Truck,0
DEL02825,Unknown,Unknown,0,0,Truck,0
DEL02826,Unknown,Unknown,0,0,Truck,0
DEL02827,Unknown,Unknown,0,0,Truck,0
DEL02828,Unknown,Unknown,0,0,Truck,0
DEL02829,Unknown,Unknown,0,0,Truck,0
DEL02830,Unknown,Unknown,0,0,Truck,0
DEL02831,Unknown,Unknown,0,0,Truck,0
DEL02832,Unknown,Unknown,0,0,Truck,0
DEL02833,Unknown,Unknown,0,0,Truck,0
DEL02834,Unknown,Unknown,0,0,Truck,0
DEL02835,Unknown,Unknown,0,0,Truck,0
DEL02836,Unknown,Unknown,0,0,Truck,0
DEL02837,Unknown,Unknown,0,0,Truck,0
DEL02838,Unknown,Unknown,0,0,Truck,0
DEL02839,Unknown,Unknown,0,0,Truck,0
DEL02840,Unknown,Unknown,0,0,Truck,0
DEL02841,Unknown,Unknown,0,0,Truck,0
DEL02842,Unknown,Unknown,0,0,Truck,0
DEL02843,Unknown,Unknown,0,0,Truck,0
DEL02844,Unknown,Unknown,0,0,Truck,0
DEL02845,Unknown,Unknown,0,0,Truck,0
DEL02846,Unknown,Unknown,0,0,Truck,0
DEL02847,Unknown,Unknown,0,0,Truck,0
DEL02848,Unknown,Unknown,0,0,Truck,0
DEL02849,Unknown,Unknown,0,0,Truck,0
DEL02850,Unknown,Unknown,0,0,Truck,0
DEL02851,Unknown,Unknown,0,0,Truck,0
DEL02852,Unknown,Unknown,0,0,Truck,0
DEL02853,Unknown,Unknown,0,0,Truck,0
DEL02854,Unknown,Unknown,0,0,Truck,0
DEL02855,Unknown,Unknown,0,0,Truck,0
DEL02856,Unknown,Unknown,0,0,Truck,0
DEL02857,Unknown,Unknown,0,0,Truck,0
DEL02858,Unknown,Unknown,0,0,Truck,0
DEL02859,Unknown,Unknown,0,0,Truck,0
DEL02860,Unknown,Unknown,0,0,Truck,0
DEL02861,Unknown,Unknown,0,0,Truck,0
DEL02862,Unknown,Unknown,0,0,Truck,0
DEL02863,Unknown,Unknown,0,0,Truck,0
DEL02864,Unknown,Unknown,0,0,Truck,0
DEL02865,Unknown,Unknown,0,0,Truck,0
DEL02866,Unknown,Unknown,0,0,Truck,0
DEL02867,Unknown,Unknown,0,0,Truck,0
DEL02868,Unknown,Unknown,0,0,Truck,0
DEL02869,Unknown,Unknown,0,0,Truck,0
DEL02870,Unknown,Unknown,0,0,Truck,0
DEL02871,Unknown,Unknown,0,0,Truck,0
DEL02872,Unknown,Unknown,0,0,Truck,0
DEL02873,Unknown,Unknown,0,0,Truck,0
DEL02874,Unknown,Unknown,0,0,Truck,0
DEL02875,Unknown,Unknown,0,0,Truck,0
DEL02876,Unknown,Unknown,0,0,Truck,0
DEL02877,Unknown,Unknown,0,0,Truck,0
DEL02878,Unknown,Unknown,0,0,Truck,0
DEL02879,Unknown,Unknown,0,0,Truck,0
DEL02880,Unknown,Unknown,0,0,Truck,0
DEL02881,Unknown,Unknown,0,0,Truck,0
DEL02882,Unknown,Unknown,0,0,Truck,0
DEL02883,Unknown,Unknown,0,0,Truck,0
DEL02884,Unknown,Unknown,0,0,Truck,0
DEL02885,Unknown,Unknown,0,0,Truck,0
DEL02886,Unknown,Unknown,0,0,Truck,0
DEL02887,Unknown,Unknown,0,0,Truck,0
DEL02888,Unknown,Unknown,0,0,Truck,0
DEL02889,Unknown,Unknown,0,0,Truck,0
DEL02890,Unknown,Unknown,0,0,Truck,0
DEL02891,Unknown,Unknown,0,0,Truck,0
DEL02892,Unknown,Unknown,0,0,Truck,0
DEL02893,Unknown,Unknown,0,0,Truck,0
DEL02894,Unknown,Unknown,0,0,Truck,0
DEL02895,Unknown,Unknown,0,0,Truck,0
DEL02896,Unknown,Unknown,0,0,Truck,0
DEL02897,Unknown,Unknown,0,0,Truck,0
DEL02898,Unknown,Unknown,0,0,Truck,0
DEL02899,Unknown,Unknown,0,0,Truck,0
DEL02900,Unknown,Unknown,0,0,Truck,0
DEL02901,Unknown,Unknown,0,0,Truck,0
DEL02902,Unknown,Unknown,0,0,Truck,0
DEL02903,Unknown,Unknown,0,0,Truck,0
DEL02904,Unknown,Unknown,0,0,Truck,0
DEL02905,Unknown,Unknown,0,0,Truck,0
DEL02906,Unknown,Unknown,0,0,Truck,0
DEL02907,Unknown,Unknown,0,0,Truck,0
DEL02908,Unknown,Unknown,0,0,Truck,0
DEL02909,Unknown,Unknown,0,0,Truck,0
DEL02910,Unknown,Unknown,0,0,Truck,0
DEL02911,Unknown,Unknown,0,0,Truck,0
DEL02912,Unknown,Unknown,0,0,Truck,0
DEL02913,Unknown,Unknown,0,0,Truck,0
DEL02914,Unknown,Unknown,0,0,Truck,0
DEL02915,Unknown,Unknown,0,0,Truck,0
DEL02916,Unknown,Unknown,0,0,Truck,0
DEL02917,Unknown,Unknown,0,0,Truck,0
DEL02918,Unknown,Unknown,0,0,Truck,0
DEL02919,Unknown,Unknown,0,0,Truck,0
DEL02920,Unknown,Unknown,0,0,Truck,0
DEL02921,Unknown,Unknown,0,0,Truck,0
DEL02922,Unknown,Unknown,0,0,Truck,0
DEL02923,Unknown,Unknown,0,0,Truck,0
DEL02924,Unknown,Unknown,0,0,Truck,0
DEL02925,Unknown,Unknown,0,0,Truck,0
DEL02926,Unknown,Unknown,0,0,Truck,0
DEL02927,Unknown,Unknown,0,0,Truck,0
DEL02928,Unknown,Unknown,0,0,Truck,0
DEL02929,Unknown,Unknown,0,0,Truck,0
DEL02930,Unknown,Unknown,0,0,Truck,0
DEL02931,Unknown,Unknown,0,0,Truck,0
DEL02932,Unknown,Unknown,0,0,Truck,0
DEL02933,Unknown,Unknown,0,0,Truck,0
DEL02934,Unknown,Unknown,0,0,Truck,0
DEL02935,Unknown,Unknown,0,0,Truck,0
DEL02936,Unknown,Unknown,0,0,Truck,0
DEL02937,Unknown,Unknown,0,0,Truck,0
DEL02938,Unknown,Unknown,0,0,Truck,0
DEL02939,Unknown,Unknown,0,0,Truck,0
DEL02940,Unknown,Unknown,0,0,Truck,0
DEL02941,Unknown,Unknown,0,0,Truck,0
DEL02942,Unknown,Unknown,0,0,Truck,0
DEL02943,Unknown,Unknown,0,0,Truck,0
DEL02944,Unknown,Unknown,0,0,Truck,0
DEL02945,Unknown,Unknown,0,0,Truck,0
DEL02946,Unknown,Unknown,0,0,Truck,0
DEL02947,Unknown,Unknown,0,0,Truck,0
DEL02948,Unknown,Unknown,0,0,Truck,0
DEL02949,Unknown,Unknown,0,0,Truck,0
DEL02950,Unknown,Unknown,0,0,Truck,0
DEL02951,Unknown,Unknown,0,0,Truck,0
DEL02952,Unknown,Unknown,0,0,Truck,0
DEL02953,Unknown,Unknown,0,0,Truck,0
DEL02954,Unknown,Unknown,0,0,Truck,0
DEL02955,Unknown,Unknown,0,0,Truck,0
DEL02956,Unknown,Unknown,0,0,Truck,0
DEL02957,Unknown,Unknown,0,0,Truck,0
DEL02958,Unknown,Unknown,0,0,Truck,0
DEL02959,Unknown,Unknown,0,0,Truck,0
DEL02960,Unknown,Unknown,0,0,Truck,0
DEL02961,Unknown,Unknown,0,0,Truck,0
DEL02962,Unknown,Unknown,0,0,Truck,0
DEL02963,Unknown,Unknown,0,0,Truck,0
DEL02964,Unknown,Unknown,0,0,Truck,0
DEL02965,Unknown,Unknown,0,0,Truck,0
DEL02966,Unknown,Unknown,0,0,Truck,0
DEL02967,Unknown,Unknown,0,0,Truck,0
DEL02968,Unknown,Unknown,0,0,Truck,0
DEL02969,Unknown,Unknown,0,0,Truck,0
DEL02970,Unknown,Unknown,0,0,Truck,0
DEL02971,Unknown,Unknown,0,0,Truck,0
DEL02972,Unknown,Unknown,0,0,Truck,0
DEL02973,Unknown,Unknown,0,0,Truck,0
DEL02974,Unknown,Unknown,0,0,Truck,0
DEL02975,Unknown,Unknown,0,0,Truck,0
DEL02976,Unknown,Unknown,0,0,Truck,0
DEL02977,Unknown,Unknown,0,0,Truck,0
DEL02978,Unknown,Unknown,0,0,Truck,0
DEL02979,Unknown,Unknown,0,0,Truck,0
DEL02980,Unknown,Unknown,0,0,Truck,0
DEL02981,Unknown,Unknown,0,0,Truck,0
DEL02982,Unknown,Unknown,0,0,Truck,0
DEL02983,Unknown,Unknown,0,0,Truck,0
DEL02984,Unknown,Unknown,0,0,Truck,0
DEL02985,Unknown,Unknown,0,0,Truck,0
DEL02986,Unknown,Unknown,0,0,Truck,0
DEL02987,Unknown,Unknown,0,0,Truck,0
DEL02988,Unknown,Unknown,0,0,Truck,0
DEL02989,Unknown,Unknown,0,0,Truck,0
DEL02990,Unknown,Unknown,0,0,Truck,0
DEL02991,Unknown,Unknown,0,0,Truck,0
DEL02992,Unknown,Unknown,0,0,Truck,0
DEL02993,Unknown,Unknown,0,0,Truck,0
DEL02994,Unknown,Unknown,0,0,Truck,0
DEL02995,Unknown,Unknown,0,0,Truck,0
DEL02996,Unknown,Unknown,0,0,Truck,0
DEL02997,Unknown,Unknown,0,0,Truck,0
DEL02998,Unknown,Unknown,0,0,Truck,0
DEL02999,Unknown,Unknown,0,0,Truck,0
DEL03000,Unknown,Unknown,0,0,Truck,0
DEL03001,Unknown,Unknown,0,0,Truck,0
DEL03002,Unknown,Unknown,0,0,Truck,0
DEL03003,Unknown,Unknown,0,0,Truck,0
DEL03004,Unknown,Unknown,0,0,Truck,0
DEL03005,Unknown,Unknown,0,0,Truck,0
DEL03006,Unknown,Unknown,0,0,Truck,0
DEL03007,Unknown,Unknown,0,0,Truck,0
DEL03008,Unknown,Unknown,0,0,Truck,0
DEL03009,Unknown,Unknown,0,0,Truck,0
DEL03010,Unknown,Unknown,0,0,Truck,0
DEL03011,Unknown,Unknown,0,0,Truck,0
DEL03012,Unknown,Unknown,0,0,Truck,0
DEL03013,Unknown,Unknown,0,0,Truck,0
DEL03014,Unknown,Unknown,0,0,Truck,0
DEL03015,Unknown,Unknown,0,0,Truck,0
DEL03016,Unknown,Unknown,0,0,Truck,0
DEL03017,Unknown,Unknown,0,0,Truck,0
DEL03018,Unknown,Unknown,0,0,Truck,0
DEL03019,Unknown,Unknown,0,0,Truck,0
DEL03020,Unknown,Unknown,0,0,Truck,0
DEL03021,Unknown,Unknown,0,0,Truck,0
DEL03022,Unknown,Unknown,0,0,Truck,0
DEL03023,Unknown,Unknown,0,0,Truck,0
DEL03024,Unknown,Unknown,0,0,Truck,0
DEL03025,Unknown,Unknown,0,0,Truck,0
DEL03026,Unknown,Unknown,0,0,Truck,0
DEL03027,Unknown,Unknown,0,0,Truck,0
DEL03028,Unknown,Unknown,0,0,Truck,0
DEL03029,Unknown,Unknown,0,0,Truck,0
DEL03030,Unknown,Unknown,0,0,Truck,0
DEL03031,Unknown,Unknown,0,0,Truck,0
DEL03032,Unknown,Unknown,0,0,Truck,0
DEL03033,Unknown,Unknown,0,0,Truck,0
DEL03034,Unknown,Unknown,0,0,Truck,0
DEL03035,Unknown,Unknown,0,0,Truck,0
DEL03036,Unknown,Unknown,0,0,Truck,0
DEL03037,Unknown,Unknown,0,0,Truck,0
DEL03038,Unknown,Unknown,0,0,Truck,0
DEL03039,Unknown,Unknown,0,0,Truck,0
DEL03040,Unknown,Unknown,0,0,Truck,0
DEL03041,Unknown,Unknown,0,0,Truck,0
DEL03042,Unknown,Unknown,0,0,Truck,0
DEL03043,Unknown,Unknown,0,0,Truck,0
DEL03044,Unknown,Unknown,0,0,Truck,0
DEL03045,Unknown,Unknown,0,0,Truck,0
DEL03046,Unknown,Unknown,0,0,Truck,0
DEL03047,Unknown,Unknown,0,0,Truck,0
DEL03048,Unknown,Unknown,0,0,Truck,0
DEL03049,Unknown,Unknown,0,0,Truck,0
DEL03050,Unknown,Unknown,0,0,Truck,0
DEL03051,Unknown,Unknown,0,0,Truck,0
DEL03052,Unknown,Unknown,0,0,Truck,0
DEL03053,Unknown,Unknown,0,0,Truck,0
DEL03054,Unknown,Unknown,0,0,Truck,0
DEL03055,Unknown,Unknown,0,0,Truck,0
DEL03056,Unknown,Unknown,0,0,Truck,0
DEL03057,Unknown,Unknown,0,0,Truck,0
DEL03058,Unknown,Unknown,0,0,Truck,0
DEL03059,Unknown,Unknown,0,0,Truck,0
DEL03060,Unknown,Unknown,0,0,Truck,0
DEL03061,Unknown,Unknown,0,0,Truck,0
DEL03062,Unknown,Unknown,0,0,Truck,0
DEL03063,Unknown,Unknown,0,0,Truck,0
DEL03064,Unknown,Unknown,0,0,Truck,0
DEL03065,Unknown,Unknown,0,0,Truck,0
DEL03066,Unknown,Unknown,0,0,Truck,0
DEL03067,Unknown,Unknown,0,0,Truck,0
DEL03068,Unknown,Unknown,0,0,Truck,0
DEL03069,Unknown,Unknown,0,0,Truck,0
DEL03070,Unknown,Unknown,0,0,Truck,0
DEL03071,Unknown,Unknown,0,0,Truck,0
DEL03072,Unknown,Unknown,0,0,Truck,0
DEL03073,Unknown,Unknown,0,0,Truck,0
DEL03074,Unknown,Unknown,0,0,Truck,0
DEL03075,Unknown,Unknown,0,0,Truck,0
DEL03076,Unknown,Unknown,0,0,Truck,0
DEL03077,Unknown,Unknown,0,0,Truck,0
DEL03078,Unknown,Unknown,0,0,Truck,0
DEL03079,Unknown,Unknown,0,0,Truck,0
DEL03080,Unknown,Unknown,0,0,Truck,0
DEL03081,Unknown,Unknown,0,0,Truck,0
DEL03082,Unknown,Unknown,0,0,Truck,0
DEL03083,Unknown,Unknown,0,0,Truck,0
DEL03084,Unknown,Unknown,0,0,Truck,0
DEL03085,Unknown,Unknown,0,0,Truck,0
DEL03086,Unknown,Unknown,0,0,Truck,0
DEL03087,Unknown,Unknown,0,0,Truck,0
DEL03088,Unknown,Unknown,0,0,Truck,0
DEL03089,Unknown,Unknown,0,0,Truck,0
DEL03090,Unknown,Unknown,0,0,Truck,0
DEL03091,Unknown,Unknown,0,0,Truck,0
DEL03092,Unknown,Unknown,0,0,Truck,0
DEL03093,Unknown,Unknown,0,0,Truck,0
DEL03094,Unknown,Unknown,0,0,Truck,0
DEL03095,Unknown,Unknown,0,0,Truck,0
DEL03096,Unknown,Unknown,0,0,Truck,0
DEL03097,Unknown,Unknown,0,0,Truck,0
DEL03098,Unknown,Unknown,0,0,Truck,0
DEL03099,Unknown,Unknown,0,0,Truck,0
DEL03100,Unknown,Unknown,0,0,Truck,0
DEL03101,Unknown,Unknown,0,0,Truck,0
DEL03102,Unknown,Unknown,0,0,Truck,0
DEL03103,Unknown,Unknown,0,0,Truck,0
DEL03104,Unknown,Unknown,0,0,Truck,0
DEL03105,Unknown,Unknown,0,0,Truck,0
DEL03106,Unknown,Unknown,0,0,Truck,0
DEL03107,Unknown,Unknown,0,0,Truck,0
DEL03108,Unknown,Unknown,0,0,Truck,0
DEL03109,Unknown,Unknown,0,0,Truck,0
DEL03110,Unknown,Unknown,0,0,Truck,0
DEL03111,Unknown,Unknown,0,0,Truck,0
DEL03112,Unknown,Unknown,0,0,Truck,0
DEL03113,Unknown,Unknown,0,0,Truck,0
DEL03114,Unknown,Unknown,0,0,Truck,0
DEL03115,Unknown,Unknown,0,0,Truck,0
DEL03116,Unknown,Unknown,0,0,Truck,0
DEL03117,Unknown,Unknown,0,0,Truck,0
DEL03118,Unknown,Unknown,0,0,Truck,0
DEL03119,Unknown,Unknown,0,0,Truck,0
DEL03120,Unknown,Unknown,0,0,Truck,0
DEL03121,Unknown,Unknown,0,0,Truck,0
DEL03122,Unknown,Unknown,0,0,Truck,0
DEL03123,Unknown,Unknown,0,0,Truck,0
DEL03124,Unknown,Unknown,0,0,Truck,0
DEL03125,Unknown,Unknown,0,0,Truck,0
DEL03126,Unknown,Unknown,0,0,Truck,0
DEL03127,Unknown,Unknown,0,0,Truck,0
DEL03128,Unknown,Unknown,0,0,Truck,0
DEL03129,Unknown,Unknown,0,0,Truck,0
DEL03130,Unknown,Unknown,0,0,Truck,0
DEL03131,Unknown,Unknown,0,0,Truck,0
DEL03132,Unknown,Unknown,0,0,Truck,0
DEL03133,Unknown,Unknown,0,0,Truck,0
DEL03134,Unknown,Unknown,0,0,Truck,0
DEL03135,Unknown,Unknown,0,0,Truck,0
DEL03136,Unknown,Unknown,0,0,Truck,0
DEL03137,Unknown,Unknown,0,0,Truck,0
DEL03138,Unknown,Unknown,0,0,Truck,0
DEL03139,Unknown,Unknown,0,0,Truck,0
DEL03140,Unknown,Unknown,0,0,Truck,0
DEL03141,Unknown,Unknown,0,0,Truck,0
DEL03142,Unknown,Unknown,0,0,Truck,0
DEL03143,Unknown,Unknown,0,0,Truck,0
DEL03144,Unknown,Unknown,0,0,Truck,0
DEL03145,Unknown,Unknown,0,0,Truck,0
DEL03146,Unknown,Unknown,0,0,Truck,0
DEL03147,Unknown,Unknown,0,0,Truck,0
DEL03148,Unknown,Unknown,0,0,Truck,0
DEL03149,Unknown,Unknown,0,0,Truck,0
DEL03150,Unknown,Unknown,0,0,Truck,0
DEL03151,Unknown,Unknown,0,0,Truck,0
DEL03152,Unknown,Unknown,0,0,Truck,0
DEL03153,Unknown,Unknown,0,0,Truck,0
DEL03154,Unknown,Unknown,0,0,Truck,0
DEL03155,Unknown,Unknown,0,0,Truck,0
DEL03156,Unknown,Unknown,0,0,Truck,0
DEL03157,Unknown,Unknown,0,0,Truck,0
DEL03158,Unknown,Unknown,0,0,Truck,0
DEL03159,Unknown,Unknown,0,0,Truck,0
DEL03160,Unknown,Unknown,0,0,Truck,0
DEL03161,Unknown,Unknown,0,0,Truck,0
DEL03162,Unknown,Unknown,0,0,Truck,0
DEL03163,Unknown,Unknown,0,0,Truck,0
DEL03164,Unknown,Unknown,0,0,Truck,0
DEL03165,Unknown,Unknown,0,0,Truck,0
DEL03166,Unknown,Unknown,0,0,Truck,0
DEL03167,Unknown,Unknown,0,0,Truck,0
DEL03168,Unknown,Unknown,0,0,Truck,0
DEL03169,Unknown,Unknown,0,0,Truck,0
DEL03170,Unknown,Unknown,0,0,Truck,0
DEL03171,Unknown,Unknown,0,0,Truck,0
DEL03172,Unknown,Unknown,0,0,Truck,0
DEL03173,Unknown,Unknown,0,0,Truck,0
DEL03174,Unknown,Unknown,0,0,Truck,0
DEL03175,Unknown,Unknown,0,0,Truck,0
DEL03176,Unknown,Unknown,0,0,Truck,0
DEL03177,Unknown,Unknown,0,0,Truck,0
DEL03178,Unknown,Unknown,0,0,Truck,0
DEL03179,Unknown,Unknown,0,0,Truck,0
DEL03180,Unknown,Unknown,0,0,Truck,0
DEL03181,Unknown,Unknown,0,0,Truck,0
DEL03182,Unknown,Unknown,0,0,Truck,0
DEL03183,Unknown,Unknown,0,0,Truck,0
DEL03184,Unknown,Unknown,0,0,Truck,0
DEL03185,Unknown,Unknown,0,0,Truck,0
DEL03186,Unknown,Unknown,0,0,Truck,0
DEL03187,Unknown,Unknown,0,0,Truck,0
DEL03188,Unknown,Unknown,0,0,Truck,0
DEL03189,Unknown,Unknown,0,0,Truck,0
DEL03190,Unknown,Unknown,0,0,Truck,0
DEL03191,Unknown,Unknown,0,0,Truck,0
DEL03192,Unknown,Unknown,0,0,Truck,0
DEL03193,Unknown,Unknown,0,0,Truck,0
DEL03194,Unknown,Unknown,0,0,Truck,0
DEL03195,Unknown,Unknown,0,0,Truck,0
DEL03196,Unknown,Unknown,0,0,Truck,0
DEL03197,Unknown,Unknown,0,0,Truck,0
DEL03198,Unknown,Unknown,0,0,Truck,0
DEL03199,Unknown,Unknown,0,0,Truck,0
DEL03200,Unknown,Unknown,0,0,Truck,0
DEL03201,Unknown,Unknown,0,0,Truck,0
DEL03202,Unknown,Unknown,0,0,Truck,0
DEL03203,Unknown,Unknown,0,0,Truck,0
DEL03204,Unknown,Unknown,0,0,Truck,0
DEL03205,Unknown,Unknown,0,0,Truck,0
DEL03206,Unknown,Unknown,0,0,Truck,0
DEL03207,Unknown,Unknown,0,0,Truck,0
DEL03208,Unknown,Unknown,0,0,Truck,0
DEL03209,Unknown,Unknown,0,0,Truck,0
DEL03210,Unknown,Unknown,0,0,Truck,0
DEL03211,Unknown,Unknown,0,0,Truck,0
DEL03212,Unknown,Unknown,0,0,Truck,0
DEL03213,Unknown,Unknown,0,0,Truck,0
DEL03214,Unknown,Unknown,0,0,Truck,0
DEL03215,Unknown,Unknown,0,0,Truck,0
DEL03216,Unknown,Unknown,0,0,Truck,0
DEL03217,Unknown,Unknown,0,0,Truck,0
DEL03218,Unknown,Unknown,0,0,Truck,0
DEL03219,Unknown,Unknown,0,0,Truck,0
DEL03220,Unknown,Unknown,0,0,Truck,0
DEL03221,Unknown,Unknown,0,0,Truck,0
DEL03222,Unknown,Unknown,0,0,Truck,0
DEL03223,Unknown,Unknown,0,0,Truck,0
DEL03224,Unknown,Unknown,0,0,Truck,0
DEL03225,Unknown,Unknown,0,0,Truck,0
DEL03226,Unknown,Unknown,0,0,Truck,0
DEL03227,Unknown,Unknown,0,0,Truck,0
DEL03228,Unknown,Unknown,0,0,Truck,0
DEL03229,Unknown,Unknown,0,0,Truck,0
DEL03230,Unknown,Unknown,0,0,Truck,0
DEL03231,Unknown,Unknown,0,0,Truck,0
DEL03232,Unknown,Unknown,0,0,Truck,0
DEL03233,Unknown,Unknown,0,0,Truck,0
DEL03234,Unknown,Unknown,0,0,Truck,0
DEL03235,Unknown,Unknown,0,0,Truck,0
DEL03236,Unknown,Unknown,0,0,Truck,0
DEL03237,Unknown,Unknown,0,0,Truck,0
DEL03238,Unknown,Unknown,0,0,Truck,0
DEL03239,Unknown,Unknown,0,0,Truck,0
DEL03240,Unknown,Unknown,0,0,Truck,0
DEL03241,Unknown,Unknown,0,0,Truck,0
DEL03242,Unknown,Unknown,0,0,Truck,0
DEL03243,Unknown,Unknown,0,0,Truck,0
DEL03244,Unknown,Unknown,0,0,Truck,0
DEL03245,Unknown,Unknown,0,0,Truck,0
DEL03246,Unknown,Unknown,0,0,Truck,0
DEL03247,Unknown,Unknown,0,0,Truck,0
DEL03248,Unknown,Unknown,0,0,Truck,0
DEL03249,Unknown,Unknown,0,0,Truck,0
DEL03250,Unknown,Unknown,0,0,Truck,0
DEL03251,Unknown,Unknown,0,0,Truck,0
DEL03252,Unknown,Unknown,0,0,Truck,0
DEL03253,Unknown,Unknown,0,0,Truck,0
DEL03254,Unknown,Unknown,0,0,Truck,0
DEL03255,Unknown,Unknown,0,0,Truck,0
DEL03256,Unknown,Unknown,0,0,Truck,0
DEL03257,Unknown,Unknown,0,0,Truck,0
DEL03258,Unknown,Unknown,0,0,Truck,0
DEL03259,Unknown,Unknown,0,0,Truck,0
DEL03260,Unknown,Unknown,0,0,Truck,0
DEL03261,Unknown,Unknown,0,0,Truck,0
DEL03262,Unknown,Unknown,0,0,Truck,0
DEL03263,Unknown,Unknown,0,0,Truck,0
DEL03264,Unknown,Unknown,0,0,Truck,0
DEL03265,Unknown,Unknown,0,0,Truck,0
DEL03266,Unknown,Unknown,0,0,Truck,0
DEL03267,Unknown,Unknown,0,0,Truck,0
DEL03268,Unknown,Unknown,0,0,Truck,0
DEL03269,Unknown,Unknown,0,0,Truck,0
DEL03270,Unknown,Unknown,0,0,Truck,0
DEL03271,Unknown,Unknown,0,0,Truck,0
DEL03272,Unknown,Unknown,0,0,Truck,0
DEL03273,Unknown,Unknown,0,0,Truck,0
DEL03274,Unknown,Unknown,0,0,Truck,0
DEL03275,Unknown,Unknown,0,0,Truck,0
DEL03276,Unknown,Unknown,0,0,Truck,0
DEL03277,Unknown,Unknown,0,0,Truck,0
DEL03278,Unknown,Unknown,0,0,Truck,0
DEL03279,Unknown,Unknown,0,0,Truck,0
DEL03280,Unknown,Unknown,0,0,Truck,0
DEL03281,Unknown,Unknown,0,0,Truck,0
DEL03282,Unknown,Unknown,0,0,Truck,0
DEL03283,Unknown,Unknown,0,0,Truck,0
DEL03284,Unknown,Unknown,0,0,Truck,0
DEL03285,Unknown,Unknown,0,0,Truck,0
DEL03286,Unknown,Unknown,0,0,Truck,0
DEL03287,Unknown,Unknown,0,0,Truck,0
DEL03288,Unknown,Unknown,0,0,Truck,0
DEL03289,Unknown,Unknown,0,0,Truck,0
DEL03290,Unknown,Unknown,0,0,Truck,0
DEL03291,Unknown,Unknown,0,0,Truck,0
DEL03292,Unknown,Unknown,0,0,Truck,0
DEL03293,Unknown,Unknown,0,0,Truck,0
DEL03294,Unknown,Unknown,0,0,Truck,0
DEL03295,Unknown,Unknown,0,0,Truck,0
DEL03296,Unknown,Unknown,0,0,Truck,0
DEL03297,Unknown,Unknown,0,0,Truck,0
DEL03298,Unknown,Unknown,0,0,Truck,0
DEL03299,Unknown,Unknown,0,0,Truck,0
DEL03300,Unknown,Unknown,0,0,Truck,0
DEL03301,Unknown,Unknown,0,0,Truck,0
DEL03302,Unknown,Unknown,0,0,Truck,0
DEL03303,Unknown,Unknown,0,0,Truck,0
DEL03304,Unknown,Unknown,0,0,Truck,0
DEL03305,Unknown,Unknown,0,0,Truck,0
DEL03306,Unknown,Unknown,0,0,Truck,0
DEL03307,Unknown,Unknown,0,0,Truck,0
DEL03308,Unknown,Unknown,0,0,Truck,0
DEL03309,Unknown,Unknown,0,0,Truck,0
DEL03310,Unknown,Unknown,0,0,Truck,0
DEL03311,Unknown,Unknown,0,0,Truck,0
DEL03312,Unknown,Unknown,0,0,Truck,0
DEL03313,Unknown,Unknown,0,0,Truck,0
DEL03314,Unknown,Unknown,0,0,Truck,0
DEL03315,Unknown,Unknown,0,0,Truck,0
DEL03316,Unknown,Unknown,0,0,Truck,0
DEL03317,Unknown,Unknown,0,0,Truck,0
DEL03318,Unknown,Unknown,0,0,Truck,0
DEL03319,Unknown,Unknown,0,0,Truck,0
DEL03320,Unknown,Unknown,0,0,Truck,0
DEL03321,Unknown,Unknown,0,0,Truck,0
DEL03322,Unknown,Unknown,0,0,Truck,0
DEL03323,Unknown,Unknown,0,0,Truck,0
DEL03324,Unknown,Unknown,0,0,Truck,0
DEL03325,Unknown,Unknown,0,0,Truck,0
DEL03326,Unknown,Unknown,0,0,Truck,0
DEL03327,Unknown,Unknown,0,0,Truck,0
DEL03328,Unknown,Unknown,0,0,Truck,0
DEL03329,Unknown,Unknown,0,0,Truck,0
DEL03330,Unknown,Unknown,0,0,Truck,0
DEL03331,Unknown,Unknown,0,0,Truck,0
DEL03332,Unknown,Unknown,0,0,Truck,0
DEL03333,Unknown,Unknown,0,0,Truck,0
DEL03334,Unknown,Unknown,0,0,Truck,0
DEL03335,Unknown,Unknown,0,0,Truck,0
DEL03336,Unknown,Unknown,0,0,Truck,0
DEL03337,Unknown,Unknown,0,0,Truck,0
DEL03338,Unknown,Unknown,0,0,Truck,0
DEL03339,Unknown,Unknown,0,0,Truck,0
DEL03340,Unknown,Unknown,0,0,Truck,0
DEL03341,Unknown,Unknown,0,0,Truck,0
DEL03342,Unknown,Unknown,0,0,Truck,0
DEL03343,Unknown,Unknown,0,0,Truck,0
DEL03344,Unknown,Unknown,0,0,Truck,0
DEL03345,Unknown,Unknown,0,0,Truck,0
DEL03346,Unknown,Unknown,0,0,Truck,0
DEL03347,Unknown,Unknown,0,0,Truck,0
DEL03348,Unknown,Unknown,0,0,Truck,0
DEL03349,Unknown,Unknown,0,0,Truck,0
DEL03350,Unknown,Unknown,0,0,Truck,0
DEL03351,Unknown,Unknown,0,0,Truck,0
DEL03352,Unknown,Unknown,0,0,Truck,0
DEL03353,Unknown,Unknown,0,0,Truck,0
DEL03354,Unknown,Unknown,0,0,Truck,0
DEL03355,Unknown,Unknown,0,0,Truck,0
DEL03356,Unknown,Unknown,0,0,Truck,0
DEL03357,Unknown,Unknown,0,0,Truck,0
DEL03358,Unknown,Unknown,0,0,Truck,0
DEL03359,Unknown,Unknown,0,0,Truck,0
DEL03360,Unknown,Unknown,0,0,Truck,0
DEL03361,Unknown,Unknown,0,0,Truck,0
DEL03362,Unknown,Unknown,0,0,Truck,0
DEL03363,Unknown,Unknown,0,0,Truck,0
DEL03364,Unknown,Unknown,0,0,Truck,0
DEL03365,Unknown,Unknown,0,0,Truck,0
DEL03366,Unknown,Unknown,0,0,Truck,0
DEL03367,Unknown,Unknown,0,0,Truck,0
DEL03368,Unknown,Unknown,0,0,Truck,0
DEL03369,Unknown,Unknown,0,0,Truck,0
DEL03370,Unknown,Unknown,0,0,Truck,0
DEL03371,Unknown,Unknown,0,0,Truck,0
DEL03372,Unknown,Unknown,0,0,Truck,0
DEL03373,Unknown,Unknown,0,0,Truck,0
DEL03374,Unknown,Unknown,0,0,Truck,0
DEL03375,Unknown,Unknown,0,0,Truck,0
DEL03376,Unknown,Unknown,0,0,Truck,0
DEL03377,Unknown,Unknown,0,0,Truck,0
DEL03378,Unknown,Unknown,0,0,Truck,0
DEL03379,Unknown,Unknown,0,0,Truck,0
DEL03380,Unknown,Unknown,0,0,Truck,0
DEL03381,Unknown,Unknown,0,0,Truck,0
DEL03382,Unknown,Unknown,0,0,Truck,0
DEL03383,Unknown,Unknown,0,0,Truck,0
DEL03384,Unknown,Unknown,0,0,Truck,0
DEL03385,Unknown,Unknown,0,0,Truck,0
DEL03386,Unknown,Unknown,0,0,Truck,0
DEL03387,Unknown,Unknown,0,0,Truck,0
DEL03388,Unknown,Unknown,0,0,Truck,0
DEL03389,Unknown,Unknown,0,0,Truck,0
DEL03390,Unknown,Unknown,0,0,Truck,0
DEL03391,Unknown,Unknown,0,0,Truck,0
DEL03392,Unknown,Unknown,0,0,Truck,0
DEL03393,Unknown,Unknown,0,0,Truck,0
DEL03394,Unknown,Unknown,0,0,Truck,0
DEL03395,Unknown,Unknown,0,0,Truck,0
DEL03396,Unknown,Unknown,0,0,Truck,0
DEL03397,Unknown,Unknown,0,0,Truck,0
DEL03398,Unknown,Unknown,0,0,Truck,0
DEL03399,Unknown,Unknown,0,0,Truck,0
DEL03400,Unknown,Unknown,0,0,Truck,0
DEL03401,Unknown,Unknown,0,0,Truck,0
DEL03402,Unknown,Unknown,0,0,Truck,0
DEL03403,Unknown,Unknown,0,0,Truck,0
DEL03404,Unknown,Unknown,0,0,Truck,0
DEL03405,Unknown,Unknown,0,0,Truck,0
DEL03406,Unknown,Unknown,0,0,Truck,0
DEL03407,Unknown,Unknown,0,0,Truck,0
DEL03408,Unknown,Unknown,0,0,Truck,0
DEL03409,Unknown,Unknown,0,0,Truck,0
DEL03410,Unknown,Unknown,0,0,Truck,0
DEL03411,Unknown,Unknown,0,0,Truck,0
DEL03412,Unknown,Unknown,0,0,Truck,0
DEL03413,Unknown,Unknown,0,0,Truck,0
DEL03414,Unknown,Unknown,0,0,Truck,0
DEL03415,Unknown,Unknown,0,0,Truck,0
DEL03416,Unknown,Unknown,0,0,Truck,0
DEL03417,Unknown,Unknown,0,0,Truck,0
DEL03418,Unknown,Unknown,0,0,Truck,0
DEL03419,Unknown,Unknown,0,0,Truck,0
DEL03420,Unknown,Unknown,0,0,Truck,0
DEL03421,Unknown,Unknown,0,0,Truck,0
DEL03422,Unknown,Unknown,0,0,Truck,0
DEL03423,Unknown,Unknown,0,0,Truck,0
DEL03424,Unknown,Unknown,0,0,Truck,0
DEL03425,Unknown,Unknown,0,0,Truck,0
DEL03426,Unknown,Unknown,0,0,Truck,0
DEL03427,Unknown,Unknown,0,0,Truck,0
DEL03428,Unknown,Unknown,0,0,Truck,0
DEL03429,Unknown,Unknown,0,0,Truck,0
DEL03430,Unknown,Unknown,0,0,Truck,0
DEL03431,Unknown,Unknown,0,0,Truck,0
DEL03432,Unknown,Unknown,0,0,Truck,0
DEL03433,Unknown,Unknown,0,0,Truck,0
DEL03434,Unknown,Unknown,0,0,Truck,0
DEL03435,Unknown,Unknown,0,0,Truck,0
DEL03436,Unknown,Unknown,0,0,Truck,0
DEL03437,Unknown,Unknown,0,0,Truck,0
DEL03438,Unknown,Unknown,0,0,Truck,0
DEL03439,Unknown,Unknown,0,0,Truck,0
DEL03440,Unknown,Unknown,0,0,Truck,0
DEL03441,Unknown,Unknown,0,0,Truck,0
DEL03442,Unknown,Unknown,0,0,Truck,0
DEL03443,Unknown,Unknown,0,0,Truck,0
DEL03444,Unknown,Unknown,0,0,Truck,0
DEL03445,Unknown,Unknown,0,0,Truck,0
DEL03446,Unknown,Unknown,0,0,Truck,0
DEL03447,Unknown,Unknown,0,0,Truck,0
DEL03448,Unknown,Unknown,0,0,Truck,0
DEL03449,Unknown,Unknown,0,0,Truck,0
DEL03450,Unknown,Unknown,0,0,Truck,0
DEL03451,Unknown,Unknown,0,0,Truck,0
DEL03452,Unknown,Unknown,0,0,Truck,0
DEL03453,Unknown,Unknown,0,0,Truck,0
DEL03454,Unknown,Unknown,0,0,Truck,0
DEL03455,Unknown,Unknown,0,0,Truck,0
DEL03456,Unknown,Unknown,0,0,Truck,0
DEL03457,Unknown,Unknown,0,0,Truck,0
DEL03458,Unknown,Unknown,0,0,Truck,0
DEL03459,Unknown,Unknown,0,0,Truck,0
DEL03460,Unknown,Unknown,0,0,Truck,0
DEL03461,Unknown,Unknown,0,0,Truck,0
DEL03462,Unknown,Unknown,0,0,Truck,0
DEL03463,Unknown,Unknown,0,0,Truck,0
DEL03464,Unknown,Unknown,0,0,Truck,0
DEL03465,Unknown,Unknown,0,0,Truck,0
DEL03466,Unknown,Unknown,0,0,Truck,0
DEL03467,Unknown,Unknown,0,0,Truck,0
DEL03468,Unknown,Unknown,0,0,Truck,0
DEL03469,Unknown,Unknown,0,0,Truck,0
DEL03470,Unknown,Unknown,0,0,Truck,0
DEL03471,Unknown,Unknown,0,0,Truck,0
DEL03472,Unknown,Unknown,0,0,Truck,0
DEL03473,Unknown,Unknown,0,0,Truck,0
DEL03474,Unknown,Unknown,0,0,Truck,0
DEL03475,Unknown,Unknown,0,0,Truck,0
DEL03476,Unknown,Unknown,0,0,Truck,0
DEL03477,Unknown,Unknown,0,0,Truck,0
DEL03478,Unknown,Unknown,0,0,Truck,0
DEL03479,Unknown,Unknown,0,0,Truck,0
DEL03480,Unknown,Unknown,0,0,Truck,0
DEL03481,Unknown,Unknown,0,0,Truck,0
DEL03482,Unknown,Unknown,0,0,Truck,0
DEL03483,Unknown,Unknown,0,0,Truck,0
DEL03484,Unknown,Unknown,0,0,Truck,0
DEL03485,Unknown,Unknown,0,0,Truck,0
DEL03486,Unknown,Unknown,0,0,Truck,0
DEL03487,Unknown,Unknown,0,0,Truck,0
DEL03488,Unknown,Unknown,0,0,Truck,0
DEL03489,Unknown,Unknown,0,0,Truck,0
DEL03490,Unknown,Unknown,0,0,Truck,0
DEL03491,Unknown,Unknown,0,0,Truck,0
DEL03492,Unknown,Unknown,0,0,Truck,0
DEL03493,Unknown,Unknown,0,0,Truck,0
DEL03494,Unknown,Unknown,0,0,Truck,0
DEL03495,Unknown,Unknown,0,0,Truck,0
DEL03496,Unknown,Unknown,0,0,Truck,0
DEL03497,Unknown,Unknown,0,0,Truck,0
DEL03498,Unknown,Unknown,0,0,Truck,0
DEL03499,Unknown,Unknown,0,0,Truck,0
DEL03500,Unknown,Unknown,0,0,Truck,0
DEL03501,Unknown,Unknown,0,0,Truck,0
DEL03502,Unknown,Unknown,0,0,Truck,0
DEL03503,Unknown,Unknown,0,0,Truck,0
DEL03504,Unknown,Unknown,0,0,Truck,0
DEL03505,Unknown,Unknown,0,0,Truck,0
DEL03506,Unknown,Unknown,0,0,Truck,0
DEL03507,Unknown,Unknown,0,0,Truck,0
DEL03508,Unknown,Unknown,0,0,Truck,0
DEL03509,Unknown,Unknown,0,0,Truck,0
DEL03510,Unknown,Unknown,0,0,Truck,0
DEL03511,Unknown,Unknown,0,0,Truck,0
DEL03512,Unknown,Unknown,0,0,Truck,0
DEL03513,Unknown,Unknown,0,0,Truck,0
DEL03514,Unknown,Unknown,0,0,Truck,0
DEL03515,Unknown,Unknown,0,0,Truck,0
DEL03516,Unknown,Unknown,0,0,Truck,0
DEL03517,Unknown,Unknown,0,0,Truck,0
DEL03518,Unknown,Unknown,0,0,Truck,0
DEL03519,Unknown,Unknown,0,0,Truck,0
DEL03520,Unknown,Unknown,0,0,Truck,0
DEL03521,Unknown,Unknown,0,0,Truck,0
DEL03522,Unknown,Unknown,0,0,Truck,0
DEL03523,Unknown,Unknown,0,0,Truck,0
DEL03524,Unknown,Unknown,0,0,Truck,0
DEL03525,Unknown,Unknown,0,0,Truck,0
DEL03526,Unknown,Unknown,0,0,Truck,0
DEL03527,Unknown,Unknown,0,0,Truck,0
DEL03528,Unknown,Unknown,0,0,Truck,0
DEL03529,Unknown,Unknown,0,0,Truck,0
DEL03530,Unknown,Unknown,0,0,Truck,0
DEL03531,Unknown,Unknown,0,0,Truck,0
DEL03532,Unknown,Unknown,0,0,Truck,0
DEL03533,Unknown,Unknown,0,0,Truck,0
DEL03534,Unknown,Unknown,0,0,Truck,0
DEL03535,Unknown,Unknown,0,0,Truck,0
DEL03536,Unknown,Unknown,0,0,Truck,0
DEL03537,Unknown,Unknown,0,0,Truck,0
DEL03538,Unknown,Unknown,0,0,Truck,0
DEL03539,Unknown,Unknown,0,0,Truck,0
DEL03540,Unknown,Unknown,0,0,Truck,0
DEL03541,Unknown,Unknown,0,0,Truck,0
DEL03542,Unknown,Unknown,0,0,Truck,0
DEL03543,Unknown,Unknown,0,0,Truck,0
DEL03544,Unknown,Unknown,0,0,Truck,0
DEL03545,Unknown,Unknown,0,0,Truck,0
DEL03546,Unknown,Unknown,0,0,Truck,0
DEL03547,Unknown,Unknown,0,0,Truck,0
DEL03548,Unknown,Unknown,0,0,Truck,0
DEL03549,Unknown,Unknown,0,0,Truck,0
DEL03550,Unknown,Unknown,0,0,Truck,0
DEL03551,Unknown,Unknown,0,0,Truck,0
DEL03552,Unknown,Unknown,0,0,Truck,0
DEL03553,Unknown,Unknown,0,0,Truck,0
DEL03554,Unknown,Unknown,0,0,Truck,0
DEL03555,Unknown,Unknown,0,0,Truck,0
DEL03556,Unknown,Unknown,0,0,Truck,0
DEL03557,Unknown,Unknown,0,0,Truck,0
DEL03558,Unknown,Unknown,0,0,Truck,0
DEL03559,Unknown,Unknown,0,0,Truck,0
DEL03560,Unknown,Unknown,0,0,Truck,0
DEL03561,Unknown,Unknown,0,0,Truck,0
DEL03562,Unknown,Unknown,0,0,Truck,0
DEL03563,Unknown,Unknown,0,0,Truck,0
DEL03564,Unknown,Unknown,0,0,Truck,0
DEL03565,Unknown,Unknown,0,0,Truck,0
DEL03566,Unknown,Unknown,0,0,Truck,0
DEL03567,Unknown,Unknown,0,0,Truck,0
DEL03568,Unknown,Unknown,0,0,Truck,0
DEL03569,Unknown,Unknown,0,0,Truck,0
DEL03570,Unknown,Unknown,0,0,Truck,0
DEL03571,Unknown,Unknown,0,0,Truck,0
DEL03572,Unknown,Unknown,0,0,Truck,0
DEL03573,Unknown,Unknown,0,0,Truck,0
DEL03574,Unknown,Unknown,0,0,Truck,0
DEL03575,Unknown,Unknown,0,0,Truck,0
DEL03576,Unknown,Unknown,0,0,Truck,0
DEL03577,Unknown,Unknown,0,0,Truck,0
DEL03578,Unknown,Unknown,0,0,Truck,0
DEL03579,Unknown,Unknown,0,0,Truck,0
DEL03580,Unknown,Unknown,0,0,Truck,0
DEL03581,Unknown,Unknown,0,0,Truck,0
DEL03582,Unknown,Unknown,0,0,Truck,0
DEL03583,Unknown,Unknown,0,0,Truck,0
DEL03584,Unknown,Unknown,0,0,Truck,0
DEL03585,Unknown,Unknown,0,0,Truck,0
DEL03586,Unknown,Unknown,0,0,Truck,0
DEL03587,Unknown,Unknown,0,0,Truck,0
DEL03588,Unknown,Unknown,0,0,Truck,0
DEL03589,Unknown,Unknown,0,0,Truck,0
DEL03590,Unknown,Unknown,0,0,Truck,0
DEL03591,Unknown,Unknown,0,0,Truck,0
DEL03592,Unknown,Unknown,0,0,Truck,0
DEL03593,Unknown,Unknown,0,0,Truck,0
DEL03594,Unknown,Unknown,0,0,Truck,0
DEL03595,Unknown,Unknown,0,0,Truck,0
DEL03596,Unknown,Unknown,0,0,Truck,0
DEL03597,Unknown,Unknown,0,0,Truck,0
DEL03598,Unknown,Unknown,0,0,Truck,0
DEL03599,Unknown,Unknown,0,0,Truck,0
DEL03600,Unknown,Unknown,0,0,Truck,0
DEL03601,Unknown,Unknown,0,0,Truck,0
DEL03602,Unknown,Unknown,0,0,Truck,0
DEL03603,Unknown,Unknown,0,0,Truck,0
DEL03604,Unknown,Unknown,0,0,Truck,0
DEL03605,Unknown,Unknown,0,0,Truck,0
DEL03606,Unknown,Unknown,0,0,Truck,0
DEL03607,Unknown,Unknown,0,0,Truck,0
DEL03608,Unknown,Unknown,0,0,Truck,0
DEL03609,Unknown,Unknown,0,0,Truck,0
DEL03610,Unknown,Unknown,0,0,Truck,0
DEL03611,Unknown,Unknown,0,0,Truck,0
DEL03612,Unknown,Unknown,0,0,Truck,0
DEL03613,Unknown,Unknown,0,0,Truck,0
DEL03614,Unknown,Unknown,0,0,Truck,0
DEL03615,Unknown,Unknown,0,0,Truck,0
DEL03616,Unknown,Unknown,0,0,Truck,0
DEL03617,Unknown,Unknown,0,0,Truck,0
DEL03618,Unknown,Unknown,0,0,Truck,0
DEL03619,Unknown,Unknown,0,0,Truck,0
DEL03620,Unknown,Unknown,0,0,Truck,0
DEL03621,Unknown,Unknown,0,0,Truck,0
DEL03622,Unknown,Unknown,0,0,Truck,0
DEL03623,Unknown,Unknown,0,0,Truck,0
DEL03624,Unknown,Unknown,0,0,Truck,0
DEL03625,Unknown,Unknown,0,0,Truck,0
DEL03626,Unknown,Unknown,0,0,Truck,0
DEL03627,Unknown,Unknown,0,0,Truck,0
DEL03628,Unknown,Unknown,0,0,Truck,0
DEL03629,Unknown,Unknown,0,0,Truck,0
DEL03630,Unknown,Unknown,0,0,Truck,0
DEL03631,Unknown,Unknown,0,0,Truck,0
DEL03632,Unknown,Unknown,0,0,Truck,0
DEL03633,Unknown,Unknown,0,0,Truck,0
DEL03634,Unknown,Unknown,0,0,Truck,0
DEL03635,Unknown,Unknown,0,0,Truck,0
DEL03636,Unknown,Unknown,0,0,Truck,0
DEL03637,Unknown,Unknown,0,0,Truck,0
DEL03638,Unknown,Unknown,0,0,Truck,0
DEL03639,Unknown,Unknown,0,0,Truck,0
DEL03640,Unknown,Unknown,0,0,Truck,0
DEL03641,Unknown,Unknown,0,0,Truck,0
DEL03642,Unknown,Unknown,0,0,Truck,0
DEL03643,Unknown,Unknown,0,0,Truck,0
DEL03644,Unknown,Unknown,0,0,Truck,0
DEL03645,Unknown,Unknown,0,0,Truck,0
DEL03646,Unknown,Unknown,0,0,Truck,0
DEL03647,Unknown,Unknown,0,0,Truck,0
DEL03648,Unknown,Unknown,0,0,Truck,0
DEL03649,Unknown,Unknown,0,0,Truck,0
DEL03650,Unknown,Unknown,0,0,Truck,0
DEL03651,Unknown,Unknown,0,0,Truck,0
DEL03652,Unknown,Unknown,0,0,Truck,0
DEL03653,Unknown,Unknown,0,0,Truck,0
DEL03654,Unknown,Unknown,0,0,Truck,0
DEL03655,Unknown,Unknown,0,0,Truck,0
DEL03656,Unknown,Unknown,0,0,Truck,0
DEL03657,Unknown,Unknown,0,0,Truck,0
DEL03658,Unknown,Unknown,0,0,Truck,0
DEL03659,Unknown,Unknown,0,0,Truck,0
DEL03660,Unknown,Unknown,0,0,Truck,0
DEL03661,Unknown,Unknown,0,0,Truck,0
DEL03662,Unknown,Unknown,0,0,Truck,0
DEL03663,Unknown,Unknown,0,0,Truck,0
DEL03664,Unknown,Unknown,0,0,Truck,0
DEL03665,Unknown,Unknown,0,0,Truck,0
DEL03666,Unknown,Unknown,0,0,Truck,0
DEL03667,Unknown,Unknown,0,0,Truck,0
DEL03668,Unknown,Unknown,0,0,Truck,0
DEL03669,Unknown,Unknown,0,0,Truck,0
DEL03670,Unknown,Unknown,0,0,Truck,0
DEL03671,Unknown,Unknown,0,0,Truck,0
DEL03672,Unknown,Unknown,0,0,Truck,0
DEL03673,Unknown,Unknown,0,0,Truck,0
DEL03674,Unknown,Unknown,0,0,Truck,0
DEL03675,Unknown,Unknown,0,0,Truck,0
DEL03676,Unknown,Unknown,0,0,Truck,0
DEL03677,Unknown,Unknown,0,0,Truck,0
DEL03678,Unknown,Unknown,0,0,Truck,0
DEL03679,Unknown,Unknown,0,0,Truck,0
DEL03680,Unknown,Unknown,0,0,Truck,0
DEL03681,Unknown,Unknown,0,0,Truck,0
DEL03682,Unknown,Unknown,0,0,Truck,0
DEL03683,Unknown,Unknown,0,0,Truck,0
DEL03684,Unknown,Unknown,0,0,Truck,0
DEL03685,Unknown,Unknown,0,0,Truck,0
DEL03686,Unknown,Unknown,0,0,Truck,0
DEL03687,Unknown,Unknown,0,0,Truck,0
DEL03688,Unknown,Unknown,0,0,Truck,0
DEL03689,Unknown,Unknown,0,0,Truck,0
DEL03690,Unknown,Unknown,0,0,Truck,0
DEL03691,Unknown,Unknown,0,0,Truck,0
DEL03692,Unknown,Unknown,0,0,Truck,0
DEL03693,Unknown,Unknown,0,0,Truck,0
DEL03694,Unknown,Unknown,0,0,Truck,0
DEL03695,Unknown,Unknown,0,0,Truck,0
DEL03696,Unknown,Unknown,0,0,Truck,0
DEL03697,Unknown,Unknown,0,0,Truck,0
DEL03698,Unknown,Unknown,0,0,Truck,0
DEL03699,Unknown,Unknown,0,0,Truck,0
DEL03700,Unknown,Unknown,0,0,Truck,0
DEL03701,Unknown,Unknown,0,0,Truck,0
DEL03702,Unknown,Unknown,0,0,Truck,0
DEL03703,Unknown,Unknown,0,0,Truck,0
DEL03704,Unknown,Unknown,0,0,Truck,0
DEL03705,Unknown,Unknown,0,0,Truck,0
DEL03706,Unknown,Unknown,0,0,Truck,0
DEL03707,Unknown,Unknown,0,0,Truck,0
DEL03708,Unknown,Unknown,0,0,Truck,0
DEL03709,Unknown,Unknown,0,0,Truck,0
DEL03710,Unknown,Unknown,0,0,Truck,0
DEL03711,Unknown,Unknown,0,0,Truck,0
DEL03712,Unknown,Unknown,0,0,Truck,0
DEL03713,Unknown,Unknown,0,0,Truck,0
DEL03714,Unknown,Unknown,0,0,Truck,0
DEL03715,Unknown,Unknown,0,0,Truck,0
DEL03716,Unknown,Unknown,0,0,Truck,0
DEL03717,Unknown,Unknown,0,0,Truck,0
DEL03718,Unknown,Unknown,0,0,Truck,0
DEL03719,Unknown,Unknown,0,0,Truck,0
DEL03720,Unknown,Unknown,0,0,Truck,0
DEL03721,Unknown,Unknown,0,0,Truck,0
DEL03722,Unknown,Unknown,0,0,Truck,0
DEL03723,Unknown,Unknown,0,0,Truck,0
DEL03724,Unknown,Unknown,0,0,Truck,0
DEL03725,Unknown,Unknown,0,0,Truck,0
DEL03726,Unknown,Unknown,0,0,Truck,0
DEL03727,Unknown,Unknown,0,0,Truck,0
DEL03728,Unknown,Unknown,0,0,Truck,0
DEL03729,Unknown,Unknown,0,0,Truck,0
DEL03730,Unknown,Unknown,0,0,Truck,0
DEL03731,Unknown,Unknown,0,0,Truck,0
DEL03732,Unknown,Unknown,0,0,Truck,0
DEL03733,Unknown,Unknown,0,0,Truck,0
DEL03734,Unknown,Unknown,0,0,Truck,0
DEL03735,Unknown,Unknown,0,0,Truck,0
DEL03736,Unknown,Unknown,0,0,Truck,0
DEL03737,Unknown,Unknown,0,0,Truck,0
DEL03738,Unknown,Unknown,0,0,Truck,0
DEL03739,Unknown,Unknown,0,0,Truck,0
DEL03740,Unknown,Unknown,0,0,Truck,0
DEL03741,Unknown,Unknown,0,0,Truck,0
DEL03742,Unknown,Unknown,0,0,Truck,0
DEL03743,Unknown,Unknown,0,0,Truck,0
DEL03744,Unknown,Unknown,0,0,Truck,0
DEL03745,Unknown,Unknown,0,0,Truck,0
DEL03746,Unknown,Unknown,0,0,Truck,0
DEL03747,Unknown,Unknown,0,0,Truck,0
DEL03748,Unknown,Unknown,0,0,Truck,0
DEL03749,Unknown,Unknown,0,0,Truck,0
DEL03750,Unknown,Unknown,0,0,Truck,0
DEL03751,Unknown,Unknown,0,0,Truck,0
DEL03752,Unknown,Unknown,0,0,Truck,0
DEL03753,Unknown,Unknown,0,0,Truck,0
DEL03754,Unknown,Unknown,0,0,Truck,0
DEL03755,Unknown,Unknown,0,0,Truck,0
DEL03756,Unknown,Unknown,0,0,Truck,0
DEL03757,Unknown,Unknown,0,0,Truck,0
DEL03758,Unknown,Unknown,0,0,Truck,0
DEL03759,Unknown,Unknown,0,0,Truck,0
DEL03760,Unknown,Unknown,0,0,Truck,0
DEL03761,Unknown,Unknown,0,0,Truck,0
DEL03762,Unknown,Unknown,0,0,Truck,0
DEL03763,Unknown,Unknown,0,0,Truck,0
DEL03764,Unknown,Unknown,0,0,Truck,0
DEL03765,Unknown,Unknown,0,0,Truck,0
DEL03766,Unknown,Unknown,0,0,Truck,0
DEL03767,Unknown,Unknown,0,0,Truck,0
DEL03768,Unknown,Unknown,0,0,Truck,0
DEL03769,Unknown,Unknown,0,0,Truck,0
DEL03770,Unknown,Unknown,0,0,Truck,0
DEL03771,Unknown,Unknown,0,0,Truck,0
DEL03772,Unknown,Unknown,0,0,Truck,0
DEL03773,Unknown,Unknown,0,0,Truck,0
DEL03774,Unknown,Unknown,0,0,Truck,0
DEL03775,Unknown,Unknown,0,0,Truck,0
DEL03776,Unknown,Unknown,0,0,Truck,0
DEL03777,Unknown,Unknown,0,0,Truck,0
DEL03778,Unknown,Unknown,0,0,Truck,0
DEL03779,Unknown,Unknown,0,0,Truck,0
DEL03780,Unknown,Unknown,0,0,Truck,0
DEL03781,Unknown,Unknown,0,0,Truck,0
DEL03782,Unknown,Unknown,0,0,Truck,0
DEL03783,Unknown,Unknown,0,0,Truck,0
DEL03784,Unknown,Unknown,0,0,Truck,0
DEL03785,Unknown,Unknown,0,0,Truck,0
DEL03786,Unknown,Unknown,0,0,Truck,0
DEL03787,Unknown,Unknown,0,0,Truck,0
DEL03788,Unknown,Unknown,0,0,Truck,0
DEL03789,Unknown,Unknown,0,0,Truck,0
DEL03790,Unknown,Unknown,0,0,Truck,0
DEL03791,Unknown,Unknown,0,0,Truck,0
DEL03792,Unknown,Unknown,0,0,Truck,0
DEL03793,Unknown,Unknown,0,0,Truck,0
DEL03794,Unknown,Unknown,0,0,Truck,0
DEL03795,Unknown,Unknown,0,0,Truck,0
DEL03796,Unknown,Unknown,0,0,Truck,0
DEL03797,Unknown,Unknown,0,0,Truck,0
DEL03798,Unknown,Unknown,0,0,Truck,0
DEL03799,Unknown,Unknown,0,0,Truck,0
DEL03800,Unknown,Unknown,0,0,Truck,0
DEL03801,Unknown,Unknown,0,0,Truck,0
DEL03802,Unknown,Unknown,0,0,Truck,0
DEL03803,Unknown,Unknown,0,0,Truck,0
DEL03804,Unknown,Unknown,0,0,Truck,0
DEL03805,Unknown,Unknown,0,0,Truck,0
DEL03806,Unknown,Unknown,0,0,Truck,0
DEL03807,Unknown,Unknown,0,0,Truck,0
DEL03808,Unknown,Unknown,0,0,Truck,0
DEL03809,Unknown,Unknown,0,0,Truck,0
DEL03810,Unknown,Unknown,0,0,Truck,0
DEL03811,Unknown,Unknown,0,0,Truck,0
DEL03812,Unknown,Unknown,0,0,Truck,0
DEL03813,Unknown,Unknown,0,0,Truck,0
DEL03814,Unknown,Unknown,0,0,Truck,0
DEL03815,Unknown,Unknown,0,0,Truck,0
DEL03816,Unknown,Unknown,0,0,Truck,0
DEL03817,Unknown,Unknown,0,0,Truck,0
DEL03818,Unknown,Unknown,0,0,Truck,0
DEL03819,Unknown,Unknown,0,0,Truck,0
DEL03820,Unknown,Unknown,0,0,Truck,0
DEL03821,Unknown,Unknown,0,0,Truck,0
DEL03822,Unknown,Unknown,0,0,Truck,0
DEL03823,Unknown,Unknown,0,0,Truck,0
DEL03824,Unknown,Unknown,0,0,Truck,0
DEL03825,Unknown,Unknown,0,0,Truck,0
DEL03826,Unknown,Unknown,0,0,Truck,0
DEL03827,Unknown,Unknown,0,0,Truck,0
DEL03828,Unknown,Unknown,0,0,Truck,0
DEL03829,Unknown,Unknown,0,0,Truck,0
DEL03830,Unknown,Unknown,0,0,Truck,0
DEL03831,Unknown,Unknown,0,0,Truck,0
DEL03832,Unknown,Unknown,0,0,Truck,0
DEL03833,Unknown,Unknown,0,0,Truck,0
DEL03834,Unknown,Unknown,0,0,Truck,0
DEL03835,Unknown,Unknown,0,0,Truck,0
DEL03836,Unknown,Unknown,0,0,Truck,0
DEL03837,Unknown,Unknown,0,0,Truck,0
DEL03838,Unknown,Unknown,0,0,Truck,0
DEL03839,Unknown,Unknown,0,0,Truck,0
DEL03840,Unknown,Unknown,0,0,Truck,0
DEL03841,Unknown,Unknown,0,0,Truck,0
DEL03842,Unknown,Unknown,0,0,Truck,0
DEL03843,Unknown,Unknown,0,0,Truck,0
DEL03844,Unknown,Unknown,0,0,Truck,0
DEL03845,Unknown,Unknown,0,0,Truck,0
DEL03846,Unknown,Unknown,0,0,Truck,0
DEL03847,Unknown,Unknown,0,0,Truck,0
DEL03848,Unknown,Unknown,0,0,Truck,0
DEL03849,Unknown,Unknown,0,0,Truck,0
DEL03850,Unknown,Unknown,0,0,Truck,0
DEL03851,Unknown,Unknown,0,0,Truck,0
DEL03852,Unknown,Unknown,0,0,Truck,0
DEL03853,Unknown,Unknown,0,0,Truck,0
DEL03854,Unknown,Unknown,0,0,Truck,0
DEL03855,Unknown,Unknown,0,0,Truck,0
DEL03856,Unknown,Unknown,0,0,Truck,0
DEL03857,Unknown,Unknown,0,0,Truck,0
DEL03858,Unknown,Unknown,0,0,Truck,0
DEL03859,Unknown,Unknown,0,0,Truck,0
DEL03860,Unknown,Unknown,0,0,Truck,0
DEL03861,Unknown,Unknown,0,0,Truck,0
DEL03862,Unknown,Unknown,0,0,Truck,0
DEL03863,Unknown,Unknown,0,0,Truck,0
DEL03864,Unknown,Unknown,0,0,Truck,0
DEL03865,Unknown,Unknown,0,0,Truck,0
DEL03866,Unknown,Unknown,0,0,Truck,0
DEL03867,Unknown,Unknown,0,0,Truck,0
DEL03868,Unknown,Unknown,0,0,Truck,0
DEL03869,Unknown,Unknown,0,0,Truck,0
DEL03870,Unknown,Unknown,0,0,Truck,0
DEL03871,Unknown,Unknown,0,0,Truck,0
DEL03872,Unknown,Unknown,0,0,Truck,0
DEL03873,Unknown,Unknown,0,0,Truck,0
DEL03874,Unknown,Unknown,0,0,Truck,0
DEL03875,Unknown,Unknown,0,0,Truck,0
DEL03876,Unknown,Unknown,0,0,Truck,0
DEL03877,Unknown,Unknown,0,0,Truck,0
DEL03878,Unknown,Unknown,0,0,Truck,0
DEL03879,Unknown,Unknown,0,0,Truck,0
DEL03880,Unknown,Unknown,0,0,Truck,0
DEL03881,Unknown,Unknown,0,0,Truck,0
DEL03882,Unknown,Unknown,0,0,Truck,0
DEL03883,Unknown,Unknown,0,0,Truck,0
DEL03884,Unknown,Unknown,0,0,Truck,0
DEL03885,Unknown,Unknown,0,0,Truck,0
DEL03886,Unknown,Unknown,0,0,Truck,0
DEL03887,Unknown,Unknown,0,0,Truck,0
DEL03888,Unknown,Unknown,0,0,Truck,0
DEL03889,Unknown,Unknown,0,0,Truck,0
DEL03890,Unknown,Unknown,0,0,Truck,0
DEL03891,Unknown,Unknown,0,0,Truck,0
DEL03892,Unknown,Unknown,0,0,Truck,0
DEL03893,Unknown,Unknown,0,0,Truck,0
DEL03894,Unknown,Unknown,0,0,Truck,0
DEL03895,Unknown,Unknown,0,0,Truck,0
DEL03896,Unknown,Unknown,0,0,Truck,0
DEL03897,Unknown,Unknown,0,0,Truck,0
DEL03898,Unknown,Unknown,0,0,Truck,0
DEL03899,Unknown,Unknown,0,0,Truck,0
DEL03900,Unknown,Unknown,0,0,Truck,0
DEL03901,Unknown,Unknown,0,0,Truck,0
DEL03902,Unknown,Unknown,0,0,Truck,0
DEL03903,Unknown,Unknown,0,0,Truck,0
DEL03904,Unknown,Unknown,0,0,Truck,0
DEL03905,Unknown,Unknown,0,0,Truck,0
DEL03906,Unknown,Unknown,0,0,Truck,0
DEL03907,Unknown,Unknown,0,0,Truck,0
DEL03908,Unknown,Unknown,0,0,Truck,0
DEL03909,Unknown,Unknown,0,0,Truck,0
DEL03910,Unknown,Unknown,0,0,Truck,0
DEL03911,Unknown,Unknown,0,0,Truck,0
DEL03912,Unknown,Unknown,0,0,Truck,0
DEL03913,Unknown,Unknown,0,0,Truck,0
DEL03914,Unknown,Unknown,0,0,Truck,0
DEL03915,Unknown,Unknown,0,0,Truck,0
DEL03916,Unknown,Unknown,0,0,Truck,0
DEL03917,Unknown,Unknown,0,0,Truck,0
DEL03918,Unknown,Unknown,0,0,Truck,0
DEL03919,Unknown,Unknown,0,0,Truck,0
DEL03920,Unknown,Unknown,0,0,Truck,0
DEL03921,Unknown,Unknown,0,0,Truck,0
DEL03922,Unknown,Unknown,0,0,Truck,0
DEL03923,Unknown,Unknown,0,0,Truck,0
DEL03924,Unknown,Unknown,0,0,Truck,0
DEL03925,Unknown,Unknown,0,0,Truck,0
DEL03926,Unknown,Unknown,0,0,Truck,0
DEL03927,Unknown,Unknown,0,0,Truck,0
DEL03928,Unknown,Unknown,0,0,Truck,0
DEL03929,Unknown,Unknown,0,0,Truck,0
DEL03930,Unknown,Unknown,0,0,Truck,0
DEL03931,Unknown,Unknown,0,0,Truck,0
DEL03932,Unknown,Unknown,0,0,Truck,0
DEL03933,Unknown,Unknown,0,0,Truck,0
DEL03934,Unknown,Unknown,0,0,Truck,0
DEL03935,Unknown,Unknown,0,0,Truck,0
DEL03936,Unknown,Unknown,0,0,Truck,0
DEL03937,Unknown,Unknown,0,0,Truck,0
DEL03938,Unknown,Unknown,0,0,Truck,0
DEL03939,Unknown,Unknown,0,0,Truck,0
DEL03940,Unknown,Unknown,0,0,Truck,0
DEL03941,Unknown,Unknown,0,0,Truck,0
DEL03942,Unknown,Unknown,0,0,Truck,0
DEL03943,Unknown,Unknown,0,0,Truck,0
DEL03944,Unknown,Unknown,0,0,Truck,0
DEL03945,Unknown,Unknown,0,0,Truck,0
DEL03946,Unknown,Unknown,0,0,Truck,0
DEL03947,Unknown,Unknown,0,0,Truck,0
DEL03948,Unknown,Unknown,0,0,Truck,0
DEL03949,Unknown,Unknown,0,0,Truck,0
DEL03950,Unknown,Unknown,0,0,Truck,0
DEL03951,Unknown,Unknown,0,0,Truck,0
DEL03952,Unknown,Unknown,0,0,Truck,0
DEL03953,Unknown,Unknown,0,0,Truck,0
DEL03954,Unknown,Unknown,0,0,Truck,0
DEL03955,Unknown,Unknown,0,0,Truck,0
DEL03956,Unknown,Unknown,0,0,Truck,0
DEL03957,Unknown,Unknown,0,0,Truck,0
DEL03958,Unknown,Unknown,0,0,Truck,0
DEL03959,Unknown,Unknown,0,0,Truck,0
DEL03960,Unknown,Unknown,0,0,Truck,0
DEL03961,Unknown,Unknown,0,0,Truck,0
DEL03962,Unknown,Unknown,0,0,Truck,0
DEL03963,Unknown,Unknown,0,0,Truck,0
DEL03964,Unknown,Unknown,0,0,Truck,0
DEL03965,Unknown,Unknown,0,0,Truck,0
DEL03966,Unknown,Unknown,0,0,Truck,0
DEL03967,Unknown,Unknown,0,0,Truck,0
DEL03968,Unknown,Unknown,0,0,Truck,0
DEL03969,Unknown,Unknown,0,0,Truck,0
DEL03970,Unknown,Unknown,0,0,Truck,0
DEL03971,Unknown,Unknown,0,0,Truck,0
DEL03972,Unknown,Unknown,0,0,Truck,0
DEL03973,Unknown,Unknown,0,0,Truck,0
DEL03974,Unknown,Unknown,0,0,Truck,0
DEL03975,Unknown,Unknown,0,0,Truck,0
DEL03976,Unknown,Unknown,0,0,Truck,0
DEL03977,Unknown,Unknown,0,0,Truck,0
DEL03978,Unknown,Unknown,0,0,Truck,0
DEL03979,Unknown,Unknown,0,0,Truck,0
DEL03980,Unknown,Unknown,0,0,Truck,0
DEL03981,Unknown,Unknown,0,0,Truck,0
DEL03982,Unknown,Unknown,0,0,Truck,0
DEL03983,Unknown,Unknown,0,0,Truck,0
DEL03984,Unknown,Unknown,0,0,Truck,0
DEL03985,Unknown,Unknown,0,0,Truck,0
DEL03986,Unknown,Unknown,0,0,Truck,0
DEL03987,Unknown,Unknown,0,0,Truck,0
DEL03988,Unknown,Unknown,0,0,Truck,0
DEL03989,Unknown,Unknown,0,0,Truck,0
DEL03990,Unknown,Unknown,0,0,Truck,0
DEL03991,Unknown,Unknown,0,0,Truck,0
DEL03992,Unknown,Unknown,0,0,Truck,0
DEL03993,Unknown,Unknown,0,0,Truck,0
DEL03994,Unknown,Unknown,0,0,Truck,0
DEL03995,Unknown,Unknown,0,0,Truck,0
DEL03996,Unknown,Unknown,0,0,Truck,0
DEL03997,Unknown,Unknown,0,0,Truck,0
DEL03998,Unknown,Unknown,0,0,Truck,0
DEL03999,Unknown,Unknown,0,0,Truck,0
DEL04000,Unknown,Unknown,0,0,Truck,0
DEL04001,Unknown,Unknown,0,0,Truck,0
DEL04002,Unknown,Unknown,0,0,Truck,0
DEL04003,Unknown,Unknown,0,0,Truck,0
DEL04004,Unknown,Unknown,0,0,Truck,0
DEL04005,Unknown,Unknown,0,0,Truck,0
DEL04006,Unknown,Unknown,0,0,Truck,0
DEL04007,Unknown,Unknown,0,0,Truck,0
DEL04008,Unknown,Unknown,0,0,Truck,0
DEL04009,Unknown,Unknown,0,0,Truck,0
DEL04010,Unknown,Unknown,0,0,Truck,0
DEL04011,Unknown,Unknown,0,0,Truck,0
DEL04012,Unknown,Unknown,0,0,Truck,0
DEL04013,Unknown,Unknown,0,0,Truck,0
DEL04014,Unknown,Unknown,0,0,Truck,0
DEL04015,Unknown,Unknown,0,0,Truck,0
DEL04016,Unknown,Unknown,0,0,Truck,0
DEL04017,Unknown,Unknown,0,0,Truck,0
DEL04018,Unknown,Unknown,0,0,Truck,0
DEL04019,Unknown,Unknown,0,0,Truck,0
DEL04020,Unknown,Unknown,0,0,Truck,0
DEL04021,Unknown,Unknown,0,0,Truck,0
DEL04022,Unknown,Unknown,0,0,Truck,0
DEL04023,Unknown,Unknown,0,0,Truck,0
DEL04024,Unknown,Unknown,0,0,Truck,0
DEL04025,Unknown,Unknown,0,0,Truck,0
DEL04026,Unknown,Unknown,0,0,Truck,0
DEL04027,Unknown,Unknown,0,0,Truck,0
DEL04028,Unknown,Unknown,0,0,Truck,0
DEL04029,Unknown,Unknown,0,0,Truck,0
DEL04030,Unknown,Unknown,0,0,Truck,0
DEL04031,Unknown,Unknown,0,0,Truck,0
DEL04032,Unknown,Unknown,0,0,Truck,0
DEL04033,Unknown,Unknown,0,0,Truck,0
DEL04034,Unknown,Unknown,0,0,Truck,0
DEL04035,Unknown,Unknown,0,0,Truck,0
DEL04036,Unknown,Unknown,0,0,Truck,0
DEL04037,Unknown,Unknown,0,0,Truck,0
DEL04038,Unknown,Unknown,0,0,Truck,0
DEL04039,Unknown,Unknown,0,0,Truck,0
DEL04040,Unknown,Unknown,0,0,Truck,0
DEL04041,Unknown,Unknown,0,0,Truck,0
DEL04042,Unknown,Unknown,0,0,Truck,0
DEL04043,Unknown,Unknown,0,0,Truck,0
DEL04044,Unknown,Unknown,0,0,Truck,0
DEL04045,Unknown,Unknown,0,0,Truck,0
DEL04046,Unknown,Unknown,0,0,Truck,0
DEL04047,Unknown,Unknown,0,0,Truck,0
DEL04048,Unknown,Unknown,0,0,Truck,0
DEL04049,Unknown,Unknown,0,0,Truck,0
DEL04050,Unknown,Unknown,0,0,Truck,0
DEL04051,Unknown,Unknown,0,0,Truck,0
DEL04052,Unknown,Unknown,0,0,Truck,0
DEL04053,Unknown,Unknown,0,0,Truck,0
DEL04054,Unknown,Unknown,0,0,Truck,0
DEL04055,Unknown,Unknown,0,0,Truck,0
DEL04056,Unknown,Unknown,0,0,Truck,0
DEL04057,Unknown,Unknown,0,0,Truck,0
DEL04058,Unknown,Unknown,0,0,Truck,0
DEL04059,Unknown,Unknown,0,0,Truck,0
DEL04060,Unknown,Unknown,0,0,Truck,0
DEL04061,Unknown,Unknown,0,0,Truck,0
DEL04062,Unknown,Unknown,0,0,Truck,0
DEL04063,Unknown,Unknown,0,0,Truck,0
DEL04064,Unknown,Unknown,0,0,Truck,0
DEL04065,Unknown,Unknown,0,0,Truck,0
DEL04066,Unknown,Unknown,0,0,Truck,0
DEL04067,Unknown,Unknown,0,0,Truck,0
DEL04068,Unknown,Unknown,0,0,Truck,0
DEL04069,Unknown,Unknown,0,0,Truck,0
DEL04070,Unknown,Unknown,0,0,Truck,0
DEL04071,Unknown,Unknown,0,0,Truck,0
DEL04072,Unknown,Unknown,0,0,Truck,0
DEL04073,Unknown,Unknown,0,0,Truck,0
DEL04074,Unknown,Unknown,0,0,Truck,0
DEL04075,Unknown,Unknown,0,0,Truck,0
DEL04076,Unknown,Unknown,0,0,Truck,0
DEL04077,Unknown,Unknown,0,0,Truck,0
DEL04078,Unknown,Unknown,0,0,Truck,0
DEL04079,Unknown,Unknown,0,0,Truck,0
DEL04080,Unknown,Unknown,0,0,Truck,0
DEL04081,Unknown,Unknown,0,0,Truck,0
DEL04082,Unknown,Unknown,0,0,Truck,0
DEL04083,Unknown,Unknown,0,0,Truck,0
DEL04084,Unknown,Unknown,0,0,Truck,0
DEL04085,Unknown,Unknown,0,0,Truck,0
DEL04086,Unknown,Unknown,0,0,Truck,0
DEL04087,Unknown,Unknown,0,0,Truck,0
DEL04088,Unknown,Unknown,0,0,Truck,0
DEL04089,Unknown,Unknown,0,0,Truck,0
DEL04090,Unknown,Unknown,0,0,Truck,0
DEL04091,Unknown,Unknown,0,0,Truck,0
DEL04092,Unknown,Unknown,0,0,Truck,0
DEL04093,Unknown,Unknown,0,0,Truck,0
DEL04094,Unknown,Unknown,0,0,Truck,0
DEL04095,Unknown,Unknown,0,0,Truck,0
DEL04096,Unknown,Unknown,0,0,Truck,0
DEL04097,Unknown,Unknown,0,0,Truck,0
DEL04098,Unknown,Unknown,0,0,Truck,0
DEL04099,Unknown,Unknown,0,0,Truck,0
DEL04100,Unknown,Unknown,0,0,Truck,0
DEL04101,Unknown,Unknown,0,0,Truck,0
DEL04102,Unknown,Unknown,0,0,Truck,0
DEL04103,Unknown,Unknown,0,0,Truck,0
DEL04104,Unknown,Unknown,0,0,Truck,0
DEL04105,Unknown,Unknown,0,0,Truck,0
DEL04106,Unknown,Unknown,0,0,Truck,0
DEL04107,Unknown,Unknown,0,0,Truck,0
DEL04108,Unknown,Unknown,0,0,Truck,0
DEL04109,Unknown,Unknown,0,0,Truck,0
DEL04110,Unknown,Unknown,0,0,Truck,0
DEL04111,Unknown,Unknown,0,0,Truck,0
DEL04112,Unknown,Unknown,0,0,Truck,0
DEL04113,Unknown,Unknown,0,0,Truck,0
DEL04114,Unknown,Unknown,0,0,Truck,0
DEL04115,Unknown,Unknown,0,0,Truck,0
DEL04116,Unknown,Unknown,0,0,Truck,0
DEL04117,Unknown,Unknown,0,0,Truck,0
DEL04118,Unknown,Unknown,0,0,Truck,0
DEL04119,Unknown,Unknown,0,0,Truck,0
DEL04120,Unknown,Unknown,0,0,Truck,0
DEL04121,Unknown,Unknown,0,0,Truck,0
DEL04122,Unknown,Unknown,0,0,Truck,0
DEL04123,Unknown,Unknown,0,0,Truck,0
DEL04124,Unknown,Unknown,0,0,Truck,0
DEL04125,Unknown,Unknown,0,0,Truck,0
DEL04126,Unknown,Unknown,0,0,Truck,0
DEL04127,Unknown,Unknown,0,0,Truck,0
DEL04128,Unknown,Unknown,0,0,Truck,0
DEL04129,Unknown,Unknown,0,0,Truck,0
DEL04130,Unknown,Unknown,0,0,Truck,0
DEL04131,Unknown,Unknown,0,0,Truck,0
DEL04132,Unknown,Unknown,0,0,Truck,0
DEL04133,Unknown,Unknown,0,0,Truck,0
DEL04134,Unknown,Unknown,0,0,Truck,0
DEL04135,Unknown,Unknown,0,0,Truck,0
DEL04136,Unknown,Unknown,0,0,Truck,0
DEL04137,Unknown,Unknown,0,0,Truck,0
DEL04138,Unknown,Unknown,0,0,Truck,0
DEL04139,Unknown,Unknown,0,0,Truck,0
DEL04140,Unknown,Unknown,0,0,Truck,0
DEL04141,Unknown,Unknown,0,0,Truck,0
DEL04142,Unknown,Unknown,0,0,Truck,0
DEL04143,Unknown,Unknown,0,0,Truck,0
DEL04144,Unknown,Unknown,0,0,Truck,0
DEL04145,Unknown,Unknown,0,0,Truck,0
DEL04146,Unknown,Unknown,0,0,Truck,0
DEL04147,Unknown,Unknown,0,0,Truck,0
DEL04148,Unknown,Unknown,0,0,Truck,0
DEL04149,Unknown,Unknown,0,0,Truck,0
DEL04150,Unknown,Unknown,0,0,Truck,0
DEL04151,Unknown,Unknown,0,0,Truck,0
DEL04152,Unknown,Unknown,0,0,Truck,0
DEL04153,Unknown,Unknown,0,0,Truck,0
DEL04154,Unknown,Unknown,0,0,Truck,0
DEL04155,Unknown,Unknown,0,0,Truck,0
DEL04156,Unknown,Unknown,0,0,Truck,0
DEL04157,Unknown,Unknown,0,0,Truck,0
DEL04158,Unknown,Unknown,0,0,Truck,0
DEL04159,Unknown,Unknown,0,0,Truck,0
DEL04160,Unknown,Unknown,0,0,Truck,0
DEL04161,Unknown,Unknown,0,0,Truck,0
DEL04162,Unknown,Unknown,0,0,Truck,0
DEL04163,Unknown,Unknown,0,0,Truck,0
DEL04164,Unknown,Unknown,0,0,Truck,0
DEL04165,Unknown,Unknown,0,0,Truck,0
DEL04166,Unknown,Unknown,0,0,Truck,0
DEL04167,Unknown,Unknown,0,0,Truck,0
DEL04168,Unknown,Unknown,0,0,Truck,0
DEL04169,Unknown,Unknown,0,0,Truck,0
DEL04170,Unknown,Unknown,0,0,Truck,0
DEL04171,Unknown,Unknown,0,0,Truck,0
DEL04172,Unknown,Unknown,0,0,Truck,0
DEL04173,Unknown,Unknown,0,0,Truck,0
DEL04174,Unknown,Unknown,0,0,Truck,0
DEL04175,Unknown,Unknown,0,0,Truck,0
DEL04176,Unknown,Unknown,0,0,Truck,0
DEL04177,Unknown,Unknown,0,0,Truck,0
DEL04178,Unknown,Unknown,0,0,Truck,0
DEL04179,Unknown,Unknown,0,0,Truck,0
DEL04180,Unknown,Unknown,0,0,Truck,0
DEL04181,Unknown,Unknown,0,0,Truck,0
DEL04182,Unknown,Unknown,0,0,Truck,0
DEL04183,Unknown,Unknown,0,0,Truck,0
DEL04184,Unknown,Unknown,0,0,Truck,0
DEL04185,Unknown,Unknown,0,0,Truck,0
DEL04186,Unknown,Unknown,0,0,Truck,0
DEL04187,Unknown,Unknown,0,0,Truck,0
DEL04188,Unknown,Unknown,0,0,Truck,0
DEL04189,Unknown,Unknown,0,0,Truck,0
DEL04190,Unknown,Unknown,0,0,Truck,0
DEL04191,Unknown,Unknown,0,0,Truck,0
DEL04192,Unknown,Unknown,0,0,Truck,0
DEL04193,Unknown,Unknown,0,0,Truck,0
DEL04194,Unknown,Unknown,0,0,Truck,0
DEL04195,Unknown,Unknown,0,0,Truck,0
DEL04196,Unknown,Unknown,0,0,Truck,0
DEL04197,Unknown,Unknown,0,0,Truck,0
DEL04198,Unknown,Unknown,0,0,Truck,0
DEL04199,Unknown,Unknown,0,0,Truck,0
DEL04200,Unknown,Unknown,0,0,Truck,0
DEL04201,Unknown,Unknown,0,0,Truck,0
DEL04202,Unknown,Unknown,0,0,Truck,0
DEL04203,Unknown,Unknown,0,0,Truck,0
DEL04204,Unknown,Unknown,0,0,Truck,0
DEL04205,Unknown,Unknown,0,0,Truck,0
DEL04206,Unknown,Unknown,0,0,Truck,0
DEL04207,Unknown,Unknown,0,0,Truck,0
DEL04208,Unknown,Unknown,0,0,Truck,0
DEL04209,Unknown,Unknown,0,0,Truck,0
DEL04210,Unknown,Unknown,0,0,Truck,0
DEL04211,Unknown,Unknown,0,0,Truck,0
DEL04212,Unknown,Unknown,0,0,Truck,0
DEL04213,Unknown,Unknown,0,0,Truck,0
DEL04214,Unknown,Unknown,0,0,Truck,0
DEL04215,Unknown,Unknown,0,0,Truck,0
DEL04216,Unknown,Unknown,0,0,Truck,0
DEL04217,Unknown,Unknown,0,0,Truck,0
DEL04218,Unknown,Unknown,0,0,Truck,0
DEL04219,Unknown,Unknown,0,0,Truck,0
DEL04220,Unknown,Unknown,0,0,Truck,0
DEL04221,Unknown,Unknown,0,0,Truck,0
DEL04222,Unknown,Unknown,0,0,Truck,0
DEL04223,Unknown,Unknown,0,0,Truck,0
DEL04224,Unknown,Unknown,0,0,Truck,0
DEL04225,Unknown,Unknown,0,0,Truck,0
DEL04226,Unknown,Unknown,0,0,Truck,0
DEL04227,Unknown,Unknown,0,0,Truck,0
DEL04228,Unknown,Unknown,0,0,Truck,0
DEL04229,Unknown,Unknown,0,0,Truck,0
DEL04230,Unknown,Unknown,0,0,Truck,0
DEL04231,Unknown,Unknown,0,0,Truck,0
DEL04232,Unknown,Unknown,0,0,Truck,0
DEL04233,Unknown,Unknown,0,0,Truck,0
DEL04234,Unknown,Unknown,0,0,Truck,0
DEL04235,Unknown,Unknown,0,0,Truck,0
DEL04236,Unknown,Unknown,0,0,Truck,0
DEL04237,Unknown,Unknown,0,0,Truck,0
DEL04238,Unknown,Unknown,0,0,Truck,0
DEL04239,Unknown,Unknown,0,0,Truck,0
DEL04240,Unknown,Unknown,0,0,Truck,0
DEL04241,Unknown,Unknown,0,0,Truck,0
DEL04242,Unknown,Unknown,0,0,Truck,0
DEL04243,Unknown,Unknown,0,0,Truck,0
DEL04244,Unknown,Unknown,0,0,Truck,0
DEL04245,Unknown,Unknown,0,0,Truck,0
DEL04246,Unknown,Unknown,0,0,Truck,0
DEL04247,Unknown,Unknown,0,0,Truck,0
DEL04248,Unknown,Unknown,0,0,Truck,0
DEL04249,Unknown,Unknown,0,0,Truck,0
DEL04250,Unknown,Unknown,0,0,Truck,0
DEL04251,Unknown,Unknown,0,0,Truck,0
DEL04252,Unknown,Unknown,0,0,Truck,0
DEL04253,Unknown,Unknown,0,0,Truck,0
DEL04254,Unknown,Unknown,0,0,Truck,0
DEL04255,Unknown,Unknown,0,0,Truck,0
DEL04256,Unknown,Unknown,0,0,Truck,0
DEL04257,Unknown,Unknown,0,0,Truck,0
DEL04258,Unknown,Unknown,0,0,Truck,0
DEL04259,Unknown,Unknown,0,0,Truck,0
DEL04260,Unknown,Unknown,0,0,Truck,0
DEL04261,Unknown,Unknown,0,0,Truck,0
DEL04262,Unknown,Unknown,0,0,Truck,0
DEL04263,Unknown,Unknown,0,0,Truck,0
DEL04264,Unknown,Unknown,0,0,Truck,0
DEL04265,Unknown,Unknown,0,0,Truck,0
DEL04266,Unknown,Unknown,0,0,Truck,0
DEL04267,Unknown,Unknown,0,0,Truck,0
DEL04268,Unknown,Unknown,0,0,Truck,0
DEL04269,Unknown,Unknown,0,0,Truck,0
DEL04270,Unknown,Unknown,0,0,Truck,0
DEL04271,Unknown,Unknown,0,0,Truck,0
DEL04272,Unknown,Unknown,0,0,Truck,0
DEL04273,Unknown,Unknown,0,0,Truck,0
DEL04274,Unknown,Unknown,0,0,Truck,0
DEL04275,Unknown,Unknown,0,0,Truck,0
DEL04276,Unknown,Unknown,0,0,Truck,0
DEL04277,Unknown,Unknown,0,0,Truck,0
DEL04278,Unknown,Unknown,0,0,Truck,0
DEL04279,Unknown,Unknown,0,0,Truck,0
DEL04280,Unknown,Unknown,0,0,Truck,0
DEL04281,Unknown,Unknown,0,0,Truck,0
DEL04282,Unknown,Unknown,0,0,Truck,0
DEL04283,Unknown,Unknown,0,0,Truck,0
DEL04284,Unknown,Unknown,0,0,Truck,0
DEL04285,Unknown,Unknown,0,0,Truck,0
DEL04286,Unknown,Unknown,0,0,Truck,0
DEL04287,Unknown,Unknown,0,0,Truck,0
DEL04288,Unknown,Unknown,0,0,Truck,0
DEL04289,Unknown,Unknown,0,0,Truck,0
DEL04290,Unknown,Unknown,0,0,Truck,0
DEL04291,Unknown,Unknown,0,0,Truck,0
DEL04292,Unknown,Unknown,0,0,Truck,0
DEL04293,Unknown,Unknown,0,0,Truck,0
DEL04294,Unknown,Unknown,0,0,Truck,0
DEL04295,Unknown,Unknown,0,0,Truck,0
DEL04296,Unknown,Unknown,0,0,Truck,0
DEL04297,Unknown,Unknown,0,0,Truck,0
DEL04298,Unknown,Unknown,0,0,Truck,0
DEL04299,Unknown,Unknown,0,0,Truck,0
DEL04300,Unknown,Unknown,0,0,Truck,0
DEL04301,Unknown,Unknown,0,0,Truck,0
DEL04302,Unknown,Unknown,0,0,Truck,0
DEL04303,Unknown,Unknown,0,0,Truck,0
DEL04304,Unknown,Unknown,0,0,Truck,0
DEL04305,Unknown,Unknown,0,0,Truck,0
DEL04306,Unknown,Unknown,0,0,Truck,0
DEL04307,Unknown,Unknown,0,0,Truck,0
DEL04308,Unknown,Unknown,0,0,Truck,0
DEL04309,Unknown,Unknown,0,0,Truck,0
DEL04310,Unknown,Unknown,0,0,Truck,0
DEL04311,Unknown,Unknown,0,0,Truck,0
DEL04312,Unknown,Unknown,0,0,Truck,0
DEL04313,Unknown,Unknown,0,0,Truck,0
DEL04314,Unknown,Unknown,0,0,Truck,0
DEL04315,Unknown,Unknown,0,0,Truck,0
DEL04316,Unknown,Unknown,0,0,Truck,0
DEL04317,Unknown,Unknown,0,0,Truck,0
DEL04318,Unknown,Unknown,0,0,Truck,0
DEL04319,Unknown,Unknown,0,0,Truck,0
DEL04320,Unknown,Unknown,0,0,Truck,0
DEL04321,Unknown,Unknown,0,0,Truck,0
DEL04322,Unknown,Unknown,0,0,Truck,0
DEL04323,Unknown,Unknown,0,0,Truck,0
DEL04324,Unknown,Unknown,0,0,Truck,0
DEL04325,Unknown,Unknown,0,0,Truck,0
DEL04326,Unknown,Unknown,0,0,Truck,0
DEL04327,Unknown,Unknown,0,0,Truck,0
DEL04328,Unknown,Unknown,0,0,Truck,0
DEL04329,Unknown,Unknown,0,0,Truck,0
DEL04330,Unknown,Unknown,0,0,Truck,0
DEL04331,Unknown,Unknown,0,0,Truck,0
DEL04332,Unknown,Unknown,0,0,Truck,0
DEL04333,Unknown,Unknown,0,0,Truck,0
DEL04334,Unknown,Unknown,0,0,Truck,0
DEL04335,Unknown,Unknown,0,0,Truck,0
DEL04336,Unknown,Unknown,0,0,Truck,0
DEL04337,Unknown,Unknown,0,0,Truck,0
DEL04338,Unknown,Unknown,0,0,Truck,0
DEL04339,Unknown,Unknown,0,0,Truck,0
DEL04340,Unknown,Unknown,0,0,Truck,0
DEL04341,Unknown,Unknown,0,0,Truck,0
DEL04342,Unknown,Unknown,0,0,Truck,0
DEL04343,Unknown,Unknown,0,0,Truck,0
DEL04344,Unknown,Unknown,0,0,Truck,0
DEL04345,Unknown,Unknown,0,0,Truck,0
DEL04346,Unknown,Unknown,0,0,Truck,0
DEL04347,Unknown,Unknown,0,0,Truck,0
DEL04348,Unknown,Unknown,0,0,Truck,0
DEL04349,Unknown,Unknown,0,0,Truck,0
DEL04350,Unknown,Unknown,0,0,Truck,0
DEL04351,Unknown,Unknown,0,0,Truck,0
DEL04352,Unknown,Unknown,0,0,Truck,0
DEL04353,Unknown,Unknown,0,0,Truck,0
DEL04354,Unknown,Unknown,0,0,Truck,0
DEL04355,Unknown,Unknown,0,0,Truck,0
DEL04356,Unknown,Unknown,0,0,Truck,0
DEL04357,Unknown,Unknown,0,0,Truck,0
DEL04358,Unknown,Unknown,0,0,Truck,0
DEL04359,Unknown,Unknown,0,0,Truck,0
DEL04360,Unknown,Unknown,0,0,Truck,0
DEL04361,Unknown,Unknown,0,0,Truck,0
DEL04362,Unknown,Unknown,0,0,Truck,0
DEL04363,Unknown,Unknown,0,0,Truck,0
DEL04364,Unknown,Unknown,0,0,Truck,0
DEL04365,Unknown,Unknown,0,0,Truck,0
DEL04366,Unknown,Unknown,0,0,Truck,0
DEL04367,Unknown,Unknown,0,0,Truck,0
DEL04368,Unknown,Unknown,0,0,Truck,0
DEL04369,Unknown,Unknown,0,0,Truck,0
DEL04370,Unknown,Unknown,0,0,Truck,0
DEL04371,Unknown,Unknown,0,0,Truck,0
DEL04372,Unknown,Unknown,0,0,Truck,0
DEL04373,Unknown,Unknown,0,0,Truck,0
DEL04374,Unknown,Unknown,0,0,Truck,0
DEL04375,Unknown,Unknown,0,0,Truck,0
DEL04376,Unknown,Unknown,0,0,Truck,0
DEL04377,Unknown,Unknown,0,0,Truck,0
DEL04378,Unknown,Unknown,0,0,Truck,0
DEL04379,Unknown,Unknown,0,0,Truck,0
DEL04380,Unknown,Unknown,0,0,Truck,0
DEL04381,Unknown,Unknown,0,0,Truck,0
DEL04382,Unknown,Unknown,0,0,Truck,0
DEL04383,Unknown,Unknown,0,0,Truck,0
DEL04384,Unknown,Unknown,0,0,Truck,0
DEL04385,Unknown,Unknown,0,0,Truck,0
DEL04386,Unknown,Unknown,0,0,Truck,0
DEL04387,Unknown,Unknown,0,0,Truck,0
DEL04388,Unknown,Unknown,0,0,Truck,0
DEL04389,Unknown,Unknown,0,0,Truck,0
DEL04390,Unknown,Unknown,0,0,Truck,0
DEL04391,Unknown,Unknown,0,0,Truck,0
DEL04392,Unknown,Unknown,0,0,Truck,0
DEL04393,Unknown,Unknown,0,0,Truck,0
DEL04394,Unknown,Unknown,0,0,Truck,0
DEL04395,Unknown,Unknown,0,0,Truck,0
DEL04396,Unknown,Unknown,0,0,Truck,0
DEL04397,Unknown,Unknown,0,0,Truck,0
DEL04398,Unknown,Unknown,0,0,Truck,0
DEL04399,Unknown,Unknown,0,0,Truck,0
DEL04400,Unknown,Unknown,0,0,Truck,0
DEL04401,Unknown,Unknown,0,0,Truck,0
DEL04402,Unknown,Unknown,0,0,Truck,0
DEL04403,Unknown,Unknown,0,0,Truck,0
DEL04404,Unknown,Unknown,0,0,Truck,0
DEL04405,Unknown,Unknown,0,0,Truck,0
DEL04406,Unknown,Unknown,0,0,Truck,0
DEL04407,Unknown,Unknown,0,0,Truck,0
DEL04408,Unknown,Unknown,0,0,Truck,0
DEL04409,Unknown,Unknown,0,0,Truck,0
DEL04410,Unknown,Unknown,0,0,Truck,0
DEL04411,Unknown,Unknown,0,0,Truck,0
DEL04412,Unknown,Unknown,0,0,Truck,0
DEL04413,Unknown,Unknown,0,0,Truck,0
DEL04414,Unknown,Unknown,0,0,Truck,0
DEL04415,Unknown,Unknown,0,0,Truck,0
DEL04416,Unknown,Unknown,0,0,Truck,0
DEL04417,Unknown,Unknown,0,0,Truck,0
DEL04418,Unknown,Unknown,0,0,Truck,0
DEL04419,Unknown,Unknown,0,0,Truck,0
DEL04420,Unknown,Unknown,0,0,Truck,0
DEL04421,Unknown,Unknown,0,0,Truck,0
DEL04422,Unknown,Unknown,0,0,Truck,0
DEL04423,Unknown,Unknown,0,0,Truck,0
DEL04424,Unknown,Unknown,0,0,Truck,0
DEL04425,Unknown,Unknown,0,0,Truck,0
DEL04426,Unknown,Unknown,0,0,Truck,0
DEL04427,Unknown,Unknown,0,0,Truck,0
DEL04428,Unknown,Unknown,0,0,Truck,0
DEL04429,Unknown,Unknown,0,0,Truck,0
DEL04430,Unknown,Unknown,0,0,Truck,0
DEL04431,Unknown,Unknown,0,0,Truck,0
DEL04432,Unknown,Unknown,0,0,Truck,0
DEL04433,Unknown,Unknown,0,0,Truck,0
DEL04434,Unknown,Unknown,0,0,Truck,0
DEL04435,Unknown,Unknown,0,0,Truck,0
DEL04436,Unknown,Unknown,0,0,Truck,0
DEL04437,Unknown,Unknown,0,0,Truck,0
DEL04438,Unknown,Unknown,0,0,Truck,0
DEL04439,Unknown,Unknown,0,0,Truck,0
DEL04440,Unknown,Unknown,0,0,Truck,0
DEL04441,Unknown,Unknown,0,0,Truck,0
DEL04442,Unknown,Unknown,0,0,Truck,0
DEL04443,Unknown,Unknown,0,0,Truck,0
DEL04444,Unknown,Unknown,0,0,Truck,0
DEL04445,Unknown,Unknown,0,0,Truck,0
DEL04446,Unknown,Unknown,0,0,Truck,0
DEL04447,Unknown,Unknown,0,0,Truck,0
DEL04448,Unknown,Unknown,0,0,Truck,0
DEL04449,Unknown,Unknown,0,0,Truck,0
DEL04450,Unknown,Unknown,0,0,Truck,0
DEL04451,Unknown,Unknown,0,0,Truck,0
DEL04452,Unknown,Unknown,0,0,Truck,0
DEL04453,Unknown,Unknown,0,0,Truck,0
DEL04454,Unknown,Unknown,0,0,Truck,0
DEL04455,Unknown,Unknown,0,0,Truck,0
DEL04456,Unknown,Unknown,0,0,Truck,0
DEL04457,Unknown,Unknown,0,0,Truck,0
DEL04458,Unknown,Unknown,0,0,Truck,0
DEL04459,Unknown,Unknown,0,0,Truck,0
DEL04460,Unknown,Unknown,0,0,Truck,0
DEL04461,Unknown,Unknown,0,0,Truck,0
DEL04462,Unknown,Unknown,0,0,Truck,0
DEL04463,Unknown,Unknown,0,0,Truck,0
DEL04464,Unknown,Unknown,0,0,Truck,0
DEL04465,Unknown,Unknown,0,0,Truck,0
DEL04466,Unknown,Unknown,0,0,Truck,0
DEL04467,Unknown,Unknown,0,0,Truck,0
DEL04468,Unknown,Unknown,0,0,Truck,0
DEL04469,Unknown,Unknown,0,0,Truck,0
DEL04470,Unknown,Unknown,0,0,Truck,0
DEL04471,Unknown,Unknown,0,0,Truck,0
DEL04472,Unknown,Unknown,0,0,Truck,0
DEL04473,Unknown,Unknown,0,0,Truck,0
DEL04474,Unknown,Unknown,0,0,Truck,0
DEL04475,Unknown,Unknown,0,0,Truck,0
DEL04476,Unknown,Unknown,0,0,Truck,0
DEL04477,Unknown,Unknown,0,0,Truck,0
DEL04478,Unknown,Unknown,0,0,Truck,0
DEL04479,Unknown,Unknown,0,0,Truck,0
DEL04480,Unknown,Unknown,0,0,Truck,0
DEL04481,Unknown,Unknown,0,0,Truck,0
DEL04482,Unknown,Unknown,0,0,Truck,0
DEL04483,Unknown,Unknown,0,0,Truck,0
DEL04484,Unknown,Unknown,0,0,Truck,0
DEL04485,Unknown,Unknown,0,0,Truck,0
DEL04486,Unknown,Unknown,0,0,Truck,0
DEL04487,Unknown,Unknown,0,0,Truck,0
DEL04488,Unknown,Unknown,0,0,Truck,0
DEL04489,Unknown,Unknown,0,0,Truck,0
DEL04490,Unknown,Unknown,0,0,Truck,0
DEL04491,Unknown,Unknown,0,0,Truck,0
DEL04492,Unknown,Unknown,0,0,Truck,0
DEL04493,Unknown,Unknown,0,0,Truck,0
DEL04494,Unknown,Unknown,0,0,Truck,0
DEL04495,Unknown,Unknown,0,0,Truck,0
DEL04496,Unknown,Unknown,0,0,Truck,0
DEL04497,Unknown,Unknown,0,0,Truck,0
DEL04498,Unknown,Unknown,0,0,Truck,0
DEL04499,Unknown,Unknown,0,0,Truck,0
DEL04500,Unknown,Unknown,0,0,Truck,0
DEL04501,Unknown,Unknown,0,0,Truck,0
DEL04502,Unknown,Unknown,0,0,Truck,0
DEL04503,Unknown,Unknown,0,0,Truck,0
DEL04504,Unknown,Unknown,0,0,Truck,0
DEL04505,Unknown,Unknown,0,0,Truck,0
DEL04506,Unknown,Unknown,0,0,Truck,0
DEL04507,Unknown,Unknown,0,0,Truck,0
DEL04508,Unknown,Unknown,0,0,Truck,0
DEL04509,Unknown,Unknown,0,0,Truck,0
DEL04510,Unknown,Unknown,0,0,Truck,0
DEL04511,Unknown,Unknown,0,0,Truck,0
DEL04512,Unknown,Unknown,0,0,Truck,0
DEL04513,Unknown,Unknown,0,0,Truck,0
DEL04514,Unknown,Unknown,0,0,Truck,0
DEL04515,Unknown,Unknown,0,0,Truck,0
DEL04516,Unknown,Unknown,0,0,Truck,0
DEL04517,Unknown,Unknown,0,0,Truck,0
DEL04518,Unknown,Unknown,0,0,Truck,0
DEL04519,Unknown,Unknown,0,0,Truck,0
DEL04520,Unknown,Unknown,0,0,Truck,0
DEL04521,Unknown,Unknown,0,0,Truck,0
DEL04522,Unknown,Unknown,0,0,Truck,0
DEL04523,Unknown,Unknown,0,0,Truck,0
DEL04524,Unknown,Unknown,0,0,Truck,0
DEL04525,Unknown,Unknown,0,0,Truck,0
DEL04526,Unknown,Unknown,0,0,Truck,0
DEL04527,Unknown,Unknown,0,0,Truck,0
DEL04528,Unknown,Unknown,0,0,Truck,0
DEL04529,Unknown,Unknown,0,0,Truck,0
DEL04530,Unknown,Unknown,0,0,Truck,0
DEL04531,Unknown,Unknown,0,0,Truck,0
DEL04532,Unknown,Unknown,0,0,Truck,0
DEL04533,Unknown,Unknown,0,0,Truck,0
DEL04534,Unknown,Unknown,0,0,Truck,0
DEL04535,Unknown,Unknown,0,0,Truck,0
DEL04536,Unknown,Unknown,0,0,Truck,0
DEL04537,Unknown,Unknown,0,0,Truck,0
DEL04538,Unknown,Unknown,0,0,Truck,0
DEL04539,Unknown,Unknown,0,0,Truck,0
DEL04540,Unknown,Unknown,0,0,Truck,0
DEL04541,Unknown,Unknown,0,0,Truck,0
DEL04542,Unknown,Unknown,0,0,Truck,0
DEL04543,Unknown,Unknown,0,0,Truck,0
DEL04544,Unknown,Unknown,0,0,Truck,0
DEL04545,Unknown,Unknown,0,0,Truck,0
DEL04546,Unknown,Unknown,0,0,Truck,0
DEL04547,Unknown,Unknown,0,0,Truck,0
DEL04548,Unknown,Unknown,0,0,Truck,0
DEL04549,Unknown,Unknown,0,0,Truck,0
DEL04550,Unknown,Unknown,0,0,Truck,0
DEL04551,Unknown,Unknown,0,0,Truck,0
DEL04552,Unknown,Unknown,0,0,Truck,0
DEL04553,Unknown,Unknown,0,0,Truck,0
DEL04554,Unknown,Unknown,0,0,Truck,0
DEL04555,Unknown,Unknown,0,0,Truck,0
DEL04556,Unknown,Unknown,0,0,Truck,0
DEL04557,Unknown,Unknown,0,0,Truck,0
DEL04558,Unknown,Unknown,0,0,Truck,0
DEL04559,Unknown,Unknown,0,0,Truck,0
DEL04560,Unknown,Unknown,0,0,Truck,0
DEL04561,Unknown,Unknown,0,0,Truck,0
DEL04562,Unknown,Unknown,0,0,Truck,0
DEL04563,Unknown,Unknown,0,0,Truck,0
DEL04564,Unknown,Unknown,0,0,Truck,0
DEL04565,Unknown,Unknown,0,0,Truck,0
DEL04566,Unknown,Unknown,0,0,Truck,0
DEL04567,Unknown,Unknown,0,0,Truck,0
DEL04568,Unknown,Unknown,0,0,Truck,0
DEL04569,Unknown,Unknown,0,0,Truck,0
DEL04570,Unknown,Unknown,0,0,Truck,0
DEL04571,Unknown,Unknown,0,0,Truck,0
DEL04572,Unknown,Unknown,0,0,Truck,0
DEL04573,Unknown,Unknown,0,0,Truck,0
DEL04574,Unknown,Unknown,0,0,Truck,0
DEL04575,Unknown,Unknown,0,0,Truck,0
DEL04576,Unknown,Unknown,0,0,Truck,0
DEL04577,Unknown,Unknown,0,0,Truck,0
DEL04578,Unknown,Unknown,0,0,Truck,0
DEL04579,Unknown,Unknown,0,0,Truck,0
DEL04580,Unknown,Unknown,0,0,Truck,0
DEL04581,Unknown,Unknown,0,0,Truck,0
DEL04582,Unknown,Unknown,0,0,Truck,0
DEL04583,Unknown,Unknown,0,0,Truck,0
DEL04584,Unknown,Unknown,0,0,Truck,0
DEL04585,Unknown,Unknown,0,0,Truck,0
DEL04586,Unknown,Unknown,0,0,Truck,0
DEL04587,Unknown,Unknown,0,0,Truck,0
DEL04588,Unknown,Unknown,0,0,Truck,0
DEL04589,Unknown,Unknown,0,0,Truck,0
DEL04590,Unknown,Unknown,0,0,Truck,0
DEL04591,Unknown,Unknown,0,0,Truck,0
DEL04592,Unknown,Unknown,0,0,Truck,0
DEL04593,Unknown,Unknown,0,0,Truck,0
DEL04594,Unknown,Unknown,0,0,Truck,0
DEL04595,Unknown,Unknown,0,0,Truck,0
DEL04596,Unknown,Unknown,0,0,Truck,0
DEL04597,Unknown,Unknown,0,0,Truck,0
DEL04598,Unknown,Unknown,0,0,Truck,0
DEL04599,Unknown,Unknown,0,0,Truck,0
DEL04600,Unknown,Unknown,0,0,Truck,0
DEL04601,Unknown,Unknown,0,0,Truck,0
DEL04602,Unknown,Unknown,0,0,Truck,0
DEL04603,Unknown,Unknown,0,0,Truck,0
DEL04604,Unknown,Unknown,0,0,Truck,0
DEL04605,Unknown,Unknown,0,0,Truck,0
DEL04606,Unknown,Unknown,0,0,Truck,0
DEL04607,Unknown,Unknown,0,0,Truck,0
DEL04608,Unknown,Unknown,0,0,Truck,0
DEL04609,Unknown,Unknown,0,0,Truck,0
DEL04610,Unknown,Unknown,0,0,Truck,0
DEL04611,Unknown,Unknown,0,0,Truck,0
DEL04612,Unknown,Unknown,0,0,Truck,0
DEL04613,Unknown,Unknown,0,0,Truck,0
DEL04614,Unknown,Unknown,0,0,Truck,0
DEL04615,Unknown,Unknown,0,0,Truck,0
DEL04616,Unknown,Unknown,0,0,Truck,0
DEL04617,Unknown,Unknown,0,0,Truck,0
DEL04618,Unknown,Unknown,0,0,Truck,0
DEL04619,Unknown,Unknown,0,0,Truck,0
DEL04620,Unknown,Unknown,0,0,Truck,0
DEL04621,Unknown,Unknown,0,0,Truck,0
DEL04622,Unknown,Unknown,0,0,Truck,0
DEL04623,Unknown,Unknown,0,0,Truck,0
DEL04624,Unknown,Unknown,0,0,Truck,0
DEL04625,Unknown,Unknown,0,0,Truck,0
DEL04626,Unknown,Unknown,0,0,Truck,0
DEL04627,Unknown,Unknown,0,0,Truck,0
DEL04628,Unknown,Unknown,0,0,Truck,0
DEL04629,Unknown,Unknown,0,0,Truck,0
DEL04630,Unknown,Unknown,0,0,Truck,0
DEL04631,Unknown,Unknown,0,0,Truck,0
DEL04632,Unknown,Unknown,0,0,Truck,0
DEL04633,Unknown,Unknown,0,0,Truck,0
DEL04634,Unknown,Unknown,0,0,Truck,0
DEL04635,Unknown,Unknown,0,0,Truck,0
DEL04636,Unknown,Unknown,0,0,Truck,0
DEL04637,Unknown,Unknown,0,0,Truck,0
DEL04638,Unknown,Unknown,0,0,Truck,0
DEL04639,Unknown,Unknown,0,0,Truck,0
DEL04640,Unknown,Unknown,0,0,Truck,0
DEL04641,Unknown,Unknown,0,0,Truck,0
DEL04642,Unknown,Unknown,0,0,Truck,0
DEL04643,Unknown,Unknown,0,0,Truck,0
DEL04644,Unknown,Unknown,0,0,Truck,0
DEL04645,Unknown,Unknown,0,0,Truck,0
DEL04646,Unknown,Unknown,0,0,Truck,0
DEL04647,Unknown,Unknown,0,0,Truck,0
DEL04648,Unknown,Unknown,0,0,Truck,0
DEL04649,Unknown,Unknown,0,0,Truck,0
DEL04650,Unknown,Unknown,0,0,Truck,0
DEL04651,Unknown,Unknown,0,0,Truck,0
DEL04652,Unknown,Unknown,0,0,Truck,0
DEL04653,Unknown,Unknown,0,0,Truck,0
DEL04654,Unknown,Unknown,0,0,Truck,0
DEL04655,Unknown,Unknown,0,0,Truck,0
DEL04656,Unknown,Unknown,0,0,Truck,0
DEL04657,Unknown,Unknown,0,0,Truck,0
DEL04658,Unknown,Unknown,0,0,Truck,0
DEL04659,Unknown,Unknown,0,0,Truck,0
DEL04660,Unknown,Unknown,0,0,Truck,0
DEL04661,Unknown,Unknown,0,0,Truck,0
DEL04662,Unknown,Unknown,0,0,Truck,0
DEL04663,Unknown,Unknown,0,0,Truck,0
DEL04664,Unknown,Unknown,0,0,Truck,0
DEL04665,Unknown,Unknown,0,0,Truck,0
DEL04666,Unknown,Unknown,0,0,Truck,0
DEL04667,Unknown,Unknown,0,0,Truck,0
DEL04668,Unknown,Unknown,0,0,Truck,0
DEL04669,Unknown,Unknown,0,0,Truck,0
DEL04670,Unknown,Unknown,0,0,Truck,0
DEL04671,Unknown,Unknown,0,0,Truck,0
DEL04672,Unknown,Unknown,0,0,Truck,0
DEL04673,Unknown,Unknown,0,0,Truck,0
DEL04674,Unknown,Unknown,0,0,Truck,0
DEL04675,Unknown,Unknown,0,0,Truck,0
DEL04676,Unknown,Unknown,0,0,Truck,0
DEL04677,Unknown,Unknown,0,0,Truck,0
DEL04678,Unknown,Unknown,0,0,Truck,0
DEL04679,Unknown,Unknown,0,0,Truck,0
DEL04680,Unknown,Unknown,0,0,Truck,0
DEL04681,Unknown,Unknown,0,0,Truck,0
DEL04682,Unknown,Unknown,0,0,Truck,0
DEL04683,Unknown,Unknown,0,0,Truck,0
DEL04684,Unknown,Unknown,0,0,Truck,0
DEL04685,Unknown,Unknown,0,0,Truck,0
DEL04686,Unknown,Unknown,0,0,Truck,0
DEL04687,Unknown,Unknown,0,0,Truck,0
DEL04688,Unknown,Unknown,0,0,Truck,0
DEL04689,Unknown,Unknown,0,0,Truck,0
DEL04690,Unknown,Unknown,0,0,Truck,0
DEL04691,Unknown,Unknown,0,0,Truck,0
DEL04692,Unknown,Unknown,0,0,Truck,0
DEL04693,Unknown,Unknown,0,0,Truck,0
DEL04694,Unknown,Unknown,0,0,Truck,0
DEL04695,Unknown,Unknown,0,0,Truck,0
DEL04696,Unknown,Unknown,0,0,Truck,0
DEL04697,Unknown,Unknown,0,0,Truck,0
DEL04698,Unknown,Unknown,0,0,Truck,0
DEL04699,Unknown,Unknown,0,0,Truck,0
DEL04700,Unknown,Unknown,0,0,Truck,0
DEL04701,Unknown,Unknown,0,0,Truck,0
DEL04702,Unknown,Unknown,0,0,Truck,0
DEL04703,Unknown,Unknown,0,0,Truck,0
DEL04704,Unknown,Unknown,0,0,Truck,0
DEL04705,Unknown,Unknown,0,0,Truck,0
DEL04706,Unknown,Unknown,0,0,Truck,0
DEL04707,Unknown,Unknown,0,0,Truck,0
DEL04708,Unknown,Unknown,0,0,Truck,0
DEL04709,Unknown,Unknown,0,0,Truck,0
DEL04710,Unknown,Unknown,0,0,Truck,0
DEL04711,Unknown,Unknown,0,0,Truck,0
DEL04712,Unknown,Unknown,0,0,Truck,0
DEL04713,Unknown,Unknown,0,0,Truck,0
DEL04714,Unknown,Unknown,0,0,Truck,0
DEL04715,Unknown,Unknown,0,0,Truck,0
DEL04716,Unknown,Unknown,0,0,Truck,0
DEL04717,Unknown,Unknown,0,0,Truck,0
DEL04718,Unknown,Unknown,0,0,Truck,0
DEL04719,Unknown,Unknown,0,0,Truck,0
DEL04720,Unknown,Unknown,0,0,Truck,0
DEL04721,Unknown,Unknown,0,0,Truck,0
DEL04722,Unknown,Unknown,0,0,Truck,0
DEL04723,Unknown,Unknown,0,0,Truck,0
DEL04724,Unknown,Unknown,0,0,Truck,0
DEL04725,Unknown,Unknown,0,0,Truck,0
DEL04726,Unknown,Unknown,0,0,Truck,0
DEL04727,Unknown,Unknown,0,0,Truck,0
DEL04728,Unknown,Unknown,0,0,Truck,0
DEL04729,Unknown,Unknown,0,0,Truck,0
DEL04730,Unknown,Unknown,0,0,Truck,0
DEL04731,Unknown,Unknown,0,0,Truck,0
DEL04732,Unknown,Unknown,0,0,Truck,0
DEL04733,Unknown,Unknown,0,0,Truck,0
DEL04734,Unknown,Unknown,0,0,Truck,0
DEL04735,Unknown,Unknown,0,0,Truck,0
DEL04736,Unknown,Unknown,0,0,Truck,0
DEL04737,Unknown,Unknown,0,0,Truck,0
DEL04738,Unknown,Unknown,0,0,Truck,0
DEL04739,Unknown,Unknown,0,0,Truck,0
DEL04740,Unknown,Unknown,0,0,Truck,0
DEL04741,Unknown,Unknown,0,0,Truck,0
DEL04742,Unknown,Unknown,0,0,Truck,0
DEL04743,Unknown,Unknown,0,0,Truck,0
DEL04744,Unknown,Unknown,0,0,Truck,0
DEL04745,Unknown,Unknown,0,0,Truck,0
DEL04746,Unknown,Unknown,0,0,Truck,0
DEL04747,Unknown,Unknown,0,0,Truck,0
DEL04748,Unknown,Unknown,0,0,Truck,0
DEL04749,Unknown,Unknown,0,0,Truck,0
DEL04750,Unknown,Unknown,0,0,Truck,0
DEL04751,Unknown,Unknown,0,0,Truck,0
DEL04752,Unknown,Unknown,0,0,Truck,0
DEL04753,Unknown,Unknown,0,0,Truck,0
DEL04754,Unknown,Unknown,0,0,Truck,0
DEL04755,Unknown,Unknown,0,0,Truck,0
DEL04756,Unknown,Unknown,0,0,Truck,0
DEL04757,Unknown,Unknown,0,0,Truck,0
DEL04758,Unknown,Unknown,0,0,Truck,0
DEL04759,Unknown,Unknown,0,0,Truck,0
DEL04760,Unknown,Unknown,0,0,Truck,0
DEL04761,Unknown,Unknown,0,0,Truck,0
DEL04762,Unknown,Unknown,0,0,Truck,0
DEL04763,Unknown,Unknown,0,0,Truck,0
DEL04764,Unknown,Unknown,0,0,Truck,0
DEL04765,Unknown,Unknown,0,0,Truck,0
DEL04766,Unknown,Unknown,0,0,Truck,0
DEL04767,Unknown,Unknown,0,0,Truck,0
DEL04768,Unknown,Unknown,0,0,Truck,0
DEL04769,Unknown,Unknown,0,0,Truck,0
DEL04770,Unknown,Unknown,0,0,Truck,0
DEL04771,Unknown,Unknown,0,0,Truck,0
DEL04772,Unknown,Unknown,0,0,Truck,0
DEL04773,Unknown,Unknown,0,0,Truck,0
DEL04774,Unknown,Unknown,0,0,Truck,0
DEL04775,Unknown,Unknown,0,0,Truck,0
DEL04776,Unknown,Unknown,0,0,Truck,0
DEL04777,Unknown,Unknown,0,0,Truck,0
DEL04778,Unknown,Unknown,0,0,Truck,0
DEL04779,Unknown,Unknown,0,0,Truck,0
DEL04780,Unknown,Unknown,0,0,Truck,0
DEL04781,Unknown,Unknown,0,0,Truck,0
DEL04782,Unknown,Unknown,0,0,Truck,0
DEL04783,Unknown,Unknown,0,0,Truck,0
DEL04784,Unknown,Unknown,0,0,Truck,0
DEL04785,Unknown,Unknown,0,0,Truck,0
DEL04786,Unknown,Unknown,0,0,Truck,0
DEL04787,Unknown,Unknown,0,0,Truck,0
DEL04788,Unknown,Unknown,0,0,Truck,0
DEL04789,Unknown,Unknown,0,0,Truck,0
DEL04790,Unknown,Unknown,0,0,Truck,0
DEL04791,Unknown,Unknown,0,0,Truck,0
DEL04792,Unknown,Unknown,0,0,Truck,0
DEL04793,Unknown,Unknown,0,0,Truck,0
DEL04794,Unknown,Unknown,0,0,Truck,0
DEL04795,Unknown,Unknown,0,0,Truck,0
DEL04796,Unknown,Unknown,0,0,Truck,0
DEL04797,Unknown,Unknown,0,0,Truck,0
DEL04798,Unknown,Unknown,0,0,Truck,0
DEL04799,Unknown,Unknown,0,0,Truck,0
DEL04800,Unknown,Unknown,0,0,Truck,0
DEL04801,Unknown,Unknown,0,0,Truck,0
DEL04802,Unknown,Unknown,0,0,Truck,0
DEL04803,Unknown,Unknown,0,0,Truck,0
DEL04804,Unknown,Unknown,0,0,Truck,0
DEL04805,Unknown,Unknown,0,0,Truck,0
DEL04806,Unknown,Unknown,0,0,Truck,0
DEL04807,Unknown,Unknown,0,0,Truck,0
DEL04808,Unknown,Unknown,0,0,Truck,0
DEL04809,Unknown,Unknown,0,0,Truck,0
DEL04810,Unknown,Unknown,0,0,Truck,0
DEL04811,Unknown,Unknown,0,0,Truck,0
DEL04812,Unknown,Unknown,0,0,Truck,0
DEL04813,Unknown,Unknown,0,0,Truck,0
DEL04814,Unknown,Unknown,0,0,Truck,0
DEL04815,Unknown,Unknown,0,0,Truck,0
DEL04816,Unknown,Unknown,0,0,Truck,0
DEL04817,Unknown,Unknown,0,0,Truck,0
DEL04818,Unknown,Unknown,0,0,Truck,0
DEL04819,Unknown,Unknown,0,0,Truck,0
DEL04820,Unknown,Unknown,0,0,Truck,0
DEL04821,Unknown,Unknown,0,0,Truck,0
DEL04822,Unknown,Unknown,0,0,Truck,0
DEL04823,Unknown,Unknown,0,0,Truck,0
DEL04824,Unknown,Unknown,0,0,Truck,0
DEL04825,Unknown,Unknown,0,0,Truck,0
DEL04826,Unknown,Unknown,0,0,Truck,0
DEL04827,Unknown,Unknown,0,0,Truck,0
DEL04828,Unknown,Unknown,0,0,Truck,0
DEL04829,Unknown,Unknown,0,0,Truck,0
DEL04830,Unknown,Unknown,0,0,Truck,0
DEL04831,Unknown,Unknown,0,0,Truck,0
DEL04832,Unknown,Unknown,0,0,Truck,0
DEL04833,Unknown,Unknown,0,0,Truck,0
DEL04834,Unknown,Unknown,0,0,Truck,0
DEL04835,Unknown,Unknown,0,0,Truck,0
DEL04836,Unknown,Unknown,0,0,Truck,0
DEL04837,Unknown,Unknown,0,0,Truck,0
DEL04838,Unknown,Unknown,0,0,Truck,0
DEL04839,Unknown,Unknown,0,0,Truck,0
DEL04840,Unknown,Unknown,0,0,Truck,0
DEL04841,Unknown,Unknown,0,0,Truck,0
DEL04842,Unknown,Unknown,0,0,Truck,0
DEL04843,Unknown,Unknown,0,0,Truck,0
DEL04844,Unknown,Unknown,0,0,Truck,0
DEL04845,Unknown,Unknown,0,0,Truck,0
DEL04846,Unknown,Unknown,0,0,Truck,0
DEL04847,Unknown,Unknown,0,0,Truck,0
DEL04848,Unknown,Unknown,0,0,Truck,0
DEL04849,Unknown,Unknown,0,0,Truck,0
DEL04850,Unknown,Unknown,0,0,Truck,0
DEL04851,Unknown,Unknown,0,0,Truck,0
DEL04852,Unknown,Unknown,0,0,Truck,0
DEL04853,Unknown,Unknown,0,0,Truck,0
DEL04854,Unknown,Unknown,0,0,Truck,0
DEL04855,Unknown,Unknown,0,0,Truck,0
DEL04856,Unknown,Unknown,0,0,Truck,0
DEL04857,Unknown,Unknown,0,0,Truck,0
DEL04858,Unknown,Unknown,0,0,Truck,0
DEL04859,Unknown,Unknown,0,0,Truck,0
DEL04860,Unknown,Unknown,0,0,Truck,0
DEL04861,Unknown,Unknown,0,0,Truck,0
DEL04862,Unknown,Unknown,0,0,Truck,0
DEL04863,Unknown,Unknown,0,0,Truck,0
DEL04864,Unknown,Unknown,0,0,Truck,0
DEL04865,Unknown,Unknown,0,0,Truck,0
DEL04866,Unknown,Unknown,0,0,Truck,0
DEL04867,Unknown,Unknown,0,0,Truck,0
DEL04868,Unknown,Unknown,0,0,Truck,0
DEL04869,Unknown,Unknown,0,0,Truck,0
DEL04870,Unknown,Unknown,0,0,Truck,0
DEL04871,Unknown,Unknown,0,0,Truck,0
DEL04872,Unknown,Unknown,0,0,Truck,0
DEL04873,Unknown,Unknown,0,0,Truck,0
DEL04874,Unknown,Unknown,0,0,Truck,0
DEL04875,Unknown,Unknown,0,0,Truck,0
DEL04876,Unknown,Unknown,0,0,Truck,0
DEL04877,Unknown,Unknown,0,0,Truck,0
DEL04878,Unknown,Unknown,0,0,Truck,0
DEL04879,Unknown,Unknown,0,0,Truck,0
DEL04880,Unknown,Unknown,0,0,Truck,0
DEL04881,Unknown,Unknown,0,0,Truck,0
DEL04882,Unknown,Unknown,0,0,Truck,0
DEL04883,Unknown,Unknown,0,0,Truck,0
DEL04884,Unknown,Unknown,0,0,Truck,0
DEL04885,Unknown,Unknown,0,0,Truck,0
DEL04886,Unknown,Unknown,0,0,Truck,0
DEL04887,Unknown,Unknown,0,0,Truck,0
DEL04888,Unknown,Unknown,0,0,Truck,0
DEL04889,Unknown,Unknown,0,0,Truck,0
DEL04890,Unknown,Unknown,0,0,Truck,0
DEL04891,Unknown,Unknown,0,0,Truck,0
DEL04892,Unknown,Unknown,0,0,Truck,0
DEL04893,Unknown,Unknown,0,0,Truck,0
DEL04894,Unknown,Unknown,0,0,Truck,0
DEL04895,Unknown,Unknown,0,0,Truck,0
DEL04896,Unknown,Unknown,0,0,Truck,0
DEL04897,Unknown,Unknown,0,0,Truck,0
DEL04898,Unknown,Unknown,0,0,Truck,0
DEL04899,Unknown,Unknown,0,0,Truck,0
DEL04900,Unknown,Unknown,0,0,Truck,0
DEL04901,Unknown,Unknown,0,0,Truck,0
DEL04902,Unknown,Unknown,0,0,Truck,0
DEL04903,Unknown,Unknown,0,0,Truck,0
DEL04904,Unknown,Unknown,0,0,Truck,0
DEL04905,Unknown,Unknown,0,0,Truck,0
DEL04906,Unknown,Unknown,0,0,Truck,0
DEL04907,Unknown,Unknown,0,0,Truck,0
DEL04908,Unknown,Unknown,0,0,Truck,0
DEL04909,Unknown,Unknown,0,0,Truck,0
DEL04910,Unknown,Unknown,0,0,Truck,0
DEL04911,Unknown,Unknown,0,0,Truck,0
DEL04912,Unknown,Unknown,0,0,Truck,0
DEL04913,Unknown,Unknown,0,0,Truck,0
DEL04914,Unknown,Unknown,0,0,Truck,0
DEL04915,Unknown,Unknown,0,0,Truck,0
DEL04916,Unknown,Unknown,0,0,Truck,0
DEL04917,Unknown,Unknown,0,0,Truck,0
DEL04918,Unknown,Unknown,0,0,Truck,0
DEL04919,Unknown,Unknown,0,0,Truck,0
DEL04920,Unknown,Unknown,0,0,Truck,0
DEL04921,Unknown,Unknown,0,0,Truck,0
DEL04922,Unknown,Unknown,0,0,Truck,0
DEL04923,Unknown,Unknown,0,0,Truck,0
DEL04924,Unknown,Unknown,0,0,Truck,0
DEL04925,Unknown,Unknown,0,0,Truck,0
DEL04926,Unknown,Unknown,0,0,Truck,0
DEL04927,Unknown,Unknown,0,0,Truck,0
DEL04928,Unknown,Unknown,0,0,Truck,0
DEL04929,Unknown,Unknown,0,0,Truck,0
DEL04930,Unknown,Unknown,0,0,Truck,0
DEL04931,Unknown,Unknown,0,0,Truck,0
DEL04932,Unknown,Unknown,0,0,Truck,0
DEL04933,Unknown,Unknown,0,0,Truck,0
DEL04934,Unknown,Unknown,0,0,Truck,0
DEL04935,Unknown,Unknown,0,0,Truck,0
DEL04936,Unknown,Unknown,0,0,Truck,0
DEL04937,Unknown,Unknown,0,0,Truck,0
DEL04938,Unknown,Unknown,0,0,Truck,0
DEL04939,Unknown,Unknown,0,0,Truck,0
DEL04940,Unknown,Unknown,0,0,Truck,0
DEL04941,Unknown,Unknown,0,0,Truck,0
DEL04942,Unknown,Unknown,0,0,Truck,0
DEL04943,Unknown,Unknown,0,0,Truck,0
DEL04944,Unknown,Unknown,0,0,Truck,0
DEL04945,Unknown,Unknown,0,0,Truck,0
DEL04946,Unknown,Unknown,0,0,Truck,0
DEL04947,Unknown,Unknown,0,0,Truck,0
DEL04948,Unknown,Unknown,0,0,Truck,0
DEL04949,Unknown,Unknown,0,0,Truck,0
DEL04950,Unknown,Unknown,0,0,Truck,0
DEL04951,Unknown,Unknown,0,0,Truck,0
DEL04952,Unknown,Unknown,0,0,Truck,0
DEL04953,Unknown,Unknown,0,0,Truck,0
DEL04954,Unknown,Unknown,0,0,Truck,0
DEL04955,Unknown,Unknown,0,0,Truck,0
DEL04956,Unknown,Unknown,0,0,Truck,0
DEL04957,Unknown,Unknown,0,0,Truck,0
DEL04958,Unknown,Unknown,0,0,Truck,0
DEL04959,Unknown,Unknown,0,0,Truck,0
DEL04960,Unknown,Unknown,0,0,Truck,0
DEL04961,Unknown,Unknown,0,0,Truck,0
DEL04962,Unknown,Unknown,0,0,Truck,0
DEL04963,Unknown,Unknown,0,0,Truck,0
DEL04964,Unknown,Unknown,0,0,Truck,0
DEL04965,Unknown,Unknown,0,0,Truck,0
DEL04966,Unknown,Unknown,0,0,Truck,0
DEL04967,Unknown,Unknown,0,0,Truck,0
DEL04968,Unknown,Unknown,0,0,Truck,0
DEL04969,Unknown,Unknown,0,0,Truck,0
DEL04970,Unknown,Unknown,0,0,Truck,0
DEL04971,Unknown,Unknown,0,0,Truck,0
DEL04972,Unknown,Unknown,0,0,Truck,0
DEL04973,Unknown,Unknown,0,0,Truck,0
DEL04974,Unknown,Unknown,0,0,Truck,0
DEL04975,Unknown,Unknown,0,0,Truck,0
DEL04976,Unknown,Unknown,0,0,Truck,0
DEL04977,Unknown,Unknown,0,0,Truck,0
DEL04978,Unknown,Unknown,0,0,Truck,0
DEL04979,Unknown,Unknown,0,0,Truck,0
DEL04980,Unknown,Unknown,0,0,Truck,0
DEL04981,Unknown,Unknown,0,0,Truck,0
DEL04982,Unknown,Unknown,0,0,Truck,0
DEL04983,Unknown,Unknown,0,0,Truck,0
DEL04984,Unknown,Unknown,0,0,Truck,0
DEL04985,Unknown,Unknown,0,0,Truck,0
DEL04986,Unknown,Unknown,0,0,Truck,0
DEL04987,Unknown,Unknown,0,0,Truck,0
DEL04988,Unknown,Unknown,0,0,Truck,0
DEL04989,Unknown,Unknown,0,0,Truck,0
DEL04990,Unknown,Unknown,0,0,Truck,0
DEL04991,Unknown,Unknown,0,0,Truck,0
DEL04992,Unknown,Unknown,0,0,Truck,0
DEL04993,Unknown,Unknown,0,0,Truck,0
DEL04994,Unknown,Unknown,0,0,Truck,0
DEL04995,Unknown,Unknown,0,0,Truck,0
DEL04996,Unknown,Unknown,0,0,Truck,0
DEL04997,Unknown,Unknown,0,0,Truck,0
DEL04998,Unknown,Unknown,0,0,Truck,0
DEL04999,Unknown,Unknown,0,0,Truck,0
DEL05000,Unknown,Unknown,0,0,Truck,0
DEL05001,Unknown,Unknown,0,0,Truck,0
DEL05002,Unknown,Unknown,0,0,Truck,0
DEL05003,Unknown,Unknown,0,0,Truck,0
DEL05004,Unknown,Unknown,0,0,Truck,0
DEL05005,Unknown,Unknown,0,0,Truck,0
DEL05006,Unknown,Unknown,0,0,Truck,0
DEL05007,Unknown,Unknown,0,0,Truck,0
DEL05008,Unknown,Unknown,0,0,Truck,0
DEL05009,Unknown,Unknown,0,0,Truck,0
DEL05010,Unknown,Unknown,0,0,Truck,0
DEL05011,Unknown,Unknown,0,0,Truck,0
DEL05012,Unknown,Unknown,0,0,Truck,0
DEL05013,Unknown,Unknown,0,0,Truck,0
DEL05014,Unknown,Unknown,0,0,Truck,0
DEL05015,Unknown,Unknown,0,0,Truck,0
DEL05016,Unknown,Unknown,0,0,Truck,0
DEL05017,Unknown,Unknown,0,0,Truck,0
DEL05018,Unknown,Unknown,0,0,Truck,0
DEL05019,Unknown,Unknown,0,0,Truck,0
DEL05020,Unknown,Unknown,0,0,Truck,0
DEL05021,Unknown,Unknown,0,0,Truck,0
DEL05022,Unknown,Unknown,0,0,Truck,0
DEL05023,Unknown,Unknown,0,0,Truck,0
DEL05024,Unknown,Unknown,0,0,Truck,0
DEL05025,Unknown,Unknown,0,0,Truck,0
DEL05026,Unknown,Unknown,0,0,Truck,0
DEL05027,Unknown,Unknown,0,0,Truck,0
DEL05028,Unknown,Unknown,0,0,Truck,0
DEL05029,Unknown,Unknown,0,0,Truck,0
DEL05030,Unknown,Unknown,0,0,Truck,0
DEL05031,Unknown,Unknown,0,0,Truck,0
DEL05032,Unknown,Unknown,0,0,Truck,0
DEL05033,Unknown,Unknown,0,0,Truck,0
DEL05034,Unknown,Unknown,0,0,Truck,0
DEL05035,Unknown,Unknown,0,0,Truck,0
DEL05036,Unknown,Unknown,0,0,Truck,0
DEL05037,Unknown,Unknown,0,0,Truck,0
DEL05038,Unknown,Unknown,0,0,Truck,0
DEL05039,Unknown,Unknown,0,0,Truck,0
DEL05040,Unknown,Unknown,0,0,Truck,0
DEL05041,Unknown,Unknown,0,0,Truck,0
DEL05042,Unknown,Unknown,0,0,Truck,0
DEL05043,Unknown,Unknown,0,0,Truck,0
DEL05044,Unknown,Unknown,0,0,Truck,0
DEL05045,Unknown,Unknown,0,0,Truck,0
DEL05046,Unknown,Unknown,0,0,Truck,0
DEL05047,Unknown,Unknown,0,0,Truck,0
DEL05048,Unknown,Unknown,0,0,Truck,0
DEL05049,Unknown,Unknown,0,0,Truck,0
DEL05050,Unknown,Unknown,0,0,Truck,0
DEL05051,Unknown,Unknown,0,0,Truck,0
DEL05052,Unknown,Unknown,0,0,Truck,0
DEL05053,Unknown,Unknown,0,0,Truck,0
DEL05054,Unknown,Unknown,0,0,Truck,0
DEL05055,Unknown,Unknown,0,0,Truck,0
DEL05056,Unknown,Unknown,0,0,Truck,0
DEL05057,Unknown,Unknown,0,0,Truck,0
DEL05058,Unknown,Unknown,0,0,Truck,0
DEL05059,Unknown,Unknown,0,0,Truck,0
DEL05060,Unknown,Unknown,0,0,Truck,0
DEL05061,Unknown,Unknown,0,0,Truck,0
DEL05062,Unknown,Unknown,0,0,Truck,0
DEL05063,Unknown,Unknown,0,0,Truck,0
DEL05064,Unknown,Unknown,0,0,Truck,0
DEL05065,Unknown,Unknown,0,0,Truck,0
DEL05066,Unknown,Unknown,0,0,Truck,0
DEL05067,Unknown,Unknown,0,0,Truck,0
DEL05068,Unknown,Unknown,0,0,Truck,0
DEL05069,Unknown,Unknown,0,0,Truck,0
DEL05070,Unknown,Unknown,0,0,Truck,0
DEL05071,Unknown,Unknown,0,0,Truck,0
DEL05072,Unknown,Unknown,0,0,Truck,0
DEL05073,Unknown,Unknown,0,0,Truck,0
DEL05074,Unknown,Unknown,0,0,Truck,0
DEL05075,Unknown,Unknown,0,0,Truck,0
DEL05076,Unknown,Unknown,0,0,Truck,0
DEL05077,Unknown,Unknown,0,0,Truck,0
DEL05078,Unknown,Unknown,0,0,Truck,0
DEL05079,Unknown,Unknown,0,0,Truck,0
DEL05080,Unknown,Unknown,0,0,Truck,0
DEL05081,Unknown,Unknown,0,0,Truck,0
DEL05082,Unknown,Unknown,0,0,Truck,0
DEL05083,Unknown,Unknown,0,0,Truck,0
DEL05084,Unknown,Unknown,0,0,Truck,0
DEL05085,Unknown,Unknown,0,0,Truck,0
DEL05086,Unknown,Unknown,0,0,Truck,0
DEL05087,Unknown,Unknown,0,0,Truck,0
DEL05088,Unknown,Unknown,0,0,Truck,0
DEL05089,Unknown,Unknown,0,0,Truck,0
DEL05090,Unknown,Unknown,0,0,Truck,0
DEL05091,Unknown,Unknown,0,0,Truck,0
DEL05092,Unknown,Unknown,0,0,Truck,0
DEL05093,Unknown,Unknown,0,0,Truck,0
DEL05094,Unknown,Unknown,0,0,Truck,0
DEL05095,Unknown,Unknown,0,0,Truck,0
DEL05096,Unknown,Unknown,0,0,Truck,0
DEL05097,Unknown,Unknown,0,0,Truck,0
DEL05098,Unknown,Unknown,0,0,Truck,0
DEL05099,Unknown,Unknown,0,0,Truck,0
DEL05100,Unknown,Unknown,0,0,Truck,0
DEL05101,Unknown,Unknown,0,0,Truck,0
DEL05102,Unknown,Unknown,0,0,Truck,0
DEL05103,Unknown,Unknown,0,0,Truck,0
DEL05104,Unknown,Unknown,0,0,Truck,0
DEL05105,Unknown,Unknown,0,0,Truck,0
DEL05106,Unknown,Unknown,0,0,Truck,0
DEL05107,Unknown,Unknown,0,0,Truck,0
DEL05108,Unknown,Unknown,0,0,Truck,0
DEL05109,Unknown,Unknown,0,0,Truck,0
DEL05110,Unknown,Unknown,0,0,Truck,0
DEL05111,Unknown,Unknown,0,0,Truck,0
DEL05112,Unknown,Unknown,0,0,Truck,0
DEL05113,Unknown,Unknown,0,0,Truck,0
DEL05114,Unknown,Unknown,0,0,Truck,0
DEL05115,Unknown,Unknown,0,0,Truck,0
DEL05116,Unknown,Unknown,0,0,Truck,0
DEL05117,Unknown,Unknown,0,0,Truck,0
DEL05118,Unknown,Unknown,0,0,Truck,0
DEL05119,Unknown,Unknown,0,0,Truck,0
DEL05120,Unknown,Unknown,0,0,Truck,0
DEL05121,Unknown,Unknown,0,0,Truck,0
DEL05122,Unknown,Unknown,0,0,Truck,0
DEL05123,Unknown,Unknown,0,0,Truck,0
DEL05124,Unknown,Unknown,0,0,Truck,0
DEL05125,Unknown,Unknown,0,0,Truck,0
DEL05126,Unknown,Unknown,0,0,Truck,0
DEL05127,Unknown,Unknown,0,0,Truck,0
DEL05128,Unknown,Unknown,0,0,Truck,0
DEL05129,Unknown,Unknown,0,0,Truck,0
DEL05130,Unknown,Unknown,0,0,Truck,0
DEL05131,Unknown,Unknown,0,0,Truck,0
DEL05132,Unknown,Unknown,0,0,Truck,0
DEL05133,Unknown,Unknown,0,0,Truck,0
DEL05134,Unknown,Unknown,0,0,Truck,0
DEL05135,Unknown,Unknown,0,0,Truck,0
DEL05136,Unknown,Unknown,0,0,Truck,0
DEL05137,Unknown,Unknown,0,0,Truck,0
DEL05138,Unknown,Unknown,0,0,Truck,0
DEL05139,Unknown,Unknown,0,0,Truck,0
DEL05140,Unknown,Unknown,0,0,Truck,0
DEL05141,Unknown,Unknown,0,0,Truck,0
DEL05142,Unknown,Unknown,0,0,Truck,0
DEL05143,Unknown,Unknown,0,0,Truck,0
DEL05144,Unknown,Unknown,0,0,Truck,0
DEL05145,Unknown,Unknown,0,0,Truck,0
DEL05146,Unknown,Unknown,0,0,Truck,0
DEL05147,Unknown,Unknown,0,0,Truck,0
DEL05148,Unknown,Unknown,0,0,Truck,0
DEL05149,Unknown,Unknown,0,0,Truck,0
DEL05150,Unknown,Unknown,0,0,Truck,0
DEL05151,Unknown,Unknown,0,0,Truck,0
DEL05152,Unknown,Unknown,0,0,Truck,0
DEL05153,Unknown,Unknown,0,0,Truck,0
DEL05154,Unknown,Unknown,0,0,Truck,0
DEL05155,Unknown,Unknown,0,0,Truck,0
DEL05156,Unknown,Unknown,0,0,Truck,0
DEL05157,Unknown,Unknown,0,0,Truck,0
DEL05158,Unknown,Unknown,0,0,Truck,0
DEL05159,Unknown,Unknown,0,0,Truck,0
DEL05160,Unknown,Unknown,0,0,Truck,0
DEL05161,Unknown,Unknown,0,0,Truck,0
DEL05162,Unknown,Unknown,0,0,Truck,0
DEL05163,Unknown,Unknown,0,0,Truck,0
DEL05164,Unknown,Unknown,0,0,Truck,0
DEL05165,Unknown,Unknown,0,0,Truck,0
DEL05166,Unknown,Unknown,0,0,Truck,0
DEL05167,Unknown,Unknown,0,0,Truck,0
DEL05168,Unknown,Unknown,0,0,Truck,0
DEL05169,Unknown,Unknown,0,0,Truck,0
DEL05170,Unknown,Unknown,0,0,Truck,0
DEL05171,Unknown,Unknown,0,0,Truck,0
DEL05172,Unknown,Unknown,0,0,Truck,0
DEL05173,Unknown,Unknown,0,0,Truck,0
DEL05174,Unknown,Unknown,0,0,Truck,0
DEL05175,Unknown,Unknown,0,0,Truck,0
DEL05176,Unknown,Unknown,0,0,Truck,0
DEL05177,Unknown,Unknown,0,0,Truck,0
DEL05178,Unknown,Unknown,0,0,Truck,0
DEL05179,Unknown,Unknown,0,0,Truck,0
DEL05180,Unknown,Unknown,0,0,Truck,0
DEL05181,Unknown,Unknown,0,0,Truck,0
DEL05182,Unknown,Unknown,0,0,Truck,0
DEL05183,Unknown,Unknown,0,0,Truck,0
DEL05184,Unknown,Unknown,0,0,Truck,0
DEL05185,Unknown,Unknown,0,0,Truck,0
DEL05186,Unknown,Unknown,0,0,Truck,0
DEL05187,Unknown,Unknown,0,0,Truck,0
DEL05188,Unknown,Unknown,0,0,Truck,0
DEL05189,Unknown,Unknown,0,0,Truck,0
DEL05190,Unknown,Unknown,0,0,Truck,0
DEL05191,Unknown,Unknown,0,0,Truck,0
DEL05192,Unknown,Unknown,0,0,Truck,0
DEL05193,Unknown,Unknown,0,0,Truck,0
DEL05194,Unknown,Unknown,0,0,Truck,0
DEL05195,Unknown,Unknown,0,0,Truck,0
DEL05196,Unknown,Unknown,0,0,Truck,0
DEL05197,Unknown,Unknown,0,0,Truck,0
DEL05198,Unknown,Unknown,0,0,Truck,0
DEL05199,Unknown,Unknown,0,0,Truck,0
DEL05200,Unknown,Unknown,0,0,Truck,0
DEL05201,Unknown,Unknown,0,0,Truck,0
DEL05202,Unknown,Unknown,0,0,Truck,0
DEL05203,Unknown,Unknown,0,0,Truck,0
DEL05204,Unknown,Unknown,0,0,Truck,0
DEL05205,Unknown,Unknown,0,0,Truck,0
DEL05206,Unknown,Unknown,0,0,Truck,0
DEL05207,Unknown,Unknown,0,0,Truck,0
DEL05208,Unknown,Unknown,0,0,Truck,0
DEL05209,Unknown,Unknown,0,0,Truck,0
DEL05210,Unknown,Unknown,0,0,Truck,0
DEL05211,Unknown,Unknown,0,0,Truck,0
DEL05212,Unknown,Unknown,0,0,Truck,0
DEL05213,Unknown,Unknown,0,0,Truck,0
DEL05214,Unknown,Unknown,0,0,Truck,0
DEL05215,Unknown,Unknown,0,0,Truck,0
DEL05216,Unknown,Unknown,0,0,Truck,0
DEL05217,Unknown,Unknown,0,0,Truck,0
DEL05218,Unknown,Unknown,0,0,Truck,0
DEL05219,Unknown,Unknown,0,0,Truck,0
DEL05220,Unknown,Unknown,0,0,Truck,0
DEL05221,Unknown,Unknown,0,0,Truck,0
DEL05222,Unknown,Unknown,0,0,Truck,0
DEL05223,Unknown,Unknown,0,0,Truck,0
DEL05224,Unknown,Unknown,0,0,Truck,0
DEL05225,Unknown,Unknown,0,0,Truck,0
DEL05226,Unknown,Unknown,0,0,Truck,0
DEL05227,Unknown,Unknown,0,0,Truck,0
DEL05228,Unknown,Unknown,0,0,Truck,0
DEL05229,Unknown,Unknown,0,0,Truck,0
DEL05230,Unknown,Unknown,0,0,Truck,0
DEL05231,Unknown,Unknown,0,0,Truck,0
DEL05232,Unknown,Unknown,0,0,Truck,0
DEL05233,Unknown,Unknown,0,0,Truck,0
DEL05234,Unknown,Unknown,0,0,Truck,0
DEL05235,Unknown,Unknown,0,0,Truck,0
DEL05236,Unknown,Unknown,0,0,Truck,0
DEL05237,Unknown,Unknown,0,0,Truck,0
DEL05238,Unknown,Unknown,0,0,Truck,0
DEL05239,Unknown,Unknown,0,0,Truck,0
DEL05240,Unknown,Unknown,0,0,Truck,0
DEL05241,Unknown,Unknown,0,0,Truck,0
DEL05242,Unknown,Unknown,0,0,Truck,0
DEL05243,Unknown,Unknown,0,0,Truck,0
DEL05244,Unknown,Unknown,0,0,Truck,0
DEL05245,Unknown,Unknown,0,0,Truck,0
DEL05246,Unknown,Unknown,0,0,Truck,0
DEL05247,Unknown,Unknown,0,0,Truck,0
DEL05248,Unknown,Unknown,0,0,Truck,0
DEL05249,Unknown,Unknown,0,0,Truck,0
DEL05250,Unknown,Unknown,0,0,Truck,0
DEL05251,Unknown,Unknown,0,0,Truck,0
DEL05252,Unknown,Unknown,0,0,Truck,0
DEL05253,Unknown,Unknown,0,0,Truck,0
DEL05254,Unknown,Unknown,0,0,Truck,0
DEL05255,Unknown,Unknown,0,0,Truck,0
DEL05256,Unknown,Unknown,0,0,Truck,0
DEL05257,Unknown,Unknown,0,0,Truck,0
DEL05258,Unknown,Unknown,0,0,Truck,0
DEL05259,Unknown,Unknown,0,0,Truck,0
DEL05260,Unknown,Unknown,0,0,Truck,0
DEL05261,Unknown,Unknown,0,0,Truck,0
DEL05262,Unknown,Unknown,0,0,Truck,0
DEL05263,Unknown,Unknown,0,0,Truck,0
DEL05264,Unknown,Unknown,0,0,Truck,0
DEL05265,Unknown,Unknown,0,0,Truck,0
DEL05266,Unknown,Unknown,0,0,Truck,0
DEL05267,Unknown,Unknown,0,0,Truck,0
DEL05268,Unknown,Unknown,0,0,Truck,0
DEL05269,Unknown,Unknown,0,0,Truck,0
DEL05270,Unknown,Unknown,0,0,Truck,0
DEL05271,Unknown,Unknown,0,0,Truck,0
DEL05272,Unknown,Unknown,0,0,Truck,0
DEL05273,Unknown,Unknown,0,0,Truck,0
DEL05274,Unknown,Unknown,0,0,Truck,0
DEL05275,Unknown,Unknown,0,0,Truck,0
DEL05276,Unknown,Unknown,0,0,Truck,0
DEL05277,Unknown,Unknown,0,0,Truck,0
DEL05278,Unknown,Unknown,0,0,Truck,0
DEL05279,Unknown,Unknown,0,0,Truck,0
DEL05280,Unknown,Unknown,0,0,Truck,0
DEL05281,Unknown,Unknown,0,0,Truck,0
DEL05282,Unknown,Unknown,0,0,Truck,0
DEL05283,Unknown,Unknown,0,0,Truck,0
DEL05284,Unknown,Unknown,0,0,Truck,0
DEL05285,Unknown,Unknown,0,0,Truck,0
DEL05286,Unknown,Unknown,0,0,Truck,0
DEL05287,Unknown,Unknown,0,0,Truck,0
DEL05288,Unknown,Unknown,0,0,Truck,0
DEL05289,Unknown,Unknown,0,0,Truck,0
DEL05290,Unknown,Unknown,0,0,Truck,0
DEL05291,Unknown,Unknown,0,0,Truck,0
DEL05292,Unknown,Unknown,0,0,Truck,0
DEL05293,Unknown,Unknown,0,0,Truck,0
DEL05294,Unknown,Unknown,0,0,Truck,0
DEL05295,Unknown,Unknown,0,0,Truck,0
DEL05296,Unknown,Unknown,0,0,Truck,0
DEL05297,Unknown,Unknown,0,0,Truck,0
DEL05298,Unknown,Unknown,0,0,Truck,0
DEL05299,Unknown,Unknown,0,0,Truck,0
DEL05300,Unknown,Unknown,0,0,Truck,0
DEL05301,Unknown,Unknown,0,0,Truck,0
DEL05302,Unknown,Unknown,0,0,Truck,0
DEL05303,Unknown,Unknown,0,0,Truck,0
DEL05304,Unknown,Unknown,0,0,Truck,0
DEL05305,Unknown,Unknown,0,0,Truck,0
DEL05306,Unknown,Unknown,0,0,Truck,0
DEL05307,Unknown,Unknown,0,0,Truck,0
DEL05308,Unknown,Unknown,0,0,Truck,0
DEL05309,Unknown,Unknown,0,0,Truck,0
DEL05310,Unknown,Unknown,0,0,Truck,0
DEL05311,Unknown,Unknown,0,0,Truck,0
DEL05312,Unknown,Unknown,0,0,Truck,0
DEL05313,Unknown,Unknown,0,0,Truck,0
DEL05314,Unknown,Unknown,0,0,Truck,0
DEL05315,Unknown,Unknown,0,0,Truck,0
DEL05316,Unknown,Unknown,0,0,Truck,0
DEL05317,Unknown,Unknown,0,0,Truck,0
DEL05318,Unknown,Unknown,0,0,Truck,0
DEL05319,Unknown,Unknown,0,0,Truck,0
DEL05320,Unknown,Unknown,0,0,Truck,0
DEL05321,Unknown,Unknown,0,0,Truck,0
DEL05322,Unknown,Unknown,0,0,Truck,0
DEL05323,Unknown,Unknown,0,0,Truck,0
DEL05324,Unknown,Unknown,0,0,Truck,0
DEL05325,Unknown,Unknown,0,0,Truck,0
DEL05326,Unknown,Unknown,0,0,Truck,0
DEL05327,Unknown,Unknown,0,0,Truck,0
DEL05328,Unknown,Unknown,0,0,Truck,0
DEL05329,Unknown,Unknown,0,0,Truck,0
DEL05330,Unknown,Unknown,0,0,Truck,0
DEL05331,Unknown,Unknown,0,0,Truck,0
DEL05332,Unknown,Unknown,0,0,Truck,0
DEL05333,Unknown,Unknown,0,0,Truck,0
DEL05334,Unknown,Unknown,0,0,Truck,0
DEL05335,Unknown,Unknown,0,0,Truck,0
DEL05336,Unknown,Unknown,0,0,Truck,0
DEL05337,Unknown,Unknown,0,0,Truck,0
DEL05338,Unknown,Unknown,0,0,Truck,0
DEL05339,Unknown,Unknown,0,0,Truck,0
DEL05340,Unknown,Unknown,0,0,Truck,0
DEL05341,Unknown,Unknown,0,0,Truck,0
DEL05342,Unknown,Unknown,0,0,Truck,0
DEL05343,Unknown,Unknown,0,0,Truck,0
DEL05344,Unknown,Unknown,0,0,Truck,0
DEL05345,Unknown,Unknown,0,0,Truck,0
DEL05346,Unknown,Unknown,0,0,Truck,0
DEL05347,Unknown,Unknown,0,0,Truck,0
DEL05348,Unknown,Unknown,0,0,Truck,0
DEL05349,Unknown,Unknown,0,0,Truck,0
DEL05350,Unknown,Unknown,0,0,Truck,0
DEL05351,Unknown,Unknown,0,0,Truck,0
DEL05352,Unknown,Unknown,0,0,Truck,0
DEL05353,Unknown,Unknown,0,0,Truck,0
DEL05354,Unknown,Unknown,0,0,Truck,0
DEL05355,Unknown,Unknown,0,0,Truck,0
DEL05356,Unknown,Unknown,0,0,Truck,0
DEL05357,Unknown,Unknown,0,0,Truck,0
DEL05358,Unknown,Unknown,0,0,Truck,0
DEL05359,Unknown,Unknown,0,0,Truck,0
DEL05360,Unknown,Unknown,0,0,Truck,0
DEL05361,Unknown,Unknown,0,0,Truck,0
DEL05362,Unknown,Unknown,0,0,Truck,0
DEL05363,Unknown,Unknown,0,0,Truck,0
DEL05364,Unknown,Unknown,0,0,Truck,0
DEL05365,Unknown,Unknown,0,0,Truck,0
DEL05366,Unknown,Unknown,0,0,Truck,0
DEL05367,Unknown,Unknown,0,0,Truck,0
DEL05368,Unknown,Unknown,0,0,Truck,0
DEL05369,Unknown,Unknown,0,0,Truck,0
DEL05370,Unknown,Unknown,0,0,Truck,0
DEL05371,Unknown,Unknown,0,0,Truck,0
DEL05372,Unknown,Unknown,0,0,Truck,0
DEL05373,Unknown,Unknown,0,0,Truck,0
DEL05374,Unknown,Unknown,0,0,Truck,0
DEL05375,Unknown,Unknown,0,0,Truck,0
DEL05376,Unknown,Unknown,0,0,Truck,0
DEL05377,Unknown,Unknown,0,0,Truck,0
DEL05378,Unknown,Unknown,0,0,Truck,0
DEL05379,Unknown,Unknown,0,0,Truck,0
DEL05380,Unknown,Unknown,0,0,Truck,0
DEL05381,Unknown,Unknown,0,0,Truck,0
DEL05382,Unknown,Unknown,0,0,Truck,0
DEL05383,Unknown,Unknown,0,0,Truck,0
DEL05384,Unknown,Unknown,0,0,Truck,0
DEL05385,Unknown,Unknown,0,0,Truck,0
DEL05386,Unknown,Unknown,0,0,Truck,0
DEL05387,Unknown,Unknown,0,0,Truck,0
DEL05388,Unknown,Unknown,0,0,Truck,0
DEL05389,Unknown,Unknown,0,0,Truck,0
DEL05390,Unknown,Unknown,0,0,Truck,0
DEL05391,Unknown,Unknown,0,0,Truck,0
DEL05392,Unknown,Unknown,0,0,Truck,0
DEL05393,Unknown,Unknown,0,0,Truck,0
DEL05394,Unknown,Unknown,0,0,Truck,0
DEL05395,Unknown,Unknown,0,0,Truck,0
DEL05396,Unknown,Unknown,0,0,Truck,0
DEL05397,Unknown,Unknown,0,0,Truck,0
DEL05398,Unknown,Unknown,0,0,Truck,0
DEL05399,Unknown,Unknown,0,0,Truck,0
DEL05400,Unknown,Unknown,0,0,Truck,0
DEL05401,Unknown,Unknown,0,0,Truck,0
DEL05402,Unknown,Unknown,0,0,Truck,0
DEL05403,Unknown,Unknown,0,0,Truck,0
DEL05404,Unknown,Unknown,0,0,Truck,0
DEL05405,Unknown,Unknown,0,0,Truck,0
DEL05406,Unknown,Unknown,0,0,Truck,0
DEL05407,Unknown,Unknown,0,0,Truck,0
DEL05408,Unknown,Unknown,0,0,Truck,0
DEL05409,Unknown,Unknown,0,0,Truck,0
DEL05410,Unknown,Unknown,0,0,Truck,0
DEL05411,Unknown,Unknown,0,0,Truck,0
DEL05412,Unknown,Unknown,0,0,Truck,0
DEL05413,Unknown,Unknown,0,0,Truck,0
DEL05414,Unknown,Unknown,0,0,Truck,0
DEL05415,Unknown,Unknown,0,0,Truck,0
DEL05416,Unknown,Unknown,0,0,Truck,0
DEL05417,Unknown,Unknown,0,0,Truck,0
DEL05418,Unknown,Unknown,0,0,Truck,0
DEL05419,Unknown,Unknown,0,0,Truck,0
DEL05420,Unknown,Unknown,0,0,Truck,0
DEL05421,Unknown,Unknown,0,0,Truck,0
DEL05422,Unknown,Unknown,0,0,Truck,0
DEL05423,Unknown,Unknown,0,0,Truck,0
DEL05424,Unknown,Unknown,0,0,Truck,0
DEL05425,Unknown,Unknown,0,0,Truck,0
DEL05426,Unknown,Unknown,0,0,Truck,0
DEL05427,Unknown,Unknown,0,0,Truck,0
DEL05428,Unknown,Unknown,0,0,Truck,0
DEL05429,Unknown,Unknown,0,0,Truck,0
DEL05430,Unknown,Unknown,0,0,Truck,0
DEL05431,Unknown,Unknown,0,0,Truck,0
DEL05432,Unknown,Unknown,0,0,Truck,0
DEL05433,Unknown,Unknown,0,0,Truck,0
DEL05434,Unknown,Unknown,0,0,Truck,0
DEL05435,Unknown,Unknown,0,0,Truck,0
DEL05436,Unknown,Unknown,0,0,Truck,0
DEL05437,Unknown,Unknown,0,0,Truck,0
DEL05438,Unknown,Unknown,0,0,Truck,0
DEL05439,Unknown,Unknown,0,0,Truck,0
DEL05440,Unknown,Unknown,0,0,Truck,0
DEL05441,Unknown,Unknown,0,0,Truck,0
DEL05442,Unknown,Unknown,0,0,Truck,0
DEL05443,Unknown,Unknown,0,0,Truck,0
DEL05444,Unknown,Unknown,0,0,Truck,0
DEL05445,Unknown,Unknown,0,0,Truck,0
DEL05446,Unknown,Unknown,0,0,Truck,0
DEL05447,Unknown,Unknown,0,0,Truck,0
DEL05448,Unknown,Unknown,0,0,Truck,0
DEL05449,Unknown,Unknown,0,0,Truck,0
DEL05450,Unknown,Unknown,0,0,Truck,0
DEL05451,Unknown,Unknown,0,0,Truck,0
DEL05452,Unknown,Unknown,0,0,Truck,0
DEL05453,Unknown,Unknown,0,0,Truck,0
DEL05454,Unknown,Unknown,0,0,Truck,0
DEL05455,Unknown,Unknown,0,0,Truck,0
DEL05456,Unknown,Unknown,0,0,Truck,0
DEL05457,Unknown,Unknown,0,0,Truck,0
DEL05458,Unknown,Unknown,0,0,Truck,0
DEL05459,Unknown,Unknown,0,0,Truck,0
DEL05460,Unknown,Unknown,0,0,Truck,0
DEL05461,Unknown,Unknown,0,0,Truck,0
DEL05462,Unknown,Unknown,0,0,Truck,0
DEL05463,Unknown,Unknown,0,0,Truck,0
DEL05464,Unknown,Unknown,0,0,Truck,0
DEL05465,Unknown,Unknown,0,0,Truck,0
DEL05466,Unknown,Unknown,0,0,Truck,0
DEL05467,Unknown,Unknown,0,0,Truck,0
DEL05468,Unknown,Unknown,0,0,Truck,0
DEL05469,Unknown,Unknown,0,0,Truck,0
DEL05470,Unknown,Unknown,0,0,Truck,0
DEL05471,Unknown,Unknown,0,0,Truck,0
DEL05472,Unknown,Unknown,0,0,Truck,0
DEL05473,Unknown,Unknown,0,0,Truck,0
DEL05474,Unknown,Unknown,0,0,Truck,0
DEL05475,Unknown,Unknown,0,0,Truck,0
DEL05476,Unknown,Unknown,0,0,Truck,0
DEL05477,Unknown,Unknown,0,0,Truck,0
DEL05478,Unknown,Unknown,0,0,Truck,0
DEL05479,Unknown,Unknown,0,0,Truck,0
DEL05480,Unknown,Unknown,0,0,Truck,0
DEL05481,Unknown,Unknown,0,0,Truck,0
DEL05482,Unknown,Unknown,0,0,Truck,0
DEL05483,Unknown,Unknown,0,0,Truck,0
DEL05484,Unknown,Unknown,0,0,Truck,0
DEL05485,Unknown,Unknown,0,0,Truck,0
DEL05486,Unknown,Unknown,0,0,Truck,0
DEL05487,Unknown,Unknown,0,0,Truck,0
DEL05488,Unknown,Unknown,0,0,Truck,0
DEL05489,Unknown,Unknown,0,0,Truck,0
DEL05490,Unknown,Unknown,0,0,Truck,0
DEL05491,Unknown,Unknown,0,0,Truck,0
DEL05492,Unknown,Unknown,0,0,Truck,0
DEL05493,Unknown,Unknown,0,0,Truck,0
DEL05494,Unknown,Unknown,0,0,Truck,0
DEL05495,Unknown,Unknown,0,0,Truck,0
DEL05496,Unknown,Unknown,0,0,Truck,0
DEL05497,Unknown,Unknown,0,0,Truck,0
DEL05498,Unknown,Unknown,0,0,Truck,0
DEL05499,Unknown,Unknown,0,0,Truck,0
DEL05500,Unknown,Unknown,0,0,Truck,0
DEL05501,Unknown,Unknown,0,0,Truck,0
DEL05502,Unknown,Unknown,0,0,Truck,0
DEL05503,Unknown,Unknown,0,0,Truck,0
DEL05504,Unknown,Unknown,0,0,Truck,0
DEL05505,Unknown,Unknown,0,0,Truck,0
DEL05506,Unknown,Unknown,0,0,Truck,0
DEL05507,Unknown,Unknown,0,0,Truck,0
DEL05508,Unknown,Unknown,0,0,Truck,0
DEL05509,Unknown,Unknown,0,0,Truck,0
DEL05510,Unknown,Unknown,0,0,Truck,0
DEL05511,Unknown,Unknown,0,0,Truck,0
DEL05512,Unknown,Unknown,0,0,Truck,0
DEL05513,Unknown,Unknown,0,0,Truck,0
DEL05514,Unknown,Unknown,0,0,Truck,0
DEL05515,Unknown,Unknown,0,0,Truck,0
DEL05516,Unknown,Unknown,0,0,Truck,0
DEL05517,Unknown,Unknown,0,0,Truck,0
DEL05518,Unknown,Unknown,0,0,Truck,0
DEL05519,Unknown,Unknown,0,0,Truck,0
DEL05520,Unknown,Unknown,0,0,Truck,0
DEL05521,Unknown,Unknown,0,0,Truck,0
DEL05522,Unknown,Unknown,0,0,Truck,0
DEL05523,Unknown,Unknown,0,0,Truck,0
DEL05524,Unknown,Unknown,0,0,Truck,0
DEL05525,Unknown,Unknown,0,0,Truck,0
DEL05526,Unknown,Unknown,0,0,Truck,0
DEL05527,Unknown,Unknown,0,0,Truck,0
DEL05528,Unknown,Unknown,0,0,Truck,0
DEL05529,Unknown,Unknown,0,0,Truck,0
DEL05530,Unknown,Unknown,0,0,Truck,0
DEL05531,Unknown,Unknown,0,0,Truck,0
DEL05532,Unknown,Unknown,0,0,Truck,0
DEL05533,Unknown,Unknown,0,0,Truck,0
DEL05534,Unknown,Unknown,0,0,Truck,0
DEL05535,Unknown,Unknown,0,0,Truck,0
DEL05536,Unknown,Unknown,0,0,Truck,0
DEL05537,Unknown,Unknown,0,0,Truck,0
DEL05538,Unknown,Unknown,0,0,Truck,0
DEL05539,Unknown,Unknown,0,0,Truck,0
DEL05540,Unknown,Unknown,0,0,Truck,0
DEL05541,Unknown,Unknown,0,0,Truck,0
DEL05542,Unknown,Unknown,0,0,Truck,0
DEL05543,Unknown,Unknown,0,0,Truck,0
DEL05544,Unknown,Unknown,0,0,Truck,0
DEL05545,Unknown,Unknown,0,0,Truck,0
DEL05546,Unknown,Unknown,0,0,Truck,0
DEL05547,Unknown,Unknown,0,0,Truck,0
DEL05548,Unknown,Unknown,0,0,Truck,0
DEL05549,Unknown,Unknown,0,0,Truck,0
DEL05550,Unknown,Unknown,0,0,Truck,0
DEL05551,Unknown,Unknown,0,0,Truck,0
DEL05552,Unknown,Unknown,0,0,Truck,0
DEL05553,Unknown,Unknown,0,0,Truck,0
DEL05554,Unknown,Unknown,0,0,Truck,0
DEL05555,Unknown,Unknown,0,0,Truck,0
DEL05556,Unknown,Unknown,0,0,Truck,0
DEL05557,Unknown,Unknown,0,0,Truck,0
DEL05558,Unknown,Unknown,0,0,Truck,0
DEL05559,Unknown,Unknown,0,0,Truck,0
DEL05560,Unknown,Unknown,0,0,Truck,0
DEL05561,Unknown,Unknown,0,0,Truck,0
DEL05562,Unknown,Unknown,0,0,Truck,0
DEL05563,Unknown,Unknown,0,0,Truck,0
DEL05564,Unknown,Unknown,0,0,Truck,0
DEL05565,Unknown,Unknown,0,0,Truck,0
DEL05566,Unknown,Unknown,0,0,Truck,0
DEL05567,Unknown,Unknown,0,0,Truck,0
DEL05568,Unknown,Unknown,0,0,Truck,0
DEL05569,Unknown,Unknown,0,0,Truck,0
DEL05570,Unknown,Unknown,0,0,Truck,0
DEL05571,Unknown,Unknown,0,0,Truck,0
DEL05572,Unknown,Unknown,0,0,Truck,0
DEL05573,Unknown,Unknown,0,0,Truck,0
DEL05574,Unknown,Unknown,0,0,Truck,0
DEL05575,Unknown,Unknown,0,0,Truck,0
DEL05576,Unknown,Unknown,0,0,Truck,0
DEL05577,Unknown,Unknown,0,0,Truck,0
DEL05578,Unknown,Unknown,0,0,Truck,0
DEL05579,Unknown,Unknown,0,0,Truck,0
DEL05580,Unknown,Unknown,0,0,Truck,0
DEL05581,Unknown,Unknown,0,0,Truck,0
DEL05582,Unknown,Unknown,0,0,Truck,0
DEL05583,Unknown,Unknown,0,0,Truck,0
DEL05584,Unknown,Unknown,0,0,Truck,0
DEL05585,Unknown,Unknown,0,0,Truck,0
DEL05586,Unknown,Unknown,0,0,Truck,0
DEL05587,Unknown,Unknown,0,0,Truck,0
DEL05588,Unknown,Unknown,0,0,Truck,0
DEL05589,Unknown,Unknown,0,0,Truck,0
DEL05590,Unknown,Unknown,0,0,Truck,0
DEL05591,Unknown,Unknown,0,0,Truck,0
DEL05592,Unknown,Unknown,0,0,Truck,0
DEL05593,Unknown,Unknown,0,0,Truck,0
DEL05594,Unknown,Unknown,0,0,Truck,0
DEL05595,Unknown,Unknown,0,0,Truck,0
DEL05596,Unknown,Unknown,0,0,Truck,0
DEL05597,Unknown,Unknown,0,0,Truck,0
DEL05598,Unknown,Unknown,0,0,Truck,0
DEL05599,Unknown,Unknown,0,0,Truck,0
DEL05600,Unknown,Unknown,0,0,Truck,0
DEL05601,Unknown,Unknown,0,0,Truck,0
DEL05602,Unknown,Unknown,0,0,Truck,0
DEL05603,Unknown,Unknown,0,0,Truck,0
DEL05604,Unknown,Unknown,0,0,Truck,0
DEL05605,Unknown,Unknown,0,0,Truck,0
DEL05606,Unknown,Unknown,0,0,Truck,0
DEL05607,Unknown,Unknown,0,0,Truck,0
DEL05608,Unknown,Unknown,0,0,Truck,0
DEL05609,Unknown,Unknown,0,0,Truck,0
DEL05610,Unknown,Unknown,0,0,Truck,0
DEL05611,Unknown,Unknown,0,0,Truck,0
DEL05612,Unknown,Unknown,0,0,Truck,0
DEL05613,Unknown,Unknown,0,0,Truck,0
DEL05614,Unknown,Unknown,0,0,Truck,0
DEL05615,Unknown,Unknown,0,0,Truck,0
DEL05616,Unknown,Unknown,0,0,Truck,0
DEL05617,Unknown,Unknown,0,0,Truck,0
DEL05618,Unknown,Unknown,0,0,Truck,0
DEL05619,Unknown,Unknown,0,0,Truck,0
DEL05620,Unknown,Unknown,0,0,Truck,0
DEL05621,Unknown,Unknown,0,0,Truck,0
DEL05622,Unknown,Unknown,0,0,Truck,0
DEL05623,Unknown,Unknown,0,0,Truck,0
DEL05624,Unknown,Unknown,0,0,Truck,0
DEL05625,Unknown,Unknown,0,0,Truck,0
DEL05626,Unknown,Unknown,0,0,Truck,0
DEL05627,Unknown,Unknown,0,0,Truck,0
DEL05628,Unknown,Unknown,0,0,Truck,0
DEL05629,Unknown,Unknown,0,0,Truck,0
DEL05630,Unknown,Unknown,0,0,Truck,0
DEL05631,Unknown,Unknown,0,0,Truck,0
DEL05632,Unknown,Unknown,0,0,Truck,0
DEL05633,Unknown,Unknown,0,0,Truck,0
DEL05634,Unknown,Unknown,0,0,Truck,0
DEL05635,Unknown,Unknown,0,0,Truck,0
DEL05636,Unknown,Unknown,0,0,Truck,0
DEL05637,Unknown,Unknown,0,0,Truck,0
DEL05638,Unknown,Unknown,0,0,Truck,0
DEL05639,Unknown,Unknown,0,0,Truck,0
DEL05640,Unknown,Unknown,0,0,Truck,0
DEL05641,Unknown,Unknown,0,0,Truck,0
DEL05642,Unknown,Unknown,0,0,Truck,0
DEL05643,Unknown,Unknown,0,0,Truck,0
DEL05644,Unknown,Unknown,0,0,Truck,0
DEL05645,Unknown,Unknown,0,0,Truck,0
DEL05646,Unknown,Unknown,0,0,Truck,0
DEL05647,Unknown,Unknown,0,0,Truck,0
DEL05648,Unknown,Unknown,0,0,Truck,0
DEL05649,Unknown,Unknown,0,0,Truck,0
DEL05650,Unknown,Unknown,0,0,Truck,0
DEL05651,Unknown,Unknown,0,0,Truck,0
DEL05652,Unknown,Unknown,0,0,Truck,0
DEL05653,Unknown,Unknown,0,0,Truck,0
DEL05654,Unknown,Unknown,0,0,Truck,0
DEL05655,Unknown,Unknown,0,0,Truck,0
DEL05656,Unknown,Unknown,0,0,Truck,0
DEL05657,Unknown,Unknown,0,0,Truck,0
DEL05658,Unknown,Unknown,0,0,Truck,0
DEL05659,Unknown,Unknown,0,0,Truck,0
DEL05660,Unknown,Unknown,0,0,Truck,0
DEL05661,Unknown,Unknown,0,0,Truck,0
DEL05662,Unknown,Unknown,0,0,Truck,0
DEL05663,Unknown,Unknown,0,0,Truck,0
DEL05664,Unknown,Unknown,0,0,Truck,0
DEL05665,Unknown,Unknown,0,0,Truck,0
DEL05666,Unknown,Unknown,0,0,Truck,0
DEL05667,Unknown,Unknown,0,0,Truck,0
DEL05668,Unknown,Unknown,0,0,Truck,0
DEL05669,Unknown,Unknown,0,0,Truck,0
DEL05670,Unknown,Unknown,0,0,Truck,0
DEL05671,Unknown,Unknown,0,0,Truck,0
DEL05672,Unknown,Unknown,0,0,Truck,0
DEL05673,Unknown,Unknown,0,0,Truck,0
DEL05674,Unknown,Unknown,0,0,Truck,0
DEL05675,Unknown,Unknown,0,0,Truck,0
DEL05676,Unknown,Unknown,0,0,Truck,0
DEL05677,Unknown,Unknown,0,0,Truck,0
DEL05678,Unknown,Unknown,0,0,Truck,0
DEL05679,Unknown,Unknown,0,0,Truck,0
DEL05680,Unknown,Unknown,0,0,Truck,0
DEL05681,Unknown,Unknown,0,0,Truck,0
DEL05682,Unknown,Unknown,0,0,Truck,0
DEL05683,Unknown,Unknown,0,0,Truck,0
DEL05684,Unknown,Unknown,0,0,Truck,0
DEL05685,Unknown,Unknown,0,0,Truck,0
DEL05686,Unknown,Unknown,0,0,Truck,0
DEL05687,Unknown,Unknown,0,0,Truck,0
DEL05688,Unknown,Unknown,0,0,Truck,0
DEL05689,Unknown,Unknown,0,0,Truck,0
DEL05690,Unknown,Unknown,0,0,Truck,0
DEL05691,Unknown,Unknown,0,0,Truck,0
DEL05692,Unknown,Unknown,0,0,Truck,0
DEL05693,Unknown,Unknown,0,0,Truck,0
DEL05694,Unknown,Unknown,0,0,Truck,0
DEL05695,Unknown,Unknown,0,0,Truck,0
DEL05696,Unknown,Unknown,0,0,Truck,0
DEL05697,Unknown,Unknown,0,0,Truck,0
DEL05698,Unknown,Unknown,0,0,Truck,0
DEL05699,Unknown,Unknown,0,0,Truck,0
DEL05700,Unknown,Unknown,0,0,Truck,0
DEL05701,Unknown,Unknown,0,0,Truck,0
DEL05702,Unknown,Unknown,0,0,Truck,0
DEL05703,Unknown,Unknown,0,0,Truck,0
DEL05704,Unknown,Unknown,0,0,Truck,0
DEL05705,Unknown,Unknown,0,0,Truck,0
DEL05706,Unknown,Unknown,0,0,Truck,0
DEL05707,Unknown,Unknown,0,0,Truck,0
DEL05708,Unknown,Unknown,0,0,Truck,0
DEL05709,Unknown,Unknown,0,0,Truck,0
DEL05710,Unknown,Unknown,0,0,Truck,0
DEL05711,Unknown,Unknown,0,0,Truck,0
DEL05712,Unknown,Unknown,0,0,Truck,0
DEL05713,Unknown,Unknown,0,0,Truck,0
DEL05714,Unknown,Unknown,0,0,Truck,0
DEL05715,Unknown,Unknown,0,0,Truck,0
DEL05716,Unknown,Unknown,0,0,Truck,0
DEL05717,Unknown,Unknown,0,0,Truck,0
DEL05718,Unknown,Unknown,0,0,Truck,0
DEL05719,Unknown,Unknown,0,0,Truck,0
DEL05720,Unknown,Unknown,0,0,Truck,0
DEL05721,Unknown,Unknown,0,0,Truck,0
DEL05722,Unknown,Unknown,0,0,Truck,0
DEL05723,Unknown,Unknown,0,0,Truck,0
DEL05724,Unknown,Unknown,0,0,Truck,0
DEL05725,Unknown,Unknown,0,0,Truck,0
DEL05726,Unknown,Unknown,0,0,Truck,0
DEL05727,Unknown,Unknown,0,0,Truck,0
DEL05728,Unknown,Unknown,0,0,Truck,0
DEL05729,Unknown,Unknown,0,0,Truck,0
DEL05730,Unknown,Unknown,0,0,Truck,0
DEL05731,Unknown,Unknown,0,0,Truck,0
DEL05732,Unknown,Unknown,0,0,Truck,0
DEL05733,Unknown,Unknown,0,0,Truck,0
DEL05734,Unknown,Unknown,0,0,Truck,0
DEL05735,Unknown,Unknown,0,0,Truck,0
DEL05736,Unknown,Unknown,0,0,Truck,0
DEL05737,Unknown,Unknown,0,0,Truck,0
DEL05738,Unknown,Unknown,0,0,Truck,0
DEL05739,Unknown,Unknown,0,0,Truck,0
DEL05740,Unknown,Unknown,0,0,Truck,0
DEL05741,Unknown,Unknown,0,0,Truck,0
DEL05742,Unknown,Unknown,0,0,Truck,0
DEL05743,Unknown,Unknown,0,0,Truck,0
DEL05744,Unknown,Unknown,0,0,Truck,0
DEL05745,Unknown,Unknown,0,0,Truck,0
DEL05746,Unknown,Unknown,0,0,Truck,0
DEL05747,Unknown,Unknown,0,0,Truck,0
DEL05748,Unknown,Unknown,0,0,Truck,0
DEL05749,Unknown,Unknown,0,0,Truck,0
DEL05750,Unknown,Unknown,0,0,Truck,0
DEL05751,Unknown,Unknown,0,0,Truck,0
DEL05752,Unknown,Unknown,0,0,Truck,0
DEL05753,Unknown,Unknown,0,0,Truck,0
DEL05754,Unknown,Unknown,0,0,Truck,0
DEL05755,Unknown,Unknown,0,0,Truck,0
DEL05756,Unknown,Unknown,0,0,Truck,0
DEL05757,Unknown,Unknown,0,0,Truck,0
DEL05758,Unknown,Unknown,0,0,Truck,0
DEL05759,Unknown,Unknown,0,0,Truck,0
DEL05760,Unknown,Unknown,0,0,Truck,0
DEL05761,Unknown,Unknown,0,0,Truck,0
DEL05762,Unknown,Unknown,0,0,Truck,0
DEL05763,Unknown,Unknown,0,0,Truck,0
DEL05764,Unknown,Unknown,0,0,Truck,0
DEL05765,Unknown,Unknown,0,0,Truck,0
DEL05766,Unknown,Unknown,0,0,Truck,0
DEL05767,Unknown,Unknown,0,0,Truck,0
DEL05768,Unknown,Unknown,0,0,Truck,0
DEL05769,Unknown,Unknown,0,0,Truck,0
DEL05770,Unknown,Unknown,0,0,Truck,0
DEL05771,Unknown,Unknown,0,0,Truck,0
DEL05772,Unknown,Unknown,0,0,Truck,0
DEL05773,Unknown,Unknown,0,0,Truck,0
DEL05774,Unknown,Unknown,0,0,Truck,0
DEL05775,Unknown,Unknown,0,0,Truck,0
DEL05776,Unknown,Unknown,0,0,Truck,0
DEL05777,Unknown,Unknown,0,0,Truck,0
DEL05778,Unknown,Unknown,0,0,Truck,0
DEL05779,Unknown,Unknown,0,0,Truck,0
DEL05780,Unknown,Unknown,0,0,Truck,0
DEL05781,Unknown,Unknown,0,0,Truck,0
DEL05782,Unknown,Unknown,0,0,Truck,0
DEL05783,Unknown,Unknown,0,0,Truck,0
DEL05784,Unknown,Unknown,0,0,Truck,0
DEL05785,Unknown,Unknown,0,0,Truck,0
DEL05786,Unknown,Unknown,0,0,Truck,0
DEL05787,Unknown,Unknown,0,0,Truck,0
DEL05788,Unknown,Unknown,0,0,Truck,0
DEL05789,Unknown,Unknown,0,0,Truck,0
DEL05790,Unknown,Unknown,0,0,Truck,0
DEL05791,Unknown,Unknown,0,0,Truck,0
DEL05792,Unknown,Unknown,0,0,Truck,0
DEL05793,Unknown,Unknown,0,0,Truck,0
DEL05794,Unknown,Unknown,0,0,Truck,0
DEL05795,Unknown,Unknown,0,0,Truck,0
DEL05796,Unknown,Unknown,0,0,Truck,0
DEL05797,Unknown,Unknown,0,0,Truck,0
DEL05798,Unknown,Unknown,0,0,Truck,0
DEL05799,Unknown,Unknown,0,0,Truck,0
DEL05800,Unknown,Unknown,0,0,Truck,0
DEL05801,Unknown,Unknown,0,0,Truck,0
DEL05802,Unknown,Unknown,0,0,Truck,0
DEL05803,Unknown,Unknown,0,0,Truck,0
DEL05804,Unknown,Unknown,0,0,Truck,0
DEL05805,Unknown,Unknown,0,0,Truck,0
DEL05806,Unknown,Unknown,0,0,Truck,0
DEL05807,Unknown,Unknown,0,0,Truck,0
DEL05808,Unknown,Unknown,0,0,Truck,0
DEL05809,Unknown,Unknown,0,0,Truck,0
DEL05810,Unknown,Unknown,0,0,Truck,0
DEL05811,Unknown,Unknown,0,0,Truck,0
DEL05812,Unknown,Unknown,0,0,Truck,0
DEL05813,Unknown,Unknown,0,0,Truck,0
DEL05814,Unknown,Unknown,0,0,Truck,0
DEL05815,Unknown,Unknown,0,0,Truck,0
DEL05816,Unknown,Unknown,0,0,Truck,0
DEL05817,Unknown,Unknown,0,0,Truck,0
DEL05818,Unknown,Unknown,0,0,Truck,0
DEL05819,Unknown,Unknown,0,0,Truck,0
DEL05820,Unknown,Unknown,0,0,Truck,0
DEL05821,Unknown,Unknown,0,0,Truck,0
DEL05822,Unknown,Unknown,0,0,Truck,0
DEL05823,Unknown,Unknown,0,0,Truck,0
DEL05824,Unknown,Unknown,0,0,Truck,0
DEL05825,Unknown,Unknown,0,0,Truck,0
DEL05826,Unknown,Unknown,0,0,Truck,0
DEL05827,Unknown,Unknown,0,0,Truck,0
DEL05828,Unknown,Unknown,0,0,Truck,0
DEL05829,Unknown,Unknown,0,0,Truck,0
DEL05830,Unknown,Unknown,0,0,Truck,0
DEL05831,Unknown,Unknown,0,0,Truck,0
DEL05832,Unknown,Unknown,0,0,Truck,0
DEL05833,Unknown,Unknown,0,0,Truck,0
DEL05834,Unknown,Unknown,0,0,Truck,0
DEL05835,Unknown,Unknown,0,0,Truck,0
DEL05836,Unknown,Unknown,0,0,Truck,0
DEL05837,Unknown,Unknown,0,0,Truck,0
DEL05838,Unknown,Unknown,0,0,Truck,0
DEL05839,Unknown,Unknown,0,0,Truck,0
DEL05840,Unknown,Unknown,0,0,Truck,0
DEL05841,Unknown,Unknown,0,0,Truck,0
DEL05842,Unknown,Unknown,0,0,Truck,0
DEL05843,Unknown,Unknown,0,0,Truck,0
DEL05844,Unknown,Unknown,0,0,Truck,0
DEL05845,Unknown,Unknown,0,0,Truck,0
DEL05846,Unknown,Unknown,0,0,Truck,0
DEL05847,Unknown,Unknown,0,0,Truck,0
DEL05848,Unknown,Unknown,0,0,Truck,0
DEL05849,Unknown,Unknown,0,0,Truck,0
DEL05850,Unknown,Unknown,0,0,Truck,0
DEL05851,Unknown,Unknown,0,0,Truck,0
DEL05852,Unknown,Unknown,0,0,Truck,0
DEL05853,Unknown,Unknown,0,0,Truck,0
DEL05854,Unknown,Unknown,0,0,Truck,0
DEL05855,Unknown,Unknown,0,0,Truck,0
DEL05856,Unknown,Unknown,0,0,Truck,0
DEL05857,Unknown,Unknown,0,0,Truck,0
DEL05858,Unknown,Unknown,0,0,Truck,0
DEL05859,Unknown,Unknown,0,0,Truck,0
DEL05860,Unknown,Unknown,0,0,Truck,0
DEL05861,Unknown,Unknown,0,0,Truck,0
DEL05862,Unknown,Unknown,0,0,Truck,0
DEL05863,Unknown,Unknown,0,0,Truck,0
DEL05864,Unknown,Unknown,0,0,Truck,0
DEL05865,Unknown,Unknown,0,0,Truck,0
DEL05866,Unknown,Unknown,0,0,Truck,0
DEL05867,Unknown,Unknown,0,0,Truck,0
DEL05868,Unknown,Unknown,0,0,Truck,0
DEL05869,Unknown,Unknown,0,0,Truck,0
DEL05870,Unknown,Unknown,0,0,Truck,0
DEL05871,Unknown,Unknown,0,0,Truck,0
DEL05872,Unknown,Unknown,0,0,Truck,0
DEL05873,Unknown,Unknown,0,0,Truck,0
DEL05874,Unknown,Unknown,0,0,Truck,0
DEL05875,Unknown,Unknown,0,0,Truck,0
DEL05876,Unknown,Unknown,0,0,Truck,0
DEL05877,Unknown,Unknown,0,0,Truck,0
DEL05878,Unknown,Unknown,0,0,Truck,0
DEL05879,Unknown,Unknown,0,0,Truck,0
DEL05880,Unknown,Unknown,0,0,Truck,0
DEL05881,Unknown,Unknown,0,0,Truck,0
DEL05882,Unknown,Unknown,0,0,Truck,0
DEL05883,Unknown,Unknown,0,0,Truck,0
DEL05884,Unknown,Unknown,0,0,Truck,0
DEL05885,Unknown,Unknown,0,0,Truck,0
DEL05886,Unknown,Unknown,0,0,Truck,0
DEL05887,Unknown,Unknown,0,0,Truck,0
DEL05888,Unknown,Unknown,0,0,Truck,0
DEL05889,Unknown,Unknown,0,0,Truck,0
DEL05890,Unknown,Unknown,0,0,Truck,0
DEL05891,Unknown,Unknown,0,0,Truck,0
DEL05892,Unknown,Unknown,0,0,Truck,0
DEL05893,Unknown,Unknown,0,0,Truck,0
DEL05894,Unknown,Unknown,0,0,Truck,0
DEL05895,Unknown,Unknown,0,0,Truck,0
DEL05896,Unknown,Unknown,0,0,Truck,0
DEL05897,Unknown,Unknown,0,0,Truck,0
DEL05898,Unknown,Unknown,0,0,Truck,0
DEL05899,Unknown,Unknown,0,0,Truck,0
DEL05900,Unknown,Unknown,0,0,Truck,0
DEL05901,Unknown,Unknown,0,0,Truck,0
DEL05902,Unknown,Unknown,0,0,Truck,0
DEL05903,Unknown,Unknown,0,0,Truck,0
DEL05904,Unknown,Unknown,0,0,Truck,0
DEL05905,Unknown,Unknown,0,0,Truck,0
DEL05906,Unknown,Unknown,0,0,Truck,0
DEL05907,Unknown,Unknown,0,0,Truck,0
DEL05908,Unknown,Unknown,0,0,Truck,0
DEL05909,Unknown,Unknown,0,0,Truck,0
DEL05910,Unknown,Unknown,0,0,Truck,0
DEL05911,Unknown,Unknown,0,0,Truck,0
DEL05912,Unknown,Unknown,0,0,Truck,0
DEL05913,Unknown,Unknown,0,0,Truck,0
DEL05914,Unknown,Unknown,0,0,Truck,0
DEL05915,Unknown,Unknown,0,0,Truck,0
DEL05916,Unknown,Unknown,0,0,Truck,0
DEL05917,Unknown,Unknown,0,0,Truck,0
DEL05918,Unknown,Unknown,0,0,Truck,0
DEL05919,Unknown,Unknown,0,0,Truck,0
DEL05920,Unknown,Unknown,0,0,Truck,0
DEL05921,Unknown,Unknown,0,0,Truck,0
DEL05922,Unknown,Unknown,0,0,Truck,0
DEL05923,Unknown,Unknown,0,0,Truck,0
DEL05924,Unknown,Unknown,0,0,Truck,0
DEL05925,Unknown,Unknown,0,0,Truck,0
DEL05926,Unknown,Unknown,0,0,Truck,0
DEL05927,Unknown,Unknown,0,0,Truck,0
DEL05928,Unknown,Unknown,0,0,Truck,0
DEL05929,Unknown,Unknown,0,0,Truck,0
DEL05930,Unknown,Unknown,0,0,Truck,0
DEL05931,Unknown,Unknown,0,0,Truck,0
DEL05932,Unknown,Unknown,0,0,Truck,0
DEL05933,Unknown,Unknown,0,0,Truck,0
DEL05934,Unknown,Unknown,0,0,Truck,0
DEL05935,Unknown,Unknown,0,0,Truck,0
DEL05936,Unknown,Unknown,0,0,Truck,0
DEL05937,Unknown,Unknown,0,0,Truck,0
DEL05938,Unknown,Unknown,0,0,Truck,0
DEL05939,Unknown,Unknown,0,0,Truck,0
DEL05940,Unknown,Unknown,0,0,Truck,0
DEL05941,Unknown,Unknown,0,0,Truck,0
DEL05942,Unknown,Unknown,0,0,Truck,0
DEL05943,Unknown,Unknown,0,0,Truck,0
DEL05944,Unknown,Unknown,0,0,Truck,0
DEL05945,Unknown,Unknown,0,0,Truck,0
DEL05946,Unknown,Unknown,0,0,Truck,0
DEL05947,Unknown,Unknown,0,0,Truck,0
DEL05948,Unknown,Unknown,0,0,Truck,0
DEL05949,Unknown,Unknown,0,0,Truck,0
DEL05950,Unknown,Unknown,0,0,Truck,0
DEL05951,Unknown,Unknown,0,0,Truck,0
DEL05952,Unknown,Unknown,0,0,Truck,0
DEL05953,Unknown,Unknown,0,0,Truck,0
DEL05954,Unknown,Unknown,0,0,Truck,0
DEL05955,Unknown,Unknown,0,0,Truck,0
DEL05956,Unknown,Unknown,0,0,Truck,0
DEL05957,Unknown,Unknown,0,0,Truck,0
DEL05958,Unknown,Unknown,0,0,Truck,0
DEL05959,Unknown,Unknown,0,0,Truck,0
DEL05960,Unknown,Unknown,0,0,Truck,0
DEL05961,Unknown,Unknown,0,0,Truck,0
DEL05962,Unknown,Unknown,0,0,Truck,0
DEL05963,Unknown,Unknown,0,0,Truck,0
DEL05964,Unknown,Unknown,0,0,Truck,0
DEL05965,Unknown,Unknown,0,0,Truck,0
DEL05966,Unknown,Unknown,0,0,Truck,0
DEL05967,Unknown,Unknown,0,0,Truck,0
DEL05968,Unknown,Unknown,0,0,Truck,0
DEL05969,Unknown,Unknown,0,0,Truck,0
DEL05970,Unknown,Unknown,0,0,Truck,0
DEL05971,Unknown,Unknown,0,0,Truck,0
DEL05972,Unknown,Unknown,0,0,Truck,0
DEL05973,Unknown,Unknown,0,0,Truck,0
DEL05974,Unknown,Unknown,0,0,Truck,0
DEL05975,Unknown,Unknown,0,0,Truck,0
DEL05976,Unknown,Unknown,0,0,Truck,0
DEL05977,Unknown,Unknown,0,0,Truck,0
DEL05978,Unknown,Unknown,0,0,Truck,0
DEL05979,Unknown,Unknown,0,0,Truck,0
DEL05980,Unknown,Unknown,0,0,Truck,0
DEL05981,Unknown,Unknown,0,0,Truck,0
DEL05982,Unknown,Unknown,0,0,Truck,0
DEL05983,Unknown,Unknown,0,0,Truck,0
DEL05984,Unknown,Unknown,0,0,Truck,0
DEL05985,Unknown,Unknown,0,0,Truck,0
DEL05986,Unknown,Unknown,0,0,Truck,0
DEL05987,Unknown,Unknown,0,0,Truck,0
DEL05988,Unknown,Unknown,0,0,Truck,0
DEL05989,Unknown,Unknown,0,0,Truck,0
DEL05990,Unknown,Unknown,0,0,Truck,0
DEL05991,Unknown,Unknown,0,0,Truck,0
DEL05992,Unknown,Unknown,0,0,Truck,0
DEL05993,Unknown,Unknown,0,0,Truck,0
DEL05994,Unknown,Unknown,0,0,Truck,0
DEL05995,Unknown,Unknown,0,0,Truck,0
DEL05996,Unknown,Unknown,0,0,Truck,0
DEL05997,Unknown,Unknown,0,0,Truck,0
DEL05998,Unknown,Unknown,0,0,Truck,0
DEL05999,Unknown,Unknown,0,0,Truck,0
DEL06000,Unknown,Unknown,0,0,Truck,0
DEL06001,Unknown,Unknown,0,0,Truck,0
DEL06002,Unknown,Unknown,0,0,Truck,0
DEL06003,Unknown,Unknown,0,0,Truck,0
DEL06004,Unknown,Unknown,0,0,Truck,0
DEL06005,Unknown,Unknown,0,0,Truck,0
DEL06006,Unknown,Unknown,0,0,Truck,0
DEL06007,Unknown,Unknown,0,0,Truck,0
DEL06008,Unknown,Unknown,0,0,Truck,0
DEL06009,Unknown,Unknown,0,0,Truck,0
DEL06010,Unknown,Unknown,0,0,Truck,0
DEL06011,Unknown,Unknown,0,0,Truck,0
DEL06012,Unknown,Unknown,0,0,Truck,0
DEL06013,Unknown,Unknown,0,0,Truck,0
DEL06014,Unknown,Unknown,0,0,Truck,0
DEL06015,Unknown,Unknown,0,0,Truck,0
DEL06016,Unknown,Unknown,0,0,Truck,0
DEL06017,Unknown,Unknown,0,0,Truck,0
DEL06018,Unknown,Unknown,0,0,Truck,0
DEL06019,Unknown,Unknown,0,0,Truck,0
DEL06020,Unknown,Unknown,0,0,Truck,0
DEL06021,Unknown,Unknown,0,0,Truck,0
DEL06022,Unknown,Unknown,0,0,Truck,0
DEL06023,Unknown,Unknown,0,0,Truck,0
DEL06024,Unknown,Unknown,0,0,Truck,0
DEL06025,Unknown,Unknown,0,0,Truck,0
DEL06026,Unknown,Unknown,0,0,Truck,0
DEL06027,Unknown,Unknown,0,0,Truck,0
DEL06028,Unknown,Unknown,0,0,Truck,0
DEL06029,Unknown,Unknown,0,0,Truck,0
DEL06030,Unknown,Unknown,0,0,Truck,0
DEL06031,Unknown,Unknown,0,0,Truck,0
DEL06032,Unknown,Unknown,0,0,Truck,0
DEL06033,Unknown,Unknown,0,0,Truck,0
DEL06034,Unknown,Unknown,0,0,Truck,0
DEL06035,Unknown,Unknown,0,0,Truck,0
DEL06036,Unknown,Unknown,0,0,Truck,0
DEL06037,Unknown,Unknown,0,0,Truck,0
DEL06038,Unknown,Unknown,0,0,Truck,0
DEL06039,Unknown,Unknown,0,0,Truck,0
DEL06040,Unknown,Unknown,0,0,Truck,0
DEL06041,Unknown,Unknown,0,0,Truck,0
DEL06042,Unknown,Unknown,0,0,Truck,0
DEL06043,Unknown,Unknown,0,0,Truck,0
DEL06044,Unknown,Unknown,0,0,Truck,0
DEL06045,Unknown,Unknown,0,0,Truck,0
DEL06046,Unknown,Unknown,0,0,Truck,0
DEL06047,Unknown,Unknown,0,0,Truck,0
DEL06048,Unknown,Unknown,0,0,Truck,0
DEL06049,Unknown,Unknown,0,0,Truck,0
DEL06050,Unknown,Unknown,0,0,Truck,0
DEL06051,Unknown,Unknown,0,0,Truck,0
DEL06052,Unknown,Unknown,0,0,Truck,0
DEL06053,Unknown,Unknown,0,0,Truck,0
DEL06054,Unknown,Unknown,0,0,Truck,0
DEL06055,Unknown,Unknown,0,0,Truck,0
DEL06056,Unknown,Unknown,0,0,Truck,0
DEL06057,Unknown,Unknown,0,0,Truck,0
DEL06058,Unknown,Unknown,0,0,Truck,0
DEL06059,Unknown,Unknown,0,0,Truck,0
DEL06060,Unknown,Unknown,0,0,Truck,0
DEL06061,Unknown,Unknown,0,0,Truck,0
DEL06062,Unknown,Unknown,0,0,Truck,0
DEL06063,Unknown,Unknown,0,0,Truck,0
DEL06064,Unknown,Unknown,0,0,Truck,0
DEL06065,Unknown,Unknown,0,0,Truck,0
DEL06066,Unknown,Unknown,0,0,Truck,0
DEL06067,Unknown,Unknown,0,0,Truck,0
DEL06068,Unknown,Unknown,0,0,Truck,0
DEL06069,Unknown,Unknown,0,0,Truck,0
DEL06070,Unknown,Unknown,0,0,Truck,0
DEL06071,Unknown,Unknown,0,0,Truck,0
DEL06072,Unknown,Unknown,0,0,Truck,0
DEL06073,Unknown,Unknown,0,0,Truck,0
DEL06074,Unknown,Unknown,0,0,Truck,0
DEL06075,Unknown,Unknown,0,0,Truck,0
DEL06076,Unknown,Unknown,0,0,Truck,0
DEL06077,Unknown,Unknown,0,0,Truck,0
DEL06078,Unknown,Unknown,0,0,Truck,0
DEL06079,Unknown,Unknown,0,0,Truck,0
DEL06080,Unknown,Unknown,0,0,Truck,0
DEL06081,Unknown,Unknown,0,0,Truck,0
DEL06082,Unknown,Unknown,0,0,Truck,0
DEL06083,Unknown,Unknown,0,0,Truck,0
DEL06084,Unknown,Unknown,0,0,Truck,0
DEL06085,Unknown,Unknown,0,0,Truck,0
DEL06086,Unknown,Unknown,0,0,Truck,0
DEL06087,Unknown,Unknown,0,0,Truck,0
DEL06088,Unknown,Unknown,0,0,Truck,0
DEL06089,Unknown,Unknown,0,0,Truck,0
DEL06090,Unknown,Unknown,0,0,Truck,0
DEL06091,Unknown,Unknown,0,0,Truck,0
DEL06092,Unknown,Unknown,0,0,Truck,0
DEL06093,Unknown,Unknown,0,0,Truck,0
DEL06094,Unknown,Unknown,0,0,Truck,0
DEL06095,Unknown,Unknown,0,0,Truck,0
DEL06096,Unknown,Unknown,0,0,Truck,0
DEL06097,Unknown,Unknown,0,0,Truck,0
DEL06098,Unknown,Unknown,0,0,Truck,0
DEL06099,Unknown,Unknown,0,0,Truck,0
DEL06100,Unknown,Unknown,0,0,Truck,0
DEL06101,Unknown,Unknown,0,0,Truck,0
DEL06102,Unknown,Unknown,0,0,Truck,0
DEL06103,Unknown,Unknown,0,0,Truck,0
DEL06104,Unknown,Unknown,0,0,Truck,0
DEL06105,Unknown,Unknown,0,0,Truck,0
DEL06106,Unknown,Unknown,0,0,Truck,0
DEL06107,Unknown,Unknown,0,0,Truck,0
DEL06108,Unknown,Unknown,0,0,Truck,0
DEL06109,Unknown,Unknown,0,0,Truck,0
DEL06110,Unknown,Unknown,0,0,Truck,0
DEL06111,Unknown,Unknown,0,0,Truck,0
DEL06112,Unknown,Unknown,0,0,Truck,0
DEL06113,Unknown,Unknown,0,0,Truck,0
DEL06114,Unknown,Unknown,0,0,Truck,0
DEL06115,Unknown,Unknown,0,0,Truck,0
DEL06116,Unknown,Unknown,0,0,Truck,0
DEL06117,Unknown,Unknown,0,0,Truck,0
DEL06118,Unknown,Unknown,0,0,Truck,0
DEL06119,Unknown,Unknown,0,0,Truck,0
DEL06120,Unknown,Unknown,0,0,Truck,0
DEL06121,Unknown,Unknown,0,0,Truck,0
DEL06122,Unknown,Unknown,0,0,Truck,0
DEL06123,Unknown,Unknown,0,0,Truck,0
DEL06124,Unknown,Unknown,0,0,Truck,0
DEL06125,Unknown,Unknown,0,0,Truck,0
DEL06126,Unknown,Unknown,0,0,Truck,0
DEL06127,Unknown,Unknown,0,0,Truck,0
DEL06128,Unknown,Unknown,0,0,Truck,0
DEL06129,Unknown,Unknown,0,0,Truck,0
DEL06130,Unknown,Unknown,0,0,Truck,0
DEL06131,Unknown,Unknown,0,0,Truck,0
DEL06132,Unknown,Unknown,0,0,Truck,0
DEL06133,Unknown,Unknown,0,0,Truck,0
DEL06134,Unknown,Unknown,0,0,Truck,0
DEL06135,Unknown,Unknown,0,0,Truck,0
DEL06136,Unknown,Unknown,0,0,Truck,0
DEL06137,Unknown,Unknown,0,0,Truck,0
DEL06138,Unknown,Unknown,0,0,Truck,0
DEL06139,Unknown,Unknown,0,0,Truck,0
DEL06140,Unknown,Unknown,0,0,Truck,0
DEL06141,Unknown,Unknown,0,0,Truck,0
DEL06142,Unknown,Unknown,0,0,Truck,0
DEL06143,Unknown,Unknown,0,0,Truck,0
DEL06144,Unknown,Unknown,0,0,Truck,0
DEL06145,Unknown,Unknown,0,0,Truck,0
DEL06146,Unknown,Unknown,0,0,Truck,0
DEL06147,Unknown,Unknown,0,0,Truck,0
DEL06148,Unknown,Unknown,0,0,Truck,0
DEL06149,Unknown,Unknown,0,0,Truck,0
DEL06150,Unknown,Unknown,0,0,Truck,0
DEL06151,Unknown,Unknown,0,0,Truck,0
DEL06152,Unknown,Unknown,0,0,Truck,0
DEL06153,Unknown,Unknown,0,0,Truck,0
DEL06154,Unknown,Unknown,0,0,Truck,0
DEL06155,Unknown,Unknown,0,0,Truck,0
DEL06156,Unknown,Unknown,0,0,Truck,0
DEL06157,Unknown,Unknown,0,0,Truck,0
DEL06158,Unknown,Unknown,0,0,Truck,0
DEL06159,Unknown,Unknown,0,0,Truck,0
DEL06160,Unknown,Unknown,0,0,Truck,0
DEL06161,Unknown,Unknown,0,0,Truck,0
DEL06162,Unknown,Unknown,0,0,Truck,0
DEL06163,Unknown,Unknown,0,0,Truck,0
DEL06164,Unknown,Unknown,0,0,Truck,0
DEL06165,Unknown,Unknown,0,0,Truck,0
DEL06166,Unknown,Unknown,0,0,Truck,0
DEL06167,Unknown,Unknown,0,0,Truck,0
DEL06168,Unknown,Unknown,0,0,Truck,0
DEL06169,Unknown,Unknown,0,0,Truck,0
DEL06170,Unknown,Unknown,0,0,Truck,0
DEL06171,Unknown,Unknown,0,0,Truck,0
DEL06172,Unknown,Unknown,0,0,Truck,0
DEL06173,Unknown,Unknown,0,0,Truck,0
DEL06174,Unknown,Unknown,0,0,Truck,0
DEL06175,Unknown,Unknown,0,0,Truck,0
DEL06176,Unknown,Unknown,0,0,Truck,0
DEL06177,Unknown,Unknown,0,0,Truck,0
DEL06178,Unknown,Unknown,0,0,Truck,0
DEL06179,Unknown,Unknown,0,0,Truck,0
DEL06180,Unknown,Unknown,0,0,Truck,0
DEL06181,Unknown,Unknown,0,0,Truck,0
DEL06182,Unknown,Unknown,0,0,Truck,0
DEL06183,Unknown,Unknown,0,0,Truck,0
DEL06184,Unknown,Unknown,0,0,Truck,0
DEL06185,Unknown,Unknown,0,0,Truck,0
DEL06186,Unknown,Unknown,0,0,Truck,0
DEL06187,Unknown,Unknown,0,0,Truck,0
DEL06188,Unknown,Unknown,0,0,Truck,0
DEL06189,Unknown,Unknown,0,0,Truck,0
DEL06190,Unknown,Unknown,0,0,Truck,0
DEL06191,Unknown,Unknown,0,0,Truck,0
DEL06192,Unknown,Unknown,0,0,Truck,0
DEL06193,Unknown,Unknown,0,0,Truck,0
DEL06194,Unknown,Unknown,0,0,Truck,0
DEL06195,Unknown,Unknown,0,0,Truck,0
DEL06196,Unknown,Unknown,0,0,Truck,0
DEL06197,Unknown,Unknown,0,0,Truck,0
DEL06198,Unknown,Unknown,0,0,Truck,0
DEL06199,Unknown,Unknown,0,0,Truck,0
DEL06200,Unknown,Unknown,0,0,Truck,0
DEL06201,Unknown,Unknown,0,0,Truck,0
DEL06202,Unknown,Unknown,0,0,Truck,0
DEL06203,Unknown,Unknown,0,0,Truck,0
DEL06204,Unknown,Unknown,0,0,Truck,0
DEL06205,Unknown,Unknown,0,0,Truck,0
DEL06206,Unknown,Unknown,0,0,Truck,0
DEL06207,Unknown,Unknown,0,0,Truck,0
DEL06208,Unknown,Unknown,0,0,Truck,0
DEL06209,Unknown,Unknown,0,0,Truck,0
DEL06210,Unknown,Unknown,0,0,Truck,0
DEL06211,Unknown,Unknown,0,0,Truck,0
DEL06212,Unknown,Unknown,0,0,Truck,0
DEL06213,Unknown,Unknown,0,0,Truck,0
DEL06214,Unknown,Unknown,0,0,Truck,0
DEL06215,Unknown,Unknown,0,0,Truck,0
DEL06216,Unknown,Unknown,0,0,Truck,0
DEL06217,Unknown,Unknown,0,0,Truck,0
DEL06218,Unknown,Unknown,0,0,Truck,0
DEL06219,Unknown,Unknown,0,0,Truck,0
DEL06220,Unknown,Unknown,0,0,Truck,0
DEL06221,Unknown,Unknown,0,0,Truck,0
DEL06222,Unknown,Unknown,0,0,Truck,0
DEL06223,Unknown,Unknown,0,0,Truck,0
DEL06224,Unknown,Unknown,0,0,Truck,0
DEL06225,Unknown,Unknown,0,0,Truck,0
DEL06226,Unknown,Unknown,0,0,Truck,0
DEL06227,Unknown,Unknown,0,0,Truck,0
DEL06228,Unknown,Unknown,0,0,Truck,0
DEL06229,Unknown,Unknown,0,0,Truck,0
DEL06230,Unknown,Unknown,0,0,Truck,0
DEL06231,Unknown,Unknown,0,0,Truck,0
DEL06232,Unknown,Unknown,0,0,Truck,0
DEL06233,Unknown,Unknown,0,0,Truck,0
DEL06234,Unknown,Unknown,0,0,Truck,0
DEL06235,Unknown,Unknown,0,0,Truck,0
DEL06236,Unknown,Unknown,0,0,Truck,0
DEL06237,Unknown,Unknown,0,0,Truck,0
DEL06238,Unknown,Unknown,0,0,Truck,0
DEL06239,Unknown,Unknown,0,0,Truck,0
DEL06240,Unknown,Unknown,0,0,Truck,0
DEL06241,Unknown,Unknown,0,0,Truck,0
DEL06242,Unknown,Unknown,0,0,Truck,0
DEL06243,Unknown,Unknown,0,0,Truck,0
DEL06244,Unknown,Unknown,0,0,Truck,0
DEL06245,Unknown,Unknown,0,0,Truck,0
DEL06246,Unknown,Unknown,0,0,Truck,0
DEL06247,Unknown,Unknown,0,0,Truck,0
DEL06248,Unknown,Unknown,0,0,Truck,0
DEL06249,Unknown,Unknown,0,0,Truck,0
DEL06250,Unknown,Unknown,0,0,Truck,0
DEL06251,Unknown,Unknown,0,0,Truck,0
DEL06252,Unknown,Unknown,0,0,Truck,0
DEL06253,Unknown,Unknown,0,0,Truck,0
DEL06254,Unknown,Unknown,0,0,Truck,0
DEL06255,Unknown,Unknown,0,0,Truck,0
DEL06256,Unknown,Unknown,0,0,Truck,0
DEL06257,Unknown,Unknown,0,0,Truck,0
DEL06258,Unknown,Unknown,0,0,Truck,0
DEL06259,Unknown,Unknown,0,0,Truck,0
DEL06260,Unknown,Unknown,0,0,Truck,0
DEL06261,Unknown,Unknown,0,0,Truck,0
DEL06262,Unknown,Unknown,0,0,Truck,0
DEL06263,Unknown,Unknown,0,0,Truck,0
DEL06264,Unknown,Unknown,0,0,Truck,0
DEL06265,Unknown,Unknown,0,0,Truck,0
DEL06266,Unknown,Unknown,0,0,Truck,0
DEL06267,Unknown,Unknown,0,0,Truck,0
DEL06268,Unknown,Unknown,0,0,Truck,0
DEL06269,Unknown,Unknown,0,0,Truck,0
DEL06270,Unknown,Unknown,0,0,Truck,0
DEL06271,Unknown,Unknown,0,0,Truck,0
DEL06272,Unknown,Unknown,0,0,Truck,0
DEL06273,Unknown,Unknown,0,0,Truck,0
DEL06274,Unknown,Unknown,0,0,Truck,0
DEL06275,Unknown,Unknown,0,0,Truck,0
DEL06276,Unknown,Unknown,0,0,Truck,0
DEL06277,Unknown,Unknown,0,0,Truck,0
DEL06278,Unknown,Unknown,0,0,Truck,0
DEL06279,Unknown,Unknown,0,0,Truck,0
DEL06280,Unknown,Unknown,0,0,Truck,0
DEL06281,Unknown,Unknown,0,0,Truck,0
DEL06282,Unknown,Unknown,0,0,Truck,0
DEL06283,Unknown,Unknown,0,0,Truck,0
DEL06284,Unknown,Unknown,0,0,Truck,0
DEL06285,Unknown,Unknown,0,0,Truck,0
DEL06286,Unknown,Unknown,0,0,Truck,0
DEL06287,Unknown,Unknown,0,0,Truck,0
DEL06288,Unknown,Unknown,0,0,Truck,0
DEL06289,Unknown,Unknown,0,0,Truck,0
DEL06290,Unknown,Unknown,0,0,Truck,0
DEL06291,Unknown,Unknown,0,0,Truck,0
DEL06292,Unknown,Unknown,0,0,Truck,0
DEL06293,Unknown,Unknown,0,0,Truck,0
DEL06294,Unknown,Unknown,0,0,Truck,0
DEL06295,Unknown,Unknown,0,0,Truck,0
DEL06296,Unknown,Unknown,0,0,Truck,0
DEL06297,Unknown,Unknown,0,0,Truck,0
DEL06298,Unknown,Unknown,0,0,Truck,0
DEL06299,Unknown,Unknown,0,0,Truck,0
DEL06300,Unknown,Unknown,0,0,Truck,0
DEL06301,Unknown,Unknown,0,0,Truck,0
DEL06302,Unknown,Unknown,0,0,Truck,0
DEL06303,Unknown,Unknown,0,0,Truck,0
DEL06304,Unknown,Unknown,0,0,Truck,0
DEL06305,Unknown,Unknown,0,0,Truck,0
DEL06306,Unknown,Unknown,0,0,Truck,0
DEL06307,Unknown,Unknown,0,0,Truck,0
DEL06308,Unknown,Unknown,0,0,Truck,0
DEL06309,Unknown,Unknown,0,0,Truck,0
DEL06310,Unknown,Unknown,0,0,Truck,0
DEL06311,Unknown,Unknown,0,0,Truck,0
DEL06312,Unknown,Unknown,0,0,Truck,0
DEL06313,Unknown,Unknown,0,0,Truck,0
DEL06314,Unknown,Unknown,0,0,Truck,0
DEL06315,Unknown,Unknown,0,0,Truck,0
DEL06316,Unknown,Unknown,0,0,Truck,0
DEL06317,Unknown,Unknown,0,0,Truck,0
DEL06318,Unknown,Unknown,0,0,Truck,0
DEL06319,Unknown,Unknown,0,0,Truck,0
DEL06320,Unknown,Unknown,0,0,Truck,0
DEL06321,Unknown,Unknown,0,0,Truck,0
DEL06322,Unknown,Unknown,0,0,Truck,0
DEL06323,Unknown,Unknown,0,0,Truck,0
DEL06324,Unknown,Unknown,0,0,Truck,0
DEL06325,Unknown,Unknown,0,0,Truck,0
DEL06326,Unknown,Unknown,0,0,Truck,0
DEL06327,Unknown,Unknown,0,0,Truck,0
DEL06328,Unknown,Unknown,0,0,Truck,0
DEL06329,Unknown,Unknown,0,0,Truck,0
DEL06330,Unknown,Unknown,0,0,Truck,0
DEL06331,Unknown,Unknown,0,0,Truck,0
DEL06332,Unknown,Unknown,0,0,Truck,0
DEL06333,Unknown,Unknown,0,0,Truck,0
DEL06334,Unknown,Unknown,0,0,Truck,0
DEL06335,Unknown,Unknown,0,0,Truck,0
DEL06336,Unknown,Unknown,0,0,Truck,0
DEL06337,Unknown,Unknown,0,0,Truck,0
DEL06338,Unknown,Unknown,0,0,Truck,0
DEL06339,Unknown,Unknown,0,0,Truck,0
DEL06340,Unknown,Unknown,0,0,Truck,0
DEL06341,Unknown,Unknown,0,0,Truck,0
DEL06342,Unknown,Unknown,0,0,Truck,0
DEL06343,Unknown,Unknown,0,0,Truck,0
DEL06344,Unknown,Unknown,0,0,Truck,0
DEL06345,Unknown,Unknown,0,0,Truck,0
DEL06346,Unknown,Unknown,0,0,Truck,0
DEL06347,Unknown,Unknown,0,0,Truck,0
DEL06348,Unknown,Unknown,0,0,Truck,0
DEL06349,Unknown,Unknown,0,0,Truck,0
DEL06350,Unknown,Unknown,0,0,Truck,0
DEL06351,Unknown,Unknown,0,0,Truck,0
DEL06352,Unknown,Unknown,0,0,Truck,0
DEL06353,Unknown,Unknown,0,0,Truck,0
DEL06354,Unknown,Unknown,0,0,Truck,0
DEL06355,Unknown,Unknown,0,0,Truck,0
DEL06356,Unknown,Unknown,0,0,Truck,0
DEL06357,Unknown,Unknown,0,0,Truck,0
DEL06358,Unknown,Unknown,0,0,Truck,0
DEL06359,Unknown,Unknown,0,0,Truck,0
DEL06360,Unknown,Unknown,0,0,Truck,0
DEL06361,Unknown,Unknown,0,0,Truck,0
DEL06362,Unknown,Unknown,0,0,Truck,0
DEL06363,Unknown,Unknown,0,0,Truck,0
DEL06364,Unknown,Unknown,0,0,Truck,0
DEL06365,Unknown,Unknown,0,0,Truck,0
DEL06366,Unknown,Unknown,0,0,Truck,0
DEL06367,Unknown,Unknown,0,0,Truck,0
DEL06368,Unknown,Unknown,0,0,Truck,0
DEL06369,Unknown,Unknown,0,0,Truck,0
DEL06370,Unknown,Unknown,0,0,Truck,0
DEL06371,Unknown,Unknown,0,0,Truck,0
DEL06372,Unknown,Unknown,0,0,Truck,0
DEL06373,Unknown,Unknown,0,0,Truck,0
DEL06374,Unknown,Unknown,0,0,Truck,0
DEL06375,Unknown,Unknown,0,0,Truck,0
DEL06376,Unknown,Unknown,0,0,Truck,0
DEL06377,Unknown,Unknown,0,0,Truck,0
DEL06378,Unknown,Unknown,0,0,Truck,0
DEL06379,Unknown,Unknown,0,0,Truck,0
DEL06380,Unknown,Unknown,0,0,Truck,0
DEL06381,Unknown,Unknown,0,0,Truck,0
DEL06382,Unknown,Unknown,0,0,Truck,0
DEL06383,Unknown,Unknown,0,0,Truck,0
DEL06384,Unknown,Unknown,0,0,Truck,0
DEL06385,Unknown,Unknown,0,0,Truck,0
DEL06386,Unknown,Unknown,0,0,Truck,0
DEL06387,Unknown,Unknown,0,0,Truck,0
DEL06388,Unknown,Unknown,0,0,Truck,0
DEL06389,Unknown,Unknown,0,0,Truck,0
DEL06390,Unknown,Unknown,0,0,Truck,0
DEL06391,Unknown,Unknown,0,0,Truck,0
DEL06392,Unknown,Unknown,0,0,Truck,0
DEL06393,Unknown,Unknown,0,0,Truck,0
DEL06394,Unknown,Unknown,0,0,Truck,0
DEL06395,Unknown,Unknown,0,0,Truck,0
DEL06396,Unknown,Unknown,0,0,Truck,0
DEL06397,Unknown,Unknown,0,0,Truck,0
DEL06398,Unknown,Unknown,0,0,Truck,0
DEL06399,Unknown,Unknown,0,0,Truck,0
DEL06400,Unknown,Unknown,0,0,Truck,0
DEL06401,Unknown,Unknown,0,0,Truck,0
DEL06402,Unknown,Unknown,0,0,Truck,0
DEL06403,Unknown,Unknown,0,0,Truck,0
DEL06404,Unknown,Unknown,0,0,Truck,0
DEL06405,Unknown,Unknown,0,0,Truck,0
DEL06406,Unknown,Unknown,0,0,Truck,0
DEL06407,Unknown,Unknown,0,0,Truck,0
DEL06408,Unknown,Unknown,0,0,Truck,0
DEL06409,Unknown,Unknown,0,0,Truck,0
DEL06410,Unknown,Unknown,0,0,Truck,0
DEL06411,Unknown,Unknown,0,0,Truck,0
DEL06412,Unknown,Unknown,0,0,Truck,0
DEL06413,Unknown,Unknown,0,0,Truck,0
DEL06414,Unknown,Unknown,0,0,Truck,0
DEL06415,Unknown,Unknown,0,0,Truck,0
DEL06416,Unknown,Unknown,0,0,Truck,0
DEL06417,Unknown,Unknown,0,0,Truck,0
DEL06418,Unknown,Unknown,0,0,Truck,0
DEL06419,Unknown,Unknown,0,0,Truck,0
DEL06420,Unknown,Unknown,0,0,Truck,0
DEL06421,Unknown,Unknown,0,0,Truck,0
DEL06422,Unknown,Unknown,0,0,Truck,0
DEL06423,Unknown,Unknown,0,0,Truck,0
DEL06424,Unknown,Unknown,0,0,Truck,0
DEL06425,Unknown,Unknown,0,0,Truck,0
DEL06426,Unknown,Unknown,0,0,Truck,0
DEL06427,Unknown,Unknown,0,0,Truck,0
DEL06428,Unknown,Unknown,0,0,Truck,0
DEL06429,Unknown,Unknown,0,0,Truck,0
DEL06430,Unknown,Unknown,0,0,Truck,0
DEL06431,Unknown,Unknown,0,0,Truck,0
DEL06432,Unknown,Unknown,0,0,Truck,0
DEL06433,Unknown,Unknown,0,0,Truck,0
DEL06434,Unknown,Unknown,0,0,Truck,0
DEL06435,Unknown,Unknown,0,0,Truck,0
DEL06436,Unknown,Unknown,0,0,Truck,0
DEL06437,Unknown,Unknown,0,0,Truck,0
DEL06438,Unknown,Unknown,0,0,Truck,0
DEL06439,Unknown,Unknown,0,0,Truck,0
DEL06440,Unknown,Unknown,0,0,Truck,0
DEL06441,Unknown,Unknown,0,0,Truck,0
DEL06442,Unknown,Unknown,0,0,Truck,0
DEL06443,Unknown,Unknown,0,0,Truck,0
DEL06444,Unknown,Unknown,0,0,Truck,0
DEL06445,Unknown,Unknown,0,0,Truck,0
DEL06446,Unknown,Unknown,0,0,Truck,0
DEL06447,Unknown,Unknown,0,0,Truck,0
DEL06448,Unknown,Unknown,0,0,Truck,0
DEL06449,Unknown,Unknown,0,0,Truck,0
DEL06450,Unknown,Unknown,0,0,Truck,0
DEL06451,Unknown,Unknown,0,0,Truck,0
DEL06452,Unknown,Unknown,0,0,Truck,0
DEL06453,Unknown,Unknown,0,0,Truck,0
DEL06454,Unknown,Unknown,0,0,Truck,0
DEL06455,Unknown,Unknown,0,0,Truck,0
DEL06456,Unknown,Unknown,0,0,Truck,0
DEL06457,Unknown,Unknown,0,0,Truck,0
DEL06458,Unknown,Unknown,0,0,Truck,0
DEL06459,Unknown,Unknown,0,0,Truck,0
DEL06460,Unknown,Unknown,0,0,Truck,0
DEL06461,Unknown,Unknown,0,0,Truck,0
DEL06462,Unknown,Unknown,0,0,Truck,0
DEL06463,Unknown,Unknown,0,0,Truck,0
DEL06464,Unknown,Unknown,0,0,Truck,0
DEL06465,Unknown,Unknown,0,0,Truck,0
DEL06466,Unknown,Unknown,0,0,Truck,0
DEL06467,Unknown,Unknown,0,0,Truck,0
DEL06468,Unknown,Unknown,0,0,Truck,0
DEL06469,Unknown,Unknown,0,0,Truck,0
DEL06470,Unknown,Unknown,0,0,Truck,0
DEL06471,Unknown,Unknown,0,0,Truck,0
DEL06472,Unknown,Unknown,0,0,Truck,0
DEL06473,Unknown,Unknown,0,0,Truck,0
DEL06474,Unknown,Unknown,0,0,Truck,0
DEL06475,Unknown,Unknown,0,0,Truck,0
DEL06476,Unknown,Unknown,0,0,Truck,0
DEL06477,Unknown,Unknown,0,0,Truck,0
DEL06478,Unknown,Unknown,0,0,Truck,0
DEL06479,Unknown,Unknown,0,0,Truck,0
DEL06480,Unknown,Unknown,0,0,Truck,0
DEL06481,Unknown,Unknown,0,0,Truck,0
DEL06482,Unknown,Unknown,0,0,Truck,0
DEL06483,Unknown,Unknown,0,0,Truck,0
DEL06484,Unknown,Unknown,0,0,Truck,0
DEL06485,Unknown,Unknown,0,0,Truck,0
DEL06486,Unknown,Unknown,0,0,Truck,0
DEL06487,Unknown,Unknown,0,0,Truck,0
DEL06488,Unknown,Unknown,0,0,Truck,0
DEL06489,Unknown,Unknown,0,0,Truck,0
DEL06490,Unknown,Unknown,0,0,Truck,0
DEL06491,Unknown,Unknown,0,0,Truck,0
DEL06492,Unknown,Unknown,0,0,Truck,0
DEL06493,Unknown,Unknown,0,0,Truck,0
DEL06494,Unknown,Unknown,0,0,Truck,0
DEL06495,Unknown,Unknown,0,0,Truck,0
DEL06496,Unknown,Unknown,0,0,Truck,0
DEL06497,Unknown,Unknown,0,0,Truck,0
DEL06498,Unknown,Unknown,0,0,Truck,0
DEL06499,Unknown,Unknown,0,0,Truck,0
DEL06500,Unknown,Unknown,0,0,Truck,0
DEL06501,Unknown,Unknown,0,0,Truck,0
DEL06502,Unknown,Unknown,0,0,Truck,0
DEL06503,Unknown,Unknown,0,0,Truck,0
DEL06504,Unknown,Unknown,0,0,Truck,0
DEL06505,Unknown,Unknown,0,0,Truck,0
DEL06506,Unknown,Unknown,0,0,Truck,0
DEL06507,Unknown,Unknown,0,0,Truck,0
DEL06508,Unknown,Unknown,0,0,Truck,0
DEL06509,Unknown,Unknown,0,0,Truck,0
DEL06510,Unknown,Unknown,0,0,Truck,0
DEL06511,Unknown,Unknown,0,0,Truck,0
DEL06512,Unknown,Unknown,0,0,Truck,0
DEL06513,Unknown,Unknown,0,0,Truck,0
DEL06514,Unknown,Unknown,0,0,Truck,0
DEL06515,Unknown,Unknown,0,0,Truck,0
DEL06516,Unknown,Unknown,0,0,Truck,0
DEL06517,Unknown,Unknown,0,0,Truck,0
DEL06518,Unknown,Unknown,0,0,Truck,0
DEL06519,Unknown,Unknown,0,0,Truck,0
DEL06520,Unknown,Unknown,0,0,Truck,0
DEL06521,Unknown,Unknown,0,0,Truck,0
DEL06522,Unknown,Unknown,0,0,Truck,0
DEL06523,Unknown,Unknown,0,0,Truck,0
DEL06524,Unknown,Unknown,0,0,Truck,0
DEL06525,Unknown,Unknown,0,0,Truck,0
DEL06526,Unknown,Unknown,0,0,Truck,0
DEL06527,Unknown,Unknown,0,0,Truck,0
DEL06528,Unknown,Unknown,0,0,Truck,0
DEL06529,Unknown,Unknown,0,0,Truck,0
DEL06530,Unknown,Unknown,0,0,Truck,0
DEL06531,Unknown,Unknown,0,0,Truck,0
DEL06532,Unknown,Unknown,0,0,Truck,0
DEL06533,Unknown,Unknown,0,0,Truck,0
DEL06534,Unknown,Unknown,0,0,Truck,0
DEL06535,Unknown,Unknown,0,0,Truck,0
DEL06536,Unknown,Unknown,0,0,Truck,0
DEL06537,Unknown,Unknown,0,0,Truck,0
DEL06538,Unknown,Unknown,0,0,Truck,0
DEL06539,Unknown,Unknown,0,0,Truck,0
DEL06540,Unknown,Unknown,0,0,Truck,0
DEL06541,Unknown,Unknown,0,0,Truck,0
DEL06542,Unknown,Unknown,0,0,Truck,0
DEL06543,Unknown,Unknown,0,0,Truck,0
DEL06544,Unknown,Unknown,0,0,Truck,0
DEL06545,Unknown,Unknown,0,0,Truck,0
DEL06546,Unknown,Unknown,0,0,Truck,0
DEL06547,Unknown,Unknown,0,0,Truck,0
DEL06548,Unknown,Unknown,0,0,Truck,0
DEL06549,Unknown,Unknown,0,0,Truck,0
DEL06550,Unknown,Unknown,0,0,Truck,0
DEL06551,Unknown,Unknown,0,0,Truck,0
DEL06552,Unknown,Unknown,0,0,Truck,0
DEL06553,Unknown,Unknown,0,0,Truck,0
DEL06554,Unknown,Unknown,0,0,Truck,0
DEL06555,Unknown,Unknown,0,0,Truck,0
DEL06556,Unknown,Unknown,0,0,Truck,0
DEL06557,Unknown,Unknown,0,0,Truck,0
DEL06558,Unknown,Unknown,0,0,Truck,0
DEL06559,Unknown,Unknown,0,0,Truck,0
DEL06560,Unknown,Unknown,0,0,Truck,0
DEL06561,Unknown,Unknown,0,0,Truck,0
DEL06562,Unknown,Unknown,0,0,Truck,0
DEL06563,Unknown,Unknown,0,0,Truck,0
DEL06564,Unknown,Unknown,0,0,Truck,0
DEL06565,Unknown,Unknown,0,0,Truck,0
DEL06566,Unknown,Unknown,0,0,Truck,0
DEL06567,Unknown,Unknown,0,0,Truck,0
DEL06568,Unknown,Unknown,0,0,Truck,0
DEL06569,Unknown,Unknown,0,0,Truck,0
DEL06570,Unknown,Unknown,0,0,Truck,0
DEL06571,Unknown,Unknown,0,0,Truck,0
DEL06572,Unknown,Unknown,0,0,Truck,0
DEL06573,Unknown,Unknown,0,0,Truck,0
DEL06574,Unknown,Unknown,0,0,Truck,0
DEL06575,Unknown,Unknown,0,0,Truck,0
DEL06576,Unknown,Unknown,0,0,Truck,0
DEL06577,Unknown,Unknown,0,0,Truck,0
DEL06578,Unknown,Unknown,0,0,Truck,0
DEL06579,Unknown,Unknown,0,0,Truck,0
DEL06580,Unknown,Unknown,0,0,Truck,0
DEL06581,Unknown,Unknown,0,0,Truck,0
DEL06582,Unknown,Unknown,0,0,Truck,0
DEL06583,Unknown,Unknown,0,0,Truck,0
DEL06584,Unknown,Unknown,0,0,Truck,0
DEL06585,Unknown,Unknown,0,0,Truck,0
DEL06586,Unknown,Unknown,0,0,Truck,0
DEL06587,Unknown,Unknown,0,0,Truck,0
DEL06588,Unknown,Unknown,0,0,Truck,0
DEL06589,Unknown,Unknown,0,0,Truck,0
DEL06590,Unknown,Unknown,0,0,Truck,0
DEL06591,Unknown,Unknown,0,0,Truck,0
DEL06592,Unknown,Unknown,0,0,Truck,0
DEL06593,Unknown,Unknown,0,0,Truck,0
DEL06594,Unknown,Unknown,0,0,Truck,0
DEL06595,Unknown,Unknown,0,0,Truck,0
DEL06596,Unknown,Unknown,0,0,Truck,0
DEL06597,Unknown,Unknown,0,0,Truck,0
DEL06598,Unknown,Unknown,0,0,Truck,0
DEL06599,Unknown,Unknown,0,0,Truck,0
DEL06600,Unknown,Unknown,0,0,Truck,0
DEL06601,Unknown,Unknown,0,0,Truck,0
DEL06602,Unknown,Unknown,0,0,Truck,0
DEL06603,Unknown,Unknown,0,0,Truck,0
DEL06604,Unknown,Unknown,0,0,Truck,0
DEL06605,Unknown,Unknown,0,0,Truck,0
DEL06606,Unknown,Unknown,0,0,Truck,0
DEL06607,Unknown,Unknown,0,0,Truck,0
DEL06608,Unknown,Unknown,0,0,Truck,0
DEL06609,Unknown,Unknown,0,0,Truck,0
DEL06610,Unknown,Unknown,0,0,Truck,0
DEL06611,Unknown,Unknown,0,0,Truck,0
DEL06612,Unknown,Unknown,0,0,Truck,0
DEL06613,Unknown,Unknown,0,0,Truck,0
DEL06614,Unknown,Unknown,0,0,Truck,0
DEL06615,Unknown,Unknown,0,0,Truck,0
DEL06616,Unknown,Unknown,0,0,Truck,0
DEL06617,Unknown,Unknown,0,0,Truck,0
DEL06618,Unknown,Unknown,0,0,Truck,0
DEL06619,Unknown,Unknown,0,0,Truck,0
DEL06620,Unknown,Unknown,0,0,Truck,0
DEL06621,Unknown,Unknown,0,0,Truck,0
DEL06622,Unknown,Unknown,0,0,Truck,0
DEL06623,Unknown,Unknown,0,0,Truck,0
DEL06624,Unknown,Unknown,0,0,Truck,0
DEL06625,Unknown,Unknown,0,0,Truck,0
DEL06626,Unknown,Unknown,0,0,Truck,0
DEL06627,Unknown,Unknown,0,0,Truck,0
DEL06628,Unknown,Unknown,0,0,Truck,0
DEL06629,Unknown,Unknown,0,0,Truck,0
DEL06630,Unknown,Unknown,0,0,Truck,0
DEL06631,Unknown,Unknown,0,0,Truck,0
DEL06632,Unknown,Unknown,0,0,Truck,0
DEL06633,Unknown,Unknown,0,0,Truck,0
DEL06634,Unknown,Unknown,0,0,Truck,0
DEL06635,Unknown,Unknown,0,0,Truck,0
DEL06636,Unknown,Unknown,0,0,Truck,0
DEL06637,Unknown,Unknown,0,0,Truck,0
DEL06638,Unknown,Unknown,0,0,Truck,0
DEL06639,Unknown,Unknown,0,0,Truck,0
DEL06640,Unknown,Unknown,0,0,Truck,0
DEL06641,Unknown,Unknown,0,0,Truck,0
DEL06642,Unknown,Unknown,0,0,Truck,0
DEL06643,Unknown,Unknown,0,0,Truck,0
DEL06644,Unknown,Unknown,0,0,Truck,0
DEL06645,Unknown,Unknown,0,0,Truck,0
DEL06646,Unknown,Unknown,0,0,Truck,0
DEL06647,Unknown,Unknown,0,0,Truck,0
DEL06648,Unknown,Unknown,0,0,Truck,0
DEL06649,Unknown,Unknown,0,0,Truck,0
DEL06650,Unknown,Unknown,0,0,Truck,0
DEL06651,Unknown,Unknown,0,0,Truck,0
DEL06652,Unknown,Unknown,0,0,Truck,0
DEL06653,Unknown,Unknown,0,0,Truck,0
DEL06654,Unknown,Unknown,0,0,Truck,0
DEL06655,Unknown,Unknown,0,0,Truck,0
DEL06656,Unknown,Unknown,0,0,Truck,0
DEL06657,Unknown,Unknown,0,0,Truck,0
DEL06658,Unknown,Unknown,0,0,Truck,0
DEL06659,Unknown,Unknown,0,0,Truck,0
DEL06660,Unknown,Unknown,0,0,Truck,0
DEL06661,Unknown,Unknown,0,0,Truck,0
DEL06662,Unknown,Unknown,0,0,Truck,0
DEL06663,Unknown,Unknown,0,0,Truck,0
DEL06664,Unknown,Unknown,0,0,Truck,0
DEL06665,Unknown,Unknown,0,0,Truck,0
DEL06666,Unknown,Unknown,0,0,Truck,0
DEL06667,Unknown,Unknown,0,0,Truck,0
DEL06668,Unknown,Unknown,0,0,Truck,0
DEL06669,Unknown,Unknown,0,0,Truck,0
DEL06670,Unknown,Unknown,0,0,Truck,0
DEL06671,Unknown,Unknown,0,0,Truck,0
DEL06672,Unknown,Unknown,0,0,Truck,0
DEL06673,Unknown,Unknown,0,0,Truck,0
DEL06674,Unknown,Unknown,0,0,Truck,0
DEL06675,Unknown,Unknown,0,0,Truck,0
DEL06676,Unknown,Unknown,0,0,Truck,0
DEL06677,Unknown,Unknown,0,0,Truck,0
DEL06678,Unknown,Unknown,0,0,Truck,0
DEL06679,Unknown,Unknown,0,0,Truck,0
DEL06680,Unknown,Unknown,0,0,Truck,0
DEL06681,Unknown,Unknown,0,0,Truck,0
DEL06682,Unknown,Unknown,0,0,Truck,0
DEL06683,Unknown,Unknown,0,0,Truck,0
DEL06684,Unknown,Unknown,0,0,Truck,0
DEL06685,Unknown,Unknown,0,0,Truck,0
DEL06686,Unknown,Unknown,0,0,Truck,0
DEL06687,Unknown,Unknown,0,0,Truck,0
DEL06688,Unknown,Unknown,0,0,Truck,0
DEL06689,Unknown,Unknown,0,0,Truck,0
DEL06690,Unknown,Unknown,0,0,Truck,0
DEL06691,Unknown,Unknown,0,0,Truck,0
DEL06692,Unknown,Unknown,0,0,Truck,0
DEL06693,Unknown,Unknown,0,0,Truck,0
DEL06694,Unknown,Unknown,0,0,Truck,0
DEL06695,Unknown,Unknown,0,0,Truck,0
DEL06696,Unknown,Unknown,0,0,Truck,0
DEL06697,Unknown,Unknown,0,0,Truck,0
DEL06698,Unknown,Unknown,0,0,Truck,0
DEL06699,Unknown,Unknown,0,0,Truck,0
DEL06700,Unknown,Unknown,0,0,Truck,0
DEL06701,Unknown,Unknown,0,0,Truck,0
DEL06702,Unknown,Unknown,0,0,Truck,0
DEL06703,Unknown,Unknown,0,0,Truck,0
DEL06704,Unknown,Unknown,0,0,Truck,0
DEL06705,Unknown,Unknown,0,0,Truck,0
DEL06706,Unknown,Unknown,0,0,Truck,0
DEL06707,Unknown,Unknown,0,0,Truck,0
DEL06708,Unknown,Unknown,0,0,Truck,0
DEL06709,Unknown,Unknown,0,0,Truck,0
DEL06710,Unknown,Unknown,0,0,Truck,0
DEL06711,Unknown,Unknown,0,0,Truck,0
DEL06712,Unknown,Unknown,0,0,Truck,0
DEL06713,Unknown,Unknown,0,0,Truck,0
DEL06714,Unknown,Unknown,0,0,Truck,0
DEL06715,Unknown,Unknown,0,0,Truck,0
DEL06716,Unknown,Unknown,0,0,Truck,0
DEL06717,Unknown,Unknown,0,0,Truck,0
DEL06718,Unknown,Unknown,0,0,Truck,0
DEL06719,Unknown,Unknown,0,0,Truck,0
DEL06720,Unknown,Unknown,0,0,Truck,0
DEL06721,Unknown,Unknown,0,0,Truck,0
DEL06722,Unknown,Unknown,0,0,Truck,0
DEL06723,Unknown,Unknown,0,0,Truck,0
DEL06724,Unknown,Unknown,0,0,Truck,0
DEL06725,Unknown,Unknown,0,0,Truck,0
DEL06726,Unknown,Unknown,0,0,Truck,0
DEL06727,Unknown,Unknown,0,0,Truck,0
DEL06728,Unknown,Unknown,0,0,Truck,0
DEL06729,Unknown,Unknown,0,0,Truck,0
DEL06730,Unknown,Unknown,0,0,Truck,0
DEL06731,Unknown,Unknown,0,0,Truck,0
DEL06732,Unknown,Unknown,0,0,Truck,0
DEL06733,Unknown,Unknown,0,0,Truck,0
DEL06734,Unknown,Unknown,0,0,Truck,0
DEL06735,Unknown,Unknown,0,0,Truck,0
DEL06736,Unknown,Unknown,0,0,Truck,0
DEL06737,Unknown,Unknown,0,0,Truck,0
DEL06738,Unknown,Unknown,0,0,Truck,0
DEL06739,Unknown,Unknown,0,0,Truck,0
DEL06740,Unknown,Unknown,0,0,Truck,0
DEL06741,Unknown,Unknown,0,0,Truck,0
DEL06742,Unknown,Unknown,0,0,Truck,0
DEL06743,Unknown,Unknown,0,0,Truck,0
DEL06744,Unknown,Unknown,0,0,Truck,0
DEL06745,Unknown,Unknown,0,0,Truck,0
DEL06746,Unknown,Unknown,0,0,Truck,0
DEL06747,Unknown,Unknown,0,0,Truck,0
DEL06748,Unknown,Unknown,0,0,Truck,0
DEL06749,Unknown,Unknown,0,0,Truck,0
DEL06750,Unknown,Unknown,0,0,Truck,0
DEL06751,Unknown,Unknown,0,0,Truck,0
DEL06752,Unknown,Unknown,0,0,Truck,0
DEL06753,Unknown,Unknown,0,0,Truck,0
DEL06754,Unknown,Unknown,0,0,Truck,0
DEL06755,Unknown,Unknown,0,0,Truck,0
DEL06756,Unknown,Unknown,0,0,Truck,0
DEL06757,Unknown,Unknown,0,0,Truck,0
DEL06758,Unknown,Unknown,0,0,Truck,0
DEL06759,Unknown,Unknown,0,0,Truck,0
DEL06760,Unknown,Unknown,0,0,Truck,0
DEL06761,Unknown,Unknown,0,0,Truck,0
DEL06762,Unknown,Unknown,0,0,Truck,0
DEL06763,Unknown,Unknown,0,0,Truck,0
DEL06764,Unknown,Unknown,0,0,Truck,0
DEL06765,Unknown,Unknown,0,0,Truck,0
DEL06766,Unknown,Unknown,0,0,Truck,0
DEL06767,Unknown,Unknown,0,0,Truck,0
DEL06768,Unknown,Unknown,0,0,Truck,0
DEL06769,Unknown,Unknown,0,0,Truck,0
DEL06770,Unknown,Unknown,0,0,Truck,0
DEL06771,Unknown,Unknown,0,0,Truck,0
DEL06772,Unknown,Unknown,0,0,Truck,0
DEL06773,Unknown,Unknown,0,0,Truck,0
DEL06774,Unknown,Unknown,0,0,Truck,0
DEL06775,Unknown,Unknown,0,0,Truck,0
DEL06776,Unknown,Unknown,0,0,Truck,0
DEL06777,Unknown,Unknown,0,0,Truck,0
DEL06778,Unknown,Unknown,0,0,Truck,0
DEL06779,Unknown,Unknown,0,0,Truck,0
DEL06780,Unknown,Unknown,0,0,Truck,0
DEL06781,Unknown,Unknown,0,0,Truck,0
DEL06782,Unknown,Unknown,0,0,Truck,0
DEL06783,Unknown,Unknown,0,0,Truck,0
DEL06784,Unknown,Unknown,0,0,Truck,0
DEL06785,Unknown,Unknown,0,0,Truck,0
DEL06786,Unknown,Unknown,0,0,Truck,0
DEL06787,Unknown,Unknown,0,0,Truck,0
DEL06788,Unknown,Unknown,0,0,Truck,0
DEL06789,Unknown,Unknown,0,0,Truck,0
DEL06790,Unknown,Unknown,0,0,Truck,0
DEL06791,Unknown,Unknown,0,0,Truck,0
DEL06792,Unknown,Unknown,0,0,Truck,0
DEL06793,Unknown,Unknown,0,0,Truck,0
DEL06794,Unknown,Unknown,0,0,Truck,0
DEL06795,Unknown,Unknown,0,0,Truck,0
DEL06796,Unknown,Unknown,0,0,Truck,0
DEL06797,Unknown,Unknown,0,0,Truck,0
DEL06798,Unknown,Unknown,0,0,Truck,0
DEL06799,Unknown,Unknown,0,0,Truck,0
DEL06800,Unknown,Unknown,0,0,Truck,0
DEL06801,Unknown,Unknown,0,0,Truck,0
DEL06802,Unknown,Unknown,0,0,Truck,0
DEL06803,Unknown,Unknown,0,0,Truck,0
DEL06804,Unknown,Unknown,0,0,Truck,0
DEL06805,Unknown,Unknown,0,0,Truck,0
DEL06806,Unknown,Unknown,0,0,Truck,0
DEL06807,Unknown,Unknown,0,0,Truck,0
DEL06808,Unknown,Unknown,0,0,Truck,0
DEL06809,Unknown,Unknown,0,0,Truck,0
DEL06810,Unknown,Unknown,0,0,Truck,0
DEL06811,Unknown,Unknown,0,0,Truck,0
DEL06812,Unknown,Unknown,0,0,Truck,0
DEL06813,Unknown,Unknown,0,0,Truck,0
DEL06814,Unknown,Unknown,0,0,Truck,0
DEL06815,Unknown,Unknown,0,0,Truck,0
DEL06816,Unknown,Unknown,0,0,Truck,0
DEL06817,Unknown,Unknown,0,0,Truck,0
DEL06818,Unknown,Unknown,0,0,Truck,0
DEL06819,Unknown,Unknown,0,0,Truck,0
DEL06820,Unknown,Unknown,0,0,Truck,0
DEL06821,Unknown,Unknown,0,0,Truck,0
DEL06822,Unknown,Unknown,0,0,Truck,0
DEL06823,Unknown,Unknown,0,0,Truck,0
DEL06824,Unknown,Unknown,0,0,Truck,0
DEL06825,Unknown,Unknown,0,0,Truck,0
DEL06826,Unknown,Unknown,0,0,Truck,0
DEL06827,Unknown,Unknown,0,0,Truck,0
DEL06828,Unknown,Unknown,0,0,Truck,0
DEL06829,Unknown,Unknown,0,0,Truck,0
DEL06830,Unknown,Unknown,0,0,Truck,0
DEL06831,Unknown,Unknown,0,0,Truck,0
DEL06832,Unknown,Unknown,0,0,Truck,0
DEL06833,Unknown,Unknown,0,0,Truck,0
DEL06834,Unknown,Unknown,0,0,Truck,0
DEL06835,Unknown,Unknown,0,0,Truck,0
DEL06836,Unknown,Unknown,0,0,Truck,0
DEL06837,Unknown,Unknown,0,0,Truck,0
DEL06838,Unknown,Unknown,0,0,Truck,0
DEL06839,Unknown,Unknown,0,0,Truck,0
DEL06840,Unknown,Unknown,0,0,Truck,0
DEL06841,Unknown,Unknown,0,0,Truck,0
DEL06842,Unknown,Unknown,0,0,Truck,0
DEL06843,Unknown,Unknown,0,0,Truck,0
DEL06844,Unknown,Unknown,0,0,Truck,0
DEL06845,Unknown,Unknown,0,0,Truck,0
DEL06846,Unknown,Unknown,0,0,Truck,0
DEL06847,Unknown,Unknown,0,0,Truck,0
DEL06848,Unknown,Unknown,0,0,Truck,0
DEL06849,Unknown,Unknown,0,0,Truck,0
DEL06850,Unknown,Unknown,0,0,Truck,0
DEL06851,Unknown,Unknown,0,0,Truck,0
DEL06852,Unknown,Unknown,0,0,Truck,0
DEL06853,Unknown,Unknown,0,0,Truck,0
DEL06854,Unknown,Unknown,0,0,Truck,0
DEL06855,Unknown,Unknown,0,0,Truck,0
DEL06856,Unknown,Unknown,0,0,Truck,0
DEL06857,Unknown,Unknown,0,0,Truck,0
DEL06858,Unknown,Unknown,0,0,Truck,0
DEL06859,Unknown,Unknown,0,0,Truck,0
DEL06860,Unknown,Unknown,0,0,Truck,0
DEL06861,Unknown,Unknown,0,0,Truck,0
DEL06862,Unknown,Unknown,0,0,Truck,0
DEL06863,Unknown,Unknown,0,0,Truck,0
DEL06864,Unknown,Unknown,0,0,Truck,0
DEL06865,Unknown,Unknown,0,0,Truck,0
DEL06866,Unknown,Unknown,0,0,Truck,0
DEL06867,Unknown,Unknown,0,0,Truck,0
DEL06868,Unknown,Unknown,0,0,Truck,0
DEL06869,Unknown,Unknown,0,0,Truck,0
DEL06870,Unknown,Unknown,0,0,Truck,0
DEL06871,Unknown,Unknown,0,0,Truck,0
DEL06872,Unknown,Unknown,0,0,Truck,0
DEL06873,Unknown,Unknown,0,0,Truck,0
DEL06874,Unknown,Unknown,0,0,Truck,0
DEL06875,Unknown,Unknown,0,0,Truck,0
DEL06876,Unknown,Unknown,0,0,Truck,0
DEL06877,Unknown,Unknown,0,0,Truck,0
DEL06878,Unknown,Unknown,0,0,Truck,0
DEL06879,Unknown,Unknown,0,0,Truck,0
DEL06880,Unknown,Unknown,0,0,Truck,0
DEL06881,Unknown,Unknown,0,0,Truck,0
DEL06882,Unknown,Unknown,0,0,Truck,0
DEL06883,Unknown,Unknown,0,0,Truck,0
DEL06884,Unknown,Unknown,0,0,Truck,0
DEL06885,Unknown,Unknown,0,0,Truck,0
DEL06886,Unknown,Unknown,0,0,Truck,0
DEL06887,Unknown,Unknown,0,0,Truck,0
DEL06888,Unknown,Unknown,0,0,Truck,0
DEL06889,Unknown,Unknown,0,0,Truck,0
DEL06890,Unknown,Unknown,0,0,Truck,0
DEL06891,Unknown,Unknown,0,0,Truck,0
DEL06892,Unknown,Unknown,0,0,Truck,0
DEL06893,Unknown,Unknown,0,0,Truck,0
DEL06894,Unknown,Unknown,0,0,Truck,0
DEL06895,Unknown,Unknown,0,0,Truck,0
DEL06896,Unknown,Unknown,0,0,Truck,0
DEL06897,Unknown,Unknown,0,0,Truck,0
DEL06898,Unknown,Unknown,0,0,Truck,0
DEL06899,Unknown,Unknown,0,0,Truck,0
DEL06900,Unknown,Unknown,0,0,Truck,0
DEL06901,Unknown,Unknown,0,0,Truck,0
DEL06902,Unknown,Unknown,0,0,Truck,0
DEL06903,Unknown,Unknown,0,0,Truck,0
DEL06904,Unknown,Unknown,0,0,Truck,0
DEL06905,Unknown,Unknown,0,0,Truck,0
DEL06906,Unknown,Unknown,0,0,Truck,0
DEL06907,Unknown,Unknown,0,0,Truck,0
DEL06908,Unknown,Unknown,0,0,Truck,0
DEL06909,Unknown,Unknown,0,0,Truck,0
DEL06910,Unknown,Unknown,0,0,Truck,0
DEL06911,Unknown,Unknown,0,0,Truck,0
DEL06912,Unknown,Unknown,0,0,Truck,0
DEL06913,Unknown,Unknown,0,0,Truck,0
DEL06914,Unknown,Unknown,0,0,Truck,0
DEL06915,Unknown,Unknown,0,0,Truck,0
DEL06916,Unknown,Unknown,0,0,Truck,0
DEL06917,Unknown,Unknown,0,0,Truck,0
DEL06918,Unknown,Unknown,0,0,Truck,0
DEL06919,Unknown,Unknown,0,0,Truck,0
DEL06920,Unknown,Unknown,0,0,Truck,0
DEL06921,Unknown,Unknown,0,0,Truck,0
DEL06922,Unknown,Unknown,0,0,Truck,0
DEL06923,Unknown,Unknown,0,0,Truck,0
DEL06924,Unknown,Unknown,0,0,Truck,0
DEL06925,Unknown,Unknown,0,0,Truck,0
DEL06926,Unknown,Unknown,0,0,Truck,0
DEL06927,Unknown,Unknown,0,0,Truck,0
DEL06928,Unknown,Unknown,0,0,Truck,0
DEL06929,Unknown,Unknown,0,0,Truck,0
DEL06930,Unknown,Unknown,0,0,Truck,0
DEL06931,Unknown,Unknown,0,0,Truck,0
DEL06932,Unknown,Unknown,0,0,Truck,0
DEL06933,Unknown,Unknown,0,0,Truck,0
DEL06934,Unknown,Unknown,0,0,Truck,0
DEL06935,Unknown,Unknown,0,0,Truck,0
DEL06936,Unknown,Unknown,0,0,Truck,0
DEL06937,Unknown,Unknown,0,0,Truck,0
DEL06938,Unknown,Unknown,0,0,Truck,0
DEL06939,Unknown,Unknown,0,0,Truck,0
DEL06940,Unknown,Unknown,0,0,Truck,0
DEL06941,Unknown,Unknown,0,0,Truck,0
DEL06942,Unknown,Unknown,0,0,Truck,0
DEL06943,Unknown,Unknown,0,0,Truck,0
DEL06944,Unknown,Unknown,0,0,Truck,0
DEL06945,Unknown,Unknown,0,0,Truck,0
DEL06946,Unknown,Unknown,0,0,Truck,0
DEL06947,Unknown,Unknown,0,0,Truck,0
DEL06948,Unknown,Unknown,0,0,Truck,0
DEL06949,Unknown,Unknown,0,0,Truck,0
DEL06950,Unknown,Unknown,0,0,Truck,0
DEL06951,Unknown,Unknown,0,0,Truck,0
DEL06952,Unknown,Unknown,0,0,Truck,0
DEL06953,Unknown,Unknown,0,0,Truck,0
DEL06954,Unknown,Unknown,0,0,Truck,0
DEL06955,Unknown,Unknown,0,0,Truck,0
DEL06956,Unknown,Unknown,0,0,Truck,0
DEL06957,Unknown,Unknown,0,0,Truck,0
DEL06958,Unknown,Unknown,0,0,Truck,0
DEL06959,Unknown,Unknown,0,0,Truck,0
DEL06960,Unknown,Unknown,0,0,Truck,0
DEL06961,Unknown,Unknown,0,0,Truck,0
DEL06962,Unknown,Unknown,0,0,Truck,0
DEL06963,Unknown,Unknown,0,0,Truck,0
DEL06964,Unknown,Unknown,0,0,Truck,0
DEL06965,Unknown,Unknown,0,0,Truck,0
DEL06966,Unknown,Unknown,0,0,Truck,0
DEL06967,Unknown,Unknown,0,0,Truck,0
DEL06968,Unknown,Unknown,0,0,Truck,0
DEL06969,Unknown,Unknown,0,0,Truck,0
DEL06970,Unknown,Unknown,0,0,Truck,0
DEL06971,Unknown,Unknown,0,0,Truck,0
DEL06972,Unknown,Unknown,0,0,Truck,0
DEL06973,Unknown,Unknown,0,0,Truck,0
DEL06974,Unknown,Unknown,0,0,Truck,0
DEL06975,Unknown,Unknown,0,0,Truck,0
DEL06976,Unknown,Unknown,0,0,Truck,0
DEL06977,Unknown,Unknown,0,0,Truck,0
DEL06978,Unknown,Unknown,0,0,Truck,0
DEL06979,Unknown,Unknown,0,0,Truck,0
DEL06980,Unknown,Unknown,0,0,Truck,0
DEL06981,Unknown,Unknown,0,0,Truck,0
DEL06982,Unknown,Unknown,0,0,Truck,0
DEL06983,Unknown,Unknown,0,0,Truck,0
DEL06984,Unknown,Unknown,0,0,Truck,0
DEL06985,Unknown,Unknown,0,0,Truck,0
DEL06986,Unknown,Unknown,0,0,Truck,0
DEL06987,Unknown,Unknown,0,0,Truck,0
DEL06988,Unknown,Unknown,0,0,Truck,0
DEL06989,Unknown,Unknown,0,0,Truck,0
DEL06990,Unknown,Unknown,0,0,Truck,0
DEL06991,Unknown,Unknown,0,0,Truck,0
DEL06992,Unknown,Unknown,0,0,Truck,0
DEL06993,Unknown,Unknown,0,0,Truck,0
DEL06994,Unknown,Unknown,0,0,Truck,0
DEL06995,Unknown,Unknown,0,0,Truck,0
DEL06996,Unknown,Unknown,0,0,Truck,0
DEL06997,Unknown,Unknown,0,0,Truck,0
DEL06998,Unknown,Unknown,0,0,Truck,0
DEL06999,Unknown,Unknown,0,0,Truck,0
DEL07000,Unknown,Unknown,0,0,Truck,0
DEL07001,Unknown,Unknown,0,0,Truck,0
DEL07002,Unknown,Unknown,0,0,Truck,0
DEL07003,Unknown,Unknown,0,0,Truck,0
DEL07004,Unknown,Unknown,0,0,Truck,0
DEL07005,Unknown,Unknown,0,0,Truck,0
DEL07006,Unknown,Unknown,0,0,Truck,0
DEL07007,Unknown,Unknown,0,0,Truck,0
DEL07008,Unknown,Unknown,0,0,Truck,0
DEL07009,Unknown,Unknown,0,0,Truck,0
DEL07010,Unknown,Unknown,0,0,Truck,0
DEL07011,Unknown,Unknown,0,0,Truck,0
DEL07012,Unknown,Unknown,0,0,Truck,0
DEL07013,Unknown,Unknown,0,0,Truck,0
DEL07014,Unknown,Unknown,0,0,Truck,0
DEL07015,Unknown,Unknown,0,0,Truck,0
DEL07016,Unknown,Unknown,0,0,Truck,0
DEL07017,Unknown,Unknown,0,0,Truck,0
DEL07018,Unknown,Unknown,0,0,Truck,0
DEL07019,Unknown,Unknown,0,0,Truck,0
DEL07020,Unknown,Unknown,0,0,Truck,0
DEL07021,Unknown,Unknown,0,0,Truck,0
DEL07022,Unknown,Unknown,0,0,Truck,0
DEL07023,Unknown,Unknown,0,0,Truck,0
DEL07024,Unknown,Unknown,0,0,Truck,0
DEL07025,Unknown,Unknown,0,0,Truck,0
DEL07026,Unknown,Unknown,0,0,Truck,0
DEL07027,Unknown,Unknown,0,0,Truck,0
DEL07028,Unknown,Unknown,0,0,Truck,0
DEL07029,Unknown,Unknown,0,0,Truck,0
DEL07030,Unknown,Unknown,0,0,Truck,0
DEL07031,Unknown,Unknown,0,0,Truck,0
DEL07032,Unknown,Unknown,0,0,Truck,0
DEL07033,Unknown,Unknown,0,0,Truck,0
DEL07034,Unknown,Unknown,0,0,Truck,0
DEL07035,Unknown,Unknown,0,0,Truck,0
DEL07036,Unknown,Unknown,0,0,Truck,0
DEL07037,Unknown,Unknown,0,0,Truck,0
DEL07038,Unknown,Unknown,0,0,Truck,0
DEL07039,Unknown,Unknown,0,0,Truck,0
DEL07040,Unknown,Unknown,0,0,Truck,0
DEL07041,Unknown,Unknown,0,0,Truck,0
DEL07042,Unknown,Unknown,0,0,Truck,0
DEL07043,Unknown,Unknown,0,0,Truck,0
DEL07044,Unknown,Unknown,0,0,Truck,0
DEL07045,Unknown,Unknown,0,0,Truck,0
DEL07046,Unknown,Unknown,0,0,Truck,0
DEL07047,Unknown,Unknown,0,0,Truck,0
DEL07048,Unknown,Unknown,0,0,Truck,0
DEL07049,Unknown,Unknown,0,0,Truck,0
DEL07050,Unknown,Unknown,0,0,Truck,0
DEL07051,Unknown,Unknown,0,0,Truck,0
DEL07052,Unknown,Unknown,0,0,Truck,0
DEL07053,Unknown,Unknown,0,0,Truck,0
DEL07054,Unknown,Unknown,0,0,Truck,0
DEL07055,Unknown,Unknown,0,0,Truck,0
DEL07056,Unknown,Unknown,0,0,Truck,0
DEL07057,Unknown,Unknown,0,0,Truck,0
DEL07058,Unknown,Unknown,0,0,Truck,0
DEL07059,Unknown,Unknown,0,0,Truck,0
DEL07060,Unknown,Unknown,0,0,Truck,0
DEL07061,Unknown,Unknown,0,0,Truck,0
DEL07062,Unknown,Unknown,0,0,Truck,0
DEL07063,Unknown,Unknown,0,0,Truck,0
DEL07064,Unknown,Unknown,0,0,Truck,0
DEL07065,Unknown,Unknown,0,0,Truck,0
DEL07066,Unknown,Unknown,0,0,Truck,0
DEL07067,Unknown,Unknown,0,0,Truck,0
DEL07068,Unknown,Unknown,0,0,Truck,0
DEL07069,Unknown,Unknown,0,0,Truck,0
DEL07070,Unknown,Unknown,0,0,Truck,0
DEL07071,Unknown,Unknown,0,0,Truck,0
DEL07072,Unknown,Unknown,0,0,Truck,0
DEL07073,Unknown,Unknown,0,0,Truck,0
DEL07074,Unknown,Unknown,0,0,Truck,0
DEL07075,Unknown,Unknown,0,0,Truck,0
DEL07076,Unknown,Unknown,0,0,Truck,0
DEL07077,Unknown,Unknown,0,0,Truck,0
DEL07078,Unknown,Unknown,0,0,Truck,0
DEL07079,Unknown,Unknown,0,0,Truck,0
DEL07080,Unknown,Unknown,0,0,Truck,0
DEL07081,Unknown,Unknown,0,0,Truck,0
DEL07082,Unknown,Unknown,0,0,Truck,0
DEL07083,Unknown,Unknown,0,0,Truck,0
DEL07084,Unknown,Unknown,0,0,Truck,0
DEL07085,Unknown,Unknown,0,0,Truck,0
DEL07086,Unknown,Unknown,0,0,Truck,0
DEL07087,Unknown,Unknown,0,0,Truck,0
DEL07088,Unknown,Unknown,0,0,Truck,0
DEL07089,Unknown,Unknown,0,0,Truck,0
DEL07090,Unknown,Unknown,0,0,Truck,0
DEL07091,Unknown,Unknown,0,0,Truck,0
DEL07092,Unknown,Unknown,0,0,Truck,0
DEL07093,Unknown,Unknown,0,0,Truck,0
DEL07094,Unknown,Unknown,0,0,Truck,0
DEL07095,Unknown,Unknown,0,0,Truck,0
DEL07096,Unknown,Unknown,0,0,Truck,0
DEL07097,Unknown,Unknown,0,0,Truck,0
DEL07098,Unknown,Unknown,0,0,Truck,0
DEL07099,Unknown,Unknown,0,0,Truck,0
DEL07100,Unknown,Unknown,0,0,Truck,0
DEL07101,Unknown,Unknown,0,0,Truck,0
DEL07102,Unknown,Unknown,0,0,Truck,0
DEL07103,Unknown,Unknown,0,0,Truck,0
DEL07104,Unknown,Unknown,0,0,Truck,0
DEL07105,Unknown,Unknown,0,0,Truck,0
DEL07106,Unknown,Unknown,0,0,Truck,0
DEL07107,Unknown,Unknown,0,0,Truck,0
DEL07108,Unknown,Unknown,0,0,Truck,0
DEL07109,Unknown,Unknown,0,0,Truck,0
DEL07110,Unknown,Unknown,0,0,Truck,0
DEL07111,Unknown,Unknown,0,0,Truck,0
DEL07112,Unknown,Unknown,0,0,Truck,0
DEL07113,Unknown,Unknown,0,0,Truck,0
DEL07114,Unknown,Unknown,0,0,Truck,0
DEL07115,Unknown,Unknown,0,0,Truck,0
DEL07116,Unknown,Unknown,0,0,Truck,0
DEL07117,Unknown,Unknown,0,0,Truck,0
DEL07118,Unknown,Unknown,0,0,Truck,0
DEL07119,Unknown,Unknown,0,0,Truck,0
DEL07120,Unknown,Unknown,0,0,Truck,0
DEL07121,Unknown,Unknown,0,0,Truck,0
DEL07122,Unknown,Unknown,0,0,Truck,0
DEL07123,Unknown,Unknown,0,0,Truck,0
DEL07124,Unknown,Unknown,0,0,Truck,0
DEL07125,Unknown,Unknown,0,0,Truck,0
DEL07126,Unknown,Unknown,0,0,Truck,0
DEL07127,Unknown,Unknown,0,0,Truck,0
DEL07128,Unknown,Unknown,0,0,Truck,0
DEL07129,Unknown,Unknown,0,0,Truck,0
DEL07130,Unknown,Unknown,0,0,Truck,0
DEL07131,Unknown,Unknown,0,0,Truck,0
DEL07132,Unknown,Unknown,0,0,Truck,0
DEL07133,Unknown,Unknown,0,0,Truck,0
DEL07134,Unknown,Unknown,0,0,Truck,0
DEL07135,Unknown,Unknown,0,0,Truck,0
DEL07136,Unknown,Unknown,0,0,Truck,0
DEL07137,Unknown,Unknown,0,0,Truck,0
DEL07138,Unknown,Unknown,0,0,Truck,0
DEL07139,Unknown,Unknown,0,0,Truck,0
DEL07140,Unknown,Unknown,0,0,Truck,0
DEL07141,Unknown,Unknown,0,0,Truck,0
DEL07142,Unknown,Unknown,0,0,Truck,0
DEL07143,Unknown,Unknown,0,0,Truck,0
DEL07144,Unknown,Unknown,0,0,Truck,0
DEL07145,Unknown,Unknown,0,0,Truck,0
DEL07146,Unknown,Unknown,0,0,Truck,0
DEL07147,Unknown,Unknown,0,0,Truck,0
DEL07148,Unknown,Unknown,0,0,Truck,0
DEL07149,Unknown,Unknown,0,0,Truck,0
DEL07150,Unknown,Unknown,0,0,Truck,0
DEL07151,Unknown,Unknown,0,0,Truck,0
DEL07152,Unknown,Unknown,0,0,Truck,0
DEL07153,Unknown,Unknown,0,0,Truck,0
DEL07154,Unknown,Unknown,0,0,Truck,0
DEL07155,Unknown,Unknown,0,0,Truck,0
DEL07156,Unknown,Unknown,0,0,Truck,0
DEL07157,Unknown,Unknown,0,0,Truck,0
DEL07158,Unknown,Unknown,0,0,Truck,0
DEL07159,Unknown,Unknown,0,0,Truck,0
DEL07160,Unknown,Unknown,0,0,Truck,0
DEL07161,Unknown,Unknown,0,0,Truck,0
DEL07162,Unknown,Unknown,0,0,Truck,0
DEL07163,Unknown,Unknown,0,0,Truck,0
DEL07164,Unknown,Unknown,0,0,Truck,0
DEL07165,Unknown,Unknown,0,0,Truck,0
DEL07166,Unknown,Unknown,0,0,Truck,0
DEL07167,Unknown,Unknown,0,0,Truck,0
DEL07168,Unknown,Unknown,0,0,Truck,0
DEL07169,Unknown,Unknown,0,0,Truck,0
DEL07170,Unknown,Unknown,0,0,Truck,0
DEL07171,Unknown,Unknown,0,0,Truck,0
DEL07172,Unknown,Unknown,0,0,Truck,0
DEL07173,Unknown,Unknown,0,0,Truck,0
DEL07174,Unknown,Unknown,0,0,Truck,0
DEL07175,Unknown,Unknown,0,0,Truck,0
DEL07176,Unknown,Unknown,0,0,Truck,0
DEL07177,Unknown,Unknown,0,0,Truck,0
DEL07178,Unknown,Unknown,0,0,Truck,0
DEL07179,Unknown,Unknown,0,0,Truck,0
DEL07180,Unknown,Unknown,0,0,Truck,0
DEL07181,Unknown,Unknown,0,0,Truck,0
DEL07182,Unknown,Unknown,0,0,Truck,0
DEL07183,Unknown,Unknown,0,0,Truck,0
DEL07184,Unknown,Unknown,0,0,Truck,0
DEL07185,Unknown,Unknown,0,0,Truck,0
DEL07186,Unknown,Unknown,0,0,Truck,0
DEL07187,Unknown,Unknown,0,0,Truck,0
DEL07188,Unknown,Unknown,0,0,Truck,0
DEL07189,Unknown,Unknown,0,0,Truck,0
DEL07190,Unknown,Unknown,0,0,Truck,0
DEL07191,Unknown,Unknown,0,0,Truck,0
DEL07192,Unknown,Unknown,0,0,Truck,0
DEL07193,Unknown,Unknown,0,0,Truck,0
DEL07194,Unknown,Unknown,0,0,Truck,0
DEL07195,Unknown,Unknown,0,0,Truck,0
DEL07196,Unknown,Unknown,0,0,Truck,0
DEL07197,Unknown,Unknown,0,0,Truck,0
DEL07198,Unknown,Unknown,0,0,Truck,0
DEL07199,Unknown,Unknown,0,0,Truck,0
DEL07200,Unknown,Unknown,0,0,Truck,0
DEL07201,Unknown,Unknown,0,0,Truck,0
DEL07202,Unknown,Unknown,0,0,Truck,0
DEL07203,Unknown,Unknown,0,0,Truck,0
DEL07204,Unknown,Unknown,0,0,Truck,0
DEL07205,Unknown,Unknown,0,0,Truck,0
DEL07206,Unknown,Unknown,0,0,Truck,0
DEL07207,Unknown,Unknown,0,0,Truck,0
DEL07208,Unknown,Unknown,0,0,Truck,0
DEL07209,Unknown,Unknown,0,0,Truck,0
DEL07210,Unknown,Unknown,0,0,Truck,0
DEL07211,Unknown,Unknown,0,0,Truck,0
DEL07212,Unknown,Unknown,0,0,Truck,0
DEL07213,Unknown,Unknown,0,0,Truck,0
DEL07214,Unknown,Unknown,0,0,Truck,0
DEL07215,Unknown,Unknown,0,0,Truck,0
DEL07216,Unknown,Unknown,0,0,Truck,0
DEL07217,Unknown,Unknown,0,0,Truck,0
DEL07218,Unknown,Unknown,0,0,Truck,0
DEL07219,Unknown,Unknown,0,0,Truck,0
DEL07220,Unknown,Unknown,0,0,Truck,0
DEL07221,Unknown,Unknown,0,0,Truck,0
DEL07222,Unknown,Unknown,0,0,Truck,0
DEL07223,Unknown,Unknown,0,0,Truck,0
DEL07224,Unknown,Unknown,0,0,Truck,0
DEL07225,Unknown,Unknown,0,0,Truck,0
DEL07226,Unknown,Unknown,0,0,Truck,0
DEL07227,Unknown,Unknown,0,0,Truck,0
DEL07228,Unknown,Unknown,0,0,Truck,0
DEL07229,Unknown,Unknown,0,0,Truck,0
DEL07230,Unknown,Unknown,0,0,Truck,0
DEL07231,Unknown,Unknown,0,0,Truck,0
DEL07232,Unknown,Unknown,0,0,Truck,0
DEL07233,Unknown,Unknown,0,0,Truck,0
DEL07234,Unknown,Unknown,0,0,Truck,0
DEL07235,Unknown,Unknown,0,0,Truck,0
DEL07236,Unknown,Unknown,0,0,Truck,0
DEL07237,Unknown,Unknown,0,0,Truck,0
DEL07238,Unknown,Unknown,0,0,Truck,0
DEL07239,Unknown,Unknown,0,0,Truck,0
DEL07240,Unknown,Unknown,0,0,Truck,0
DEL07241,Unknown,Unknown,0,0,Truck,0
DEL07242,Unknown,Unknown,0,0,Truck,0
DEL07243,Unknown,Unknown,0,0,Truck,0
DEL07244,Unknown,Unknown,0,0,Truck,0
DEL07245,Unknown,Unknown,0,0,Truck,0
DEL07246,Unknown,Unknown,0,0,Truck,0
DEL07247,Unknown,Unknown,0,0,Truck,0
DEL07248,Unknown,Unknown,0,0,Truck,0
DEL07249,Unknown,Unknown,0,0,Truck,0
DEL07250,Unknown,Unknown,0,0,Truck,0
DEL07251,Unknown,Unknown,0,0,Truck,0
DEL07252,Unknown,Unknown,0,0,Truck,0
DEL07253,Unknown,Unknown,0,0,Truck,0
DEL07254,Unknown,Unknown,0,0,Truck,0
DEL07255,Unknown,Unknown,0,0,Truck,0
DEL07256,Unknown,Unknown,0,0,Truck,0
DEL07257,Unknown,Unknown,0,0,Truck,0
DEL07258,Unknown,Unknown,0,0,Truck,0
DEL07259,Unknown,Unknown,0,0,Truck,0
DEL07260,Unknown,Unknown,0,0,Truck,0
DEL07261,Unknown,Unknown,0,0,Truck,0
DEL07262,Unknown,Unknown,0,0,Truck,0
DEL07263,Unknown,Unknown,0,0,Truck,0
DEL07264,Unknown,Unknown,0,0,Truck,0
DEL07265,Unknown,Unknown,0,0,Truck,0
DEL07266,Unknown,Unknown,0,0,Truck,0
DEL07267,Unknown,Unknown,0,0,Truck,0
DEL07268,Unknown,Unknown,0,0,Truck,0
DEL07269,Unknown,Unknown,0,0,Truck,0
DEL07270,Unknown,Unknown,0,0,Truck,0
DEL07271,Unknown,Unknown,0,0,Truck,0
DEL07272,Unknown,Unknown,0,0,Truck,0
DEL07273,Unknown,Unknown,0,0,Truck,0
DEL07274,Unknown,Unknown,0,0,Truck,0
DEL07275,Unknown,Unknown,0,0,Truck,0
DEL07276,Unknown,Unknown,0,0,Truck,0
DEL07277,Unknown,Unknown,0,0,Truck,0
DEL07278,Unknown,Unknown,0,0,Truck,0
DEL07279,Unknown,Unknown,0,0,Truck,0
DEL07280,Unknown,Unknown,0,0,Truck,0
DEL07281,Unknown,Unknown,0,0,Truck,0
DEL07282,Unknown,Unknown,0,0,Truck,0
DEL07283,Unknown,Unknown,0,0,Truck,0
DEL07284,Unknown,Unknown,0,0,Truck,0
DEL07285,Unknown,Unknown,0,0,Truck,0
DEL07286,Unknown,Unknown,0,0,Truck,0
DEL07287,Unknown,Unknown,0,0,Truck,0
DEL07288,Unknown,Unknown,0,0,Truck,0
DEL07289,Unknown,Unknown,0,0,Truck,0
DEL07290,Unknown,Unknown,0,0,Truck,0
DEL07291,Unknown,Unknown,0,0,Truck,0
DEL07292,Unknown,Unknown,0,0,Truck,0
DEL07293,Unknown,Unknown,0,0,Truck,0
DEL07294,Unknown,Unknown,0,0,Truck,0
DEL07295,Unknown,Unknown,0,0,Truck,0
DEL07296,Unknown,Unknown,0,0,Truck,0
DEL07297,Unknown,Unknown,0,0,Truck,0
DEL07298,Unknown,Unknown,0,0,Truck,0
DEL07299,Unknown,Unknown,0,0,Truck,0
DEL07300,Unknown,Unknown,0,0,Truck,0
DEL07301,Unknown,Unknown,0,0,Truck,0
DEL07302,Unknown,Unknown,0,0,Truck,0
DEL07303,Unknown,Unknown,0,0,Truck,0
DEL07304,Unknown,Unknown,0,0,Truck,0
DEL07305,Unknown,Unknown,0,0,Truck,0
DEL07306,Unknown,Unknown,0,0,Truck,0
DEL07307,Unknown,Unknown,0,0,Truck,0
DEL07308,Unknown,Unknown,0,0,Truck,0
DEL07309,Unknown,Unknown,0,0,Truck,0
DEL07310,Unknown,Unknown,0,0,Truck,0
DEL07311,Unknown,Unknown,0,0,Truck,0
DEL07312,Unknown,Unknown,0,0,Truck,0
DEL07313,Unknown,Unknown,0,0,Truck,0
DEL07314,Unknown,Unknown,0,0,Truck,0
DEL07315,Unknown,Unknown,0,0,Truck,0
DEL07316,Unknown,Unknown,0,0,Truck,0
DEL07317,Unknown,Unknown,0,0,Truck,0
DEL07318,Unknown,Unknown,0,0,Truck,0
DEL07319,Unknown,Unknown,0,0,Truck,0
DEL07320,Unknown,Unknown,0,0,Truck,0
DEL07321,Unknown,Unknown,0,0,Truck,0
DEL07322,Unknown,Unknown,0,0,Truck,0
DEL07323,Unknown,Unknown,0,0,Truck,0
DEL07324,Unknown,Unknown,0,0,Truck,0
DEL07325,Unknown,Unknown,0,0,Truck,0
DEL07326,Unknown,Unknown,0,0,Truck,0
DEL07327,Unknown,Unknown,0,0,Truck,0
DEL07328,Unknown,Unknown,0,0,Truck,0
DEL07329,Unknown,Unknown,0,0,Truck,0
DEL07330,Unknown,Unknown,0,0,Truck,0
DEL07331,Unknown,Unknown,0,0,Truck,0
DEL07332,Unknown,Unknown,0,0,Truck,0
DEL07333,Unknown,Unknown,0,0,Truck,0
DEL07334,Unknown,Unknown,0,0,Truck,0
DEL07335,Unknown,Unknown,0,0,Truck,0
DEL07336,Unknown,Unknown,0,0,Truck,0
DEL07337,Unknown,Unknown,0,0,Truck,0
DEL07338,Unknown,Unknown,0,0,Truck,0
DEL07339,Unknown,Unknown,0,0,Truck,0
DEL07340,Unknown,Unknown,0,0,Truck,0
DEL07341,Unknown,Unknown,0,0,Truck,0
DEL07342,Unknown,Unknown,0,0,Truck,0
DEL07343,Unknown,Unknown,0,0,Truck,0
DEL07344,Unknown,Unknown,0,0,Truck,0
DEL07345,Unknown,Unknown,0,0,Truck,0
DEL07346,Unknown,Unknown,0,0,Truck,0
DEL07347,Unknown,Unknown,0,0,Truck,0
DEL07348,Unknown,Unknown,0,0,Truck,0
DEL07349,Unknown,Unknown,0,0,Truck,0
DEL07350,Unknown,Unknown,0,0,Truck,0
DEL07351,Unknown,Unknown,0,0,Truck,0
DEL07352,Unknown,Unknown,0,0,Truck,0
DEL07353,Unknown,Unknown,0,0,Truck,0
DEL07354,Unknown,Unknown,0,0,Truck,0
DEL07355,Unknown,Unknown,0,0,Truck,0
DEL07356,Unknown,Unknown,0,0,Truck,0
DEL07357,Unknown,Unknown,0,0,Truck,0
DEL07358,Unknown,Unknown,0,0,Truck,0
DEL07359,Unknown,Unknown,0,0,Truck,0
DEL07360,Unknown,Unknown,0,0,Truck,0
DEL07361,Unknown,Unknown,0,0,Truck,0
DEL07362,Unknown,Unknown,0,0,Truck,0
DEL07363,Unknown,Unknown,0,0,Truck,0
DEL07364,Unknown,Unknown,0,0,Truck,0
DEL07365,Unknown,Unknown,0,0,Truck,0
DEL07366,Unknown,Unknown,0,0,Truck,0
DEL07367,Unknown,Unknown,0,0,Truck,0
DEL07368,Unknown,Unknown,0,0,Truck,0
DEL07369,Unknown,Unknown,0,0,Truck,0
DEL07370,Unknown,Unknown,0,0,Truck,0
DEL07371,Unknown,Unknown,0,0,Truck,0
DEL07372,Unknown,Unknown,0,0,Truck,0
DEL07373,Unknown,Unknown,0,0,Truck,0
DEL07374,Unknown,Unknown,0,0,Truck,0
DEL07375,Unknown,Unknown,0,0,Truck,0
DEL07376,Unknown,Unknown,0,0,Truck,0
DEL07377,Unknown,Unknown,0,0,Truck,0
DEL07378,Unknown,Unknown,0,0,Truck,0
DEL07379,Unknown,Unknown,0,0,Truck,0
DEL07380,Unknown,Unknown,0,0,Truck,0
DEL07381,Unknown,Unknown,0,0,Truck,0
DEL07382,Unknown,Unknown,0,0,Truck,0
DEL07383,Unknown,Unknown,0,0,Truck,0
DEL07384,Unknown,Unknown,0,0,Truck,0
DEL07385,Unknown,Unknown,0,0,Truck,0
DEL07386,Unknown,Unknown,0,0,Truck,0
DEL07387,Unknown,Unknown,0,0,Truck,0
DEL07388,Unknown,Unknown,0,0,Truck,0
DEL07389,Unknown,Unknown,0,0,Truck,0
DEL07390,Unknown,Unknown,0,0,Truck,0
DEL07391,Unknown,Unknown,0,0,Truck,0
DEL07392,Unknown,Unknown,0,0,Truck,0
DEL07393,Unknown,Unknown,0,0,Truck,0
DEL07394,Unknown,Unknown,0,0,Truck,0
DEL07395,Unknown,Unknown,0,0,Truck,0
DEL07396,Unknown,Unknown,0,0,Truck,0
DEL07397,Unknown,Unknown,0,0,Truck,0
DEL07398,Unknown,Unknown,0,0,Truck,0
DEL07399,Unknown,Unknown,0,0,Truck,0
DEL07400,Unknown,Unknown,0,0,Truck,0
DEL07401,Unknown,Unknown,0,0,Truck,0
DEL07402,Unknown,Unknown,0,0,Truck,0
DEL07403,Unknown,Unknown,0,0,Truck,0
DEL07404,Unknown,Unknown,0,0,Truck,0
DEL07405,Unknown,Unknown,0,0,Truck,0
DEL07406,Unknown,Unknown,0,0,Truck,0
DEL07407,Unknown,Unknown,0,0,Truck,0
DEL07408,Unknown,Unknown,0,0,Truck,0
DEL07409,Unknown,Unknown,0,0,Truck,0
DEL07410,Unknown,Unknown,0,0,Truck,0
DEL07411,Unknown,Unknown,0,0,Truck,0
DEL07412,Unknown,Unknown,0,0,Truck,0
DEL07413,Unknown,Unknown,0,0,Truck,0
DEL07414,Unknown,Unknown,0,0,Truck,0
DEL07415,Unknown,Unknown,0,0,Truck,0
DEL07416,Unknown,Unknown,0,0,Truck,0
DEL07417,Unknown,Unknown,0,0,Truck,0
DEL07418,Unknown,Unknown,0,0,Truck,0
DEL07419,Unknown,Unknown,0,0,Truck,0
DEL07420,Unknown,Unknown,0,0,Truck,0
DEL07421,Unknown,Unknown,0,0,Truck,0
DEL07422,Unknown,Unknown,0,0,Truck,0
DEL07423,Unknown,Unknown,0,0,Truck,0
DEL07424,Unknown,Unknown,0,0,Truck,0
DEL07425,Unknown,Unknown,0,0,Truck,0
DEL07426,Unknown,Unknown,0,0,Truck,0
DEL07427,Unknown,Unknown,0,0,Truck,0
DEL07428,Unknown,Unknown,0,0,Truck,0
DEL07429,Unknown,Unknown,0,0,Truck,0
DEL07430,Unknown,Unknown,0,0,Truck,0
DEL07431,Unknown,Unknown,0,0,Truck,0
DEL07432,Unknown,Unknown,0,0,Truck,0
DEL07433,Unknown,Unknown,0,0,Truck,0
DEL07434,Unknown,Unknown,0,0,Truck,0
DEL07435,Unknown,Unknown,0,0,Truck,0
DEL07436,Unknown,Unknown,0,0,Truck,0
DEL07437,Unknown,Unknown,0,0,Truck,0
DEL07438,Unknown,Unknown,0,0,Truck,0
DEL07439,Unknown,Unknown,0,0,Truck,0
DEL07440,Unknown,Unknown,0,0,Truck,0
DEL07441,Unknown,Unknown,0,0,Truck,0
DEL07442,Unknown,Unknown,0,0,Truck,0
DEL07443,Unknown,Unknown,0,0,Truck,0
DEL07444,Unknown,Unknown,0,0,Truck,0
DEL07445,Unknown,Unknown,0,0,Truck,0
DEL07446,Unknown,Unknown,0,0,Truck,0
DEL07447,Unknown,Unknown,0,0,Truck,0
DEL07448,Unknown,Unknown,0,0,Truck,0
DEL07449,Unknown,Unknown,0,0,Truck,0
DEL07450,Unknown,Unknown,0,0,Truck,0
DEL07451,Unknown,Unknown,0,0,Truck,0
DEL07452,Unknown,Unknown,0,0,Truck,0
DEL07453,Unknown,Unknown,0,0,Truck,0
DEL07454,Unknown,Unknown,0,0,Truck,0
DEL07455,Unknown,Unknown,0,0,Truck,0
DEL07456,Unknown,Unknown,0,0,Truck,0
DEL07457,Unknown,Unknown,0,0,Truck,0
DEL07458,Unknown,Unknown,0,0,Truck,0
DEL07459,Unknown,Unknown,0,0,Truck,0
DEL07460,Unknown,Unknown,0,0,Truck,0
DEL07461,Unknown,Unknown,0,0,Truck,0
DEL07462,Unknown,Unknown,0,0,Truck,0
DEL07463,Unknown,Unknown,0,0,Truck,0
DEL07464,Unknown,Unknown,0,0,Truck,0
DEL07465,Unknown,Unknown,0,0,Truck,0
DEL07466,Unknown,Unknown,0,0,Truck,0
DEL07467,Unknown,Unknown,0,0,Truck,0
DEL07468,Unknown,Unknown,0,0,Truck,0
DEL07469,Unknown,Unknown,0,0,Truck,0
DEL07470,Unknown,Unknown,0,0,Truck,0
DEL07471,Unknown,Unknown,0,0,Truck,0
DEL07472,Unknown,Unknown,0,0,Truck,0
DEL07473,Unknown,Unknown,0,0,Truck,0
DEL07474,Unknown,Unknown,0,0,Truck,0
DEL07475,Unknown,Unknown,0,0,Truck,0
DEL07476,Unknown,Unknown,0,0,Truck,0
DEL07477,Unknown,Unknown,0,0,Truck,0
DEL07478,Unknown,Unknown,0,0,Truck,0
DEL07479,Unknown,Unknown,0,0,Truck,0
DEL07480,Unknown,Unknown,0,0,Truck,0
DEL07481,Unknown,Unknown,0,0,Truck,0
DEL07482,Unknown,Unknown,0,0,Truck,0
DEL07483,Unknown,Unknown,0,0,Truck,0
DEL07484,Unknown,Unknown,0,0,Truck,0
DEL07485,Unknown,Unknown,0,0,Truck,0
DEL07486,Unknown,Unknown,0,0,Truck,0
DEL07487,Unknown,Unknown,0,0,Truck,0
DEL07488,Unknown,Unknown,0,0,Truck,0
DEL07489,Unknown,Unknown,0,0,Truck,0
DEL07490,Unknown,Unknown,0,0,Truck,0
DEL07491,Unknown,Unknown,0,0,Truck,0
DEL07492,Unknown,Unknown,0,0,Truck,0
DEL07493,Unknown,Unknown,0,0,Truck,0
DEL07494,Unknown,Unknown,0,0,Truck,0
DEL07495,Unknown,Unknown,0,0,Truck,0
DEL07496,Unknown,Unknown,0,0,Truck,0
DEL07497,Unknown,Unknown,0,0,Truck,0
DEL07498,Unknown,Unknown,0,0,Truck,0
DEL07499,Unknown,Unknown,0,0,Truck,0
DEL07500,Unknown,Unknown,0,0,Truck,0
DEL07501,Unknown,Unknown,0,0,Truck,0
DEL07502,Unknown,Unknown,0,0,Truck,0
DEL07503,Unknown,Unknown,0,0,Truck,0
DEL07504,Unknown,Unknown,0,0,Truck,0
DEL07505,Unknown,Unknown,0,0,Truck,0
DEL07506,Unknown,Unknown,0,0,Truck,0
DEL07507,Unknown,Unknown,0,0,Truck,0
DEL07508,Unknown,Unknown,0,0,Truck,0
DEL07509,Unknown,Unknown,0,0,Truck,0
DEL07510,Unknown,Unknown,0,0,Truck,0
DEL07511,Unknown,Unknown,0,0,Truck,0
DEL07512,Unknown,Unknown,0,0,Truck,0
DEL07513,Unknown,Unknown,0,0,Truck,0
DEL07514,Unknown,Unknown,0,0,Truck,0
DEL07515,Unknown,Unknown,0,0,Truck,0
DEL07516,Unknown,Unknown,0,0,Truck,0
DEL07517,Unknown,Unknown,0,0,Truck,0
DEL07518,Unknown,Unknown,0,0,Truck,0
DEL07519,Unknown,Unknown,0,0,Truck,0
DEL07520,Unknown,Unknown,0,0,Truck,0
DEL07521,Unknown,Unknown,0,0,Truck,0
DEL07522,Unknown,Unknown,0,0,Truck,0
DEL07523,Unknown,Unknown,0,0,Truck,0
DEL07524,Unknown,Unknown,0,0,Truck,0
DEL07525,Unknown,Unknown,0,0,Truck,0
DEL07526,Unknown,Unknown,0,0,Truck,0
DEL07527,Unknown,Unknown,0,0,Truck,0
DEL07528,Unknown,Unknown,0,0,Truck,0
DEL07529,Unknown,Unknown,0,0,Truck,0
DEL07530,Unknown,Unknown,0,0,Truck,0
DEL07531,Unknown,Unknown,0,0,Truck,0
DEL07532,Unknown,Unknown,0,0,Truck,0
DEL07533,Unknown,Unknown,0,0,Truck,0
DEL07534,Unknown,Unknown,0,0,Truck,0
DEL07535,Unknown,Unknown,0,0,Truck,0
DEL07536,Unknown,Unknown,0,0,Truck,0
DEL07537,Unknown,Unknown,0,0,Truck,0
DEL07538,Unknown,Unknown,0,0,Truck,0
DEL07539,Unknown,Unknown,0,0,Truck,0
DEL07540,Unknown,Unknown,0,0,Truck,0
DEL07541,Unknown,Unknown,0,0,Truck,0
DEL07542,Unknown,Unknown,0,0,Truck,0
DEL07543,Unknown,Unknown,0,0,Truck,0
DEL07544,Unknown,Unknown,0,0,Truck,0
DEL07545,Unknown,Unknown,0,0,Truck,0
DEL07546,Unknown,Unknown,0,0,Truck,0
DEL07547,Unknown,Unknown,0,0,Truck,0
DEL07548,Unknown,Unknown,0,0,Truck,0
DEL07549,Unknown,Unknown,0,0,Truck,0
DEL07550,Unknown,Unknown,0,0,Truck,0
DEL07551,Unknown,Unknown,0,0,Truck,0
DEL07552,Unknown,Unknown,0,0,Truck,0
DEL07553,Unknown,Unknown,0,0,Truck,0
DEL07554,Unknown,Unknown,0,0,Truck,0
DEL07555,Unknown,Unknown,0,0,Truck,0
DEL07556,Unknown,Unknown,0,0,Truck,0
DEL07557,Unknown,Unknown,0,0,Truck,0
DEL07558,Unknown,Unknown,0,0,Truck,0
DEL07559,Unknown,Unknown,0,0,Truck,0
DEL07560,Unknown,Unknown,0,0,Truck,0
DEL07561,Unknown,Unknown,0,0,Truck,0
DEL07562,Unknown,Unknown,0,0,Truck,0
DEL07563,Unknown,Unknown,0,0,Truck,0
DEL07564,Unknown,Unknown,0,0,Truck,0
DEL07565,Unknown,Unknown,0,0,Truck,0
DEL07566,Unknown,Unknown,0,0,Truck,0
DEL07567,Unknown,Unknown,0,0,Truck,0
DEL07568,Unknown,Unknown,0,0,Truck,0
DEL07569,Unknown,Unknown,0,0,Truck,0
DEL07570,Unknown,Unknown,0,0,Truck,0
DEL07571,Unknown,Unknown,0,0,Truck,0
DEL07572,Unknown,Unknown,0,0,Truck,0
DEL07573,Unknown,Unknown,0,0,Truck,0
DEL07574,Unknown,Unknown,0,0,Truck,0
DEL07575,Unknown,Unknown,0,0,Truck,0
DEL07576,Unknown,Unknown,0,0,Truck,0
DEL07577,Unknown,Unknown,0,0,Truck,0
DEL07578,Unknown,Unknown,0,0,Truck,0
DEL07579,Unknown,Unknown,0,0,Truck,0
DEL07580,Unknown,Unknown,0,0,Truck,0
DEL07581,Unknown,Unknown,0,0,Truck,0
DEL07582,Unknown,Unknown,0,0,Truck,0
DEL07583,Unknown,Unknown,0,0,Truck,0
DEL07584,Unknown,Unknown,0,0,Truck,0
DEL07585,Unknown,Unknown,0,0,Truck,0
DEL07586,Unknown,Unknown,0,0,Truck,0
DEL07587,Unknown,Unknown,0,0,Truck,0
DEL07588,Unknown,Unknown,0,0,Truck,0
DEL07589,Unknown,Unknown,0,0,Truck,0
DEL07590,Unknown,Unknown,0,0,Truck,0
DEL07591,Unknown,Unknown,0,0,Truck,0
DEL07592,Unknown,Unknown,0,0,Truck,0
DEL07593,Unknown,Unknown,0,0,Truck,0
DEL07594,Unknown,Unknown,0,0,Truck,0
DEL07595,Unknown,Unknown,0,0,Truck,0
DEL07596,Unknown,Unknown,0,0,Truck,0
DEL07597,Unknown,Unknown,0,0,Truck,0
DEL07598,Unknown,Unknown,0,0,Truck,0
DEL07599,Unknown,Unknown,0,0,Truck,0
DEL07600,Unknown,Unknown,0,0,Truck,0
DEL07601,Unknown,Unknown,0,0,Truck,0
DEL07602,Unknown,Unknown,0,0,Truck,0
DEL07603,Unknown,Unknown,0,0,Truck,0
DEL07604,Unknown,Unknown,0,0,Truck,0
DEL07605,Unknown,Unknown,0,0,Truck,0
DEL07606,Unknown,Unknown,0,0,Truck,0
DEL07607,Unknown,Unknown,0,0,Truck,0
DEL07608,Unknown,Unknown,0,0,Truck,0
DEL07609,Unknown,Unknown,0,0,Truck,0
DEL07610,Unknown,Unknown,0,0,Truck,0
DEL07611,Unknown,Unknown,0,0,Truck,0
DEL07612,Unknown,Unknown,0,0,Truck,0
DEL07613,Unknown,Unknown,0,0,Truck,0
DEL07614,Unknown,Unknown,0,0,Truck,0
DEL07615,Unknown,Unknown,0,0,Truck,0
DEL07616,Unknown,Unknown,0,0,Truck,0
DEL07617,Unknown,Unknown,0,0,Truck,0
DEL07618,Unknown,Unknown,0,0,Truck,0
DEL07619,Unknown,Unknown,0,0,Truck,0
DEL07620,Unknown,Unknown,0,0,Truck,0
DEL07621,Unknown,Unknown,0,0,Truck,0
DEL07622,Unknown,Unknown,0,0,Truck,0
DEL07623,Unknown,Unknown,0,0,Truck,0
DEL07624,Unknown,Unknown,0,0,Truck,0
DEL07625,Unknown,Unknown,0,0,Truck,0
DEL07626,Unknown,Unknown,0,0,Truck,0
DEL07627,Unknown,Unknown,0,0,Truck,0
DEL07628,Unknown,Unknown,0,0,Truck,0
DEL07629,Unknown,Unknown,0,0,Truck,0
DEL07630,Unknown,Unknown,0,0,Truck,0
DEL07631,Unknown,Unknown,0,0,Truck,0
DEL07632,Unknown,Unknown,0,0,Truck,0
DEL07633,Unknown,Unknown,0,0,Truck,0
DEL07634,Unknown,Unknown,0,0,Truck,0
DEL07635,Unknown,Unknown,0,0,Truck,0
DEL07636,Unknown,Unknown,0,0,Truck,0
DEL07637,Unknown,Unknown,0,0,Truck,0
DEL07638,Unknown,Unknown,0,0,Truck,0
DEL07639,Unknown,Unknown,0,0,Truck,0
DEL07640,Unknown,Unknown,0,0,Truck,0
DEL07641,Unknown,Unknown,0,0,Truck,0
DEL07642,Unknown,Unknown,0,0,Truck,0
DEL07643,Unknown,Unknown,0,0,Truck,0
DEL07644,Unknown,Unknown,0,0,Truck,0
DEL07645,Unknown,Unknown,0,0,Truck,0
DEL07646,Unknown,Unknown,0,0,Truck,0
DEL07647,Unknown,Unknown,0,0,Truck,0
DEL07648,Unknown,Unknown,0,0,Truck,0
DEL07649,Unknown,Unknown,0,0,Truck,0
DEL07650,Unknown,Unknown,0,0,Truck,0
DEL07651,Unknown,Unknown,0,0,Truck,0
DEL07652,Unknown,Unknown,0,0,Truck,0
DEL07653,Unknown,Unknown,0,0,Truck,0
DEL07654,Unknown,Unknown,0,0,Truck,0
DEL07655,Unknown,Unknown,0,0,Truck,0
DEL07656,Unknown,Unknown,0,0,Truck,0
DEL07657,Unknown,Unknown,0,0,Truck,0
DEL07658,Unknown,Unknown,0,0,Truck,0
DEL07659,Unknown,Unknown,0,0,Truck,0
DEL07660,Unknown,Unknown,0,0,Truck,0
DEL07661,Unknown,Unknown,0,0,Truck,0
DEL07662,Unknown,Unknown,0,0,Truck,0
DEL07663,Unknown,Unknown,0,0,Truck,0
DEL07664,Unknown,Unknown,0,0,Truck,0
DEL07665,Unknown,Unknown,0,0,Truck,0
DEL07666,Unknown,Unknown,0,0,Truck,0
DEL07667,Unknown,Unknown,0,0,Truck,0
DEL07668,Unknown,Unknown,0,0,Truck,0
DEL07669,Unknown,Unknown,0,0,Truck,0
DEL07670,Unknown,Unknown,0,0,Truck,0
DEL07671,Unknown,Unknown,0,0,Truck,0
DEL07672,Unknown,Unknown,0,0,Truck,0
DEL07673,Unknown,Unknown,0,0,Truck,0
DEL07674,Unknown,Unknown,0,0,Truck,0
DEL07675,Unknown,Unknown,0,0,Truck,0
DEL07676,Unknown,Unknown,0,0,Truck,0
DEL07677,Unknown,Unknown,0,0,Truck,0
DEL07678,Unknown,Unknown,0,0,Truck,0
DEL07679,Unknown,Unknown,0,0,Truck,0
DEL07680,Unknown,Unknown,0,0,Truck,0
DEL07681,Unknown,Unknown,0,0,Truck,0
DEL07682,Unknown,Unknown,0,0,Truck,0
DEL07683,Unknown,Unknown,0,0,Truck,0
DEL07684,Unknown,Unknown,0,0,Truck,0
DEL07685,Unknown,Unknown,0,0,Truck,0
DEL07686,Unknown,Unknown,0,0,Truck,0
DEL07687,Unknown,Unknown,0,0,Truck,0
DEL07688,Unknown,Unknown,0,0,Truck,0
DEL07689,Unknown,Unknown,0,0,Truck,0
DEL07690,Unknown,Unknown,0,0,Truck,0
DEL07691,Unknown,Unknown,0,0,Truck,0
DEL07692,Unknown,Unknown,0,0,Truck,0
DEL07693,Unknown,Unknown,0,0,Truck,0
DEL07694,Unknown,Unknown,0,0,Truck,0
DEL07695,Unknown,Unknown,0,0,Truck,0
DEL07696,Unknown,Unknown,0,0,Truck,0
DEL07697,Unknown,Unknown,0,0,Truck,0
DEL07698,Unknown,Unknown,0,0,Truck,0
DEL07699,Unknown,Unknown,0,0,Truck,0
DEL07700,Unknown,Unknown,0,0,Truck,0
DEL07701,Unknown,Unknown,0,0,Truck,0
DEL07702,Unknown,Unknown,0,0,Truck,0
DEL07703,Unknown,Unknown,0,0,Truck,0
DEL07704,Unknown,Unknown,0,0,Truck,0
DEL07705,Unknown,Unknown,0,0,Truck,0
DEL07706,Unknown,Unknown,0,0,Truck,0
DEL07707,Unknown,Unknown,0,0,Truck,0
DEL07708,Unknown,Unknown,0,0,Truck,0
DEL07709,Unknown,Unknown,0,0,Truck,0
DEL07710,Unknown,Unknown,0,0,Truck,0
DEL07711,Unknown,Unknown,0,0,Truck,0
DEL07712,Unknown,Unknown,0,0,Truck,0
DEL07713,Unknown,Unknown,0,0,Truck,0
DEL07714,Unknown,Unknown,0,0,Truck,0
DEL07715,Unknown,Unknown,0,0,Truck,0
DEL07716,Unknown,Unknown,0,0,Truck,0
DEL07717,Unknown,Unknown,0,0,Truck,0
DEL07718,Unknown,Unknown,0,0,Truck,0
DEL07719,Unknown,Unknown,0,0,Truck,0
DEL07720,Unknown,Unknown,0,0,Truck,0
DEL07721,Unknown,Unknown,0,0,Truck,0
DEL07722,Unknown,Unknown,0,0,Truck,0
DEL07723,Unknown,Unknown,0,0,Truck,0
DEL07724,Unknown,Unknown,0,0,Truck,0
DEL07725,Unknown,Unknown,0,0,Truck,0
DEL07726,Unknown,Unknown,0,0,Truck,0
DEL07727,Unknown,Unknown,0,0,Truck,0
DEL07728,Unknown,Unknown,0,0,Truck,0
DEL07729,Unknown,Unknown,0,0,Truck,0
DEL07730,Unknown,Unknown,0,0,Truck,0
DEL07731,Unknown,Unknown,0,0,Truck,0
DEL07732,Unknown,Unknown,0,0,Truck,0
DEL07733,Unknown,Unknown,0,0,Truck,0
DEL07734,Unknown,Unknown,0,0,Truck,0
DEL07735,Unknown,Unknown,0,0,Truck,0
DEL07736,Unknown,Unknown,0,0,Truck,0
DEL07737,Unknown,Unknown,0,0,Truck,0
DEL07738,Unknown,Unknown,0,0,Truck,0
DEL07739,Unknown,Unknown,0,0,Truck,0
DEL07740,Unknown,Unknown,0,0,Truck,0
DEL07741,Unknown,Unknown,0,0,Truck,0
DEL07742,Unknown,Unknown,0,0,Truck,0
DEL07743,Unknown,Unknown,0,0,Truck,0
DEL07744,Unknown,Unknown,0,0,Truck,0
DEL07745,Unknown,Unknown,0,0,Truck,0
DEL07746,Unknown,Unknown,0,0,Truck,0
DEL07747,Unknown,Unknown,0,0,Truck,0
DEL07748,Unknown,Unknown,0,0,Truck,0
DEL07749,Unknown,Unknown,0,0,Truck,0
DEL07750,Unknown,Unknown,0,0,Truck,0
DEL07751,Unknown,Unknown,0,0,Truck,0
DEL07752,Unknown,Unknown,0,0,Truck,0
DEL07753,Unknown,Unknown,0,0,Truck,0
DEL07754,Unknown,Unknown,0,0,Truck,0
DEL07755,Unknown,Unknown,0,0,Truck,0
DEL07756,Unknown,Unknown,0,0,Truck,0
DEL07757,Unknown,Unknown,0,0,Truck,0
DEL07758,Unknown,Unknown,0,0,Truck,0
DEL07759,Unknown,Unknown,0,0,Truck,0
DEL07760,Unknown,Unknown,0,0,Truck,0
DEL07761,Unknown,Unknown,0,0,Truck,0
DEL07762,Unknown,Unknown,0,0,Truck,0
DEL07763,Unknown,Unknown,0,0,Truck,0
DEL07764,Unknown,Unknown,0,0,Truck,0
DEL07765,Unknown,Unknown,0,0,Truck,0
DEL07766,Unknown,Unknown,0,0,Truck,0
DEL07767,Unknown,Unknown,0,0,Truck,0
DEL07768,Unknown,Unknown,0,0,Truck,0
DEL07769,Unknown,Unknown,0,0,Truck,0
DEL07770,Unknown,Unknown,0,0,Truck,0
DEL07771,Unknown,Unknown,0,0,Truck,0
DEL07772,Unknown,Unknown,0,0,Truck,0
DEL07773,Unknown,Unknown,0,0,Truck,0
DEL07774,Unknown,Unknown,0,0,Truck,0
DEL07775,Unknown,Unknown,0,0,Truck,0
DEL07776,Unknown,Unknown,0,0,Truck,0
DEL07777,Unknown,Unknown,0,0,Truck,0
DEL07778,Unknown,Unknown,0,0,Truck,0
DEL07779,Unknown,Unknown,0,0,Truck,0
DEL07780,Unknown,Unknown,0,0,Truck,0
DEL07781,Unknown,Unknown,0,0,Truck,0
DEL07782,Unknown,Unknown,0,0,Truck,0
DEL07783,Unknown,Unknown,0,0,Truck,0
DEL07784,Unknown,Unknown,0,0,Truck,0
DEL07785,Unknown,Unknown,0,0,Truck,0
DEL07786,Unknown,Unknown,0,0,Truck,0
DEL07787,Unknown,Unknown,0,0,Truck,0
DEL07788,Unknown,Unknown,0,0,Truck,0
DEL07789,Unknown,Unknown,0,0,Truck,0
DEL07790,Unknown,Unknown,0,0,Truck,0
DEL07791,Unknown,Unknown,0,0,Truck,0
DEL07792,Unknown,Unknown,0,0,Truck,0
DEL07793,Unknown,Unknown,0,0,Truck,0
DEL07794,Unknown,Unknown,0,0,Truck,0
DEL07795,Unknown,Unknown,0,0,Truck,0
DEL07796,Unknown,Unknown,0,0,Truck,0
DEL07797,Unknown,Unknown,0,0,Truck,0
DEL07798,Unknown,Unknown,0,0,Truck,0
DEL07799,Unknown,Unknown,0,0,Truck,0
DEL07800,Unknown,Unknown,0,0,Truck,0
DEL07801,Unknown,Unknown,0,0,Truck,0
DEL07802,Unknown,Unknown,0,0,Truck,0
DEL07803,Unknown,Unknown,0,0,Truck,0
DEL07804,Unknown,Unknown,0,0,Truck,0
DEL07805,Unknown,Unknown,0,0,Truck,0
DEL07806,Unknown,Unknown,0,0,Truck,0
DEL07807,Unknown,Unknown,0,0,Truck,0
DEL07808,Unknown,Unknown,0,0,Truck,0
DEL07809,Unknown,Unknown,0,0,Truck,0
DEL07810,Unknown,Unknown,0,0,Truck,0
DEL07811,Unknown,Unknown,0,0,Truck,0
DEL07812,Unknown,Unknown,0,0,Truck,0
DEL07813,Unknown,Unknown,0,0,Truck,0
DEL07814,Unknown,Unknown,0,0,Truck,0
DEL07815,Unknown,Unknown,0,0,Truck,0
DEL07816,Unknown,Unknown,0,0,Truck,0
DEL07817,Unknown,Unknown,0,0,Truck,0
DEL07818,Unknown,Unknown,0,0,Truck,0
DEL07819,Unknown,Unknown,0,0,Truck,0
DEL07820,Unknown,Unknown,0,0,Truck,0
DEL07821,Unknown,Unknown,0,0,Truck,0
DEL07822,Unknown,Unknown,0,0,Truck,0
DEL07823,Unknown,Unknown,0,0,Truck,0
DEL07824,Unknown,Unknown,0,0,Truck,0
DEL07825,Unknown,Unknown,0,0,Truck,0
DEL07826,Unknown,Unknown,0,0,Truck,0
DEL07827,Unknown,Unknown,0,0,Truck,0
DEL07828,Unknown,Unknown,0,0,Truck,0
DEL07829,Unknown,Unknown,0,0,Truck,0
DEL07830,Unknown,Unknown,0,0,Truck,0
DEL07831,Unknown,Unknown,0,0,Truck,0
DEL07832,Unknown,Unknown,0,0,Truck,0
DEL07833,Unknown,Unknown,0,0,Truck,0
DEL07834,Unknown,Unknown,0,0,Truck,0
DEL07835,Unknown,Unknown,0,0,Truck,0
DEL07836,Unknown,Unknown,0,0,Truck,0
DEL07837,Unknown,Unknown,0,0,Truck,0
DEL07838,Unknown,Unknown,0,0,Truck,0
DEL07839,Unknown,Unknown,0,0,Truck,0
DEL07840,Unknown,Unknown,0,0,Truck,0
DEL07841,Unknown,Unknown,0,0,Truck,0
DEL07842,Unknown,Unknown,0,0,Truck,0
DEL07843,Unknown,Unknown,0,0,Truck,0
DEL07844,Unknown,Unknown,0,0,Truck,0
DEL07845,Unknown,Unknown,0,0,Truck,0
DEL07846,Unknown,Unknown,0,0,Truck,0
DEL07847,Unknown,Unknown,0,0,Truck,0
DEL07848,Unknown,Unknown,0,0,Truck,0
DEL07849,Unknown,Unknown,0,0,Truck,0
DEL07850,Unknown,Unknown,0,0,Truck,0
DEL07851,Unknown,Unknown,0,0,Truck,0
DEL07852,Unknown,Unknown,0,0,Truck,0
DEL07853,Unknown,Unknown,0,0,Truck,0
DEL07854,Unknown,Unknown,0,0,Truck,0
DEL07855,Unknown,Unknown,0,0,Truck,0
DEL07856,Unknown,Unknown,0,0,Truck,0
DEL07857,Unknown,Unknown,0,0,Truck,0
DEL07858,Unknown,Unknown,0,0,Truck,0
DEL07859,Unknown,Unknown,0,0,Truck,0
DEL07860,Unknown,Unknown,0,0,Truck,0
DEL07861,Unknown,Unknown,0,0,Truck,0
DEL07862,Unknown,Unknown,0,0,Truck,0
DEL07863,Unknown,Unknown,0,0,Truck,0
DEL07864,Unknown,Unknown,0,0,Truck,0
DEL07865,Unknown,Unknown,0,0,Truck,0
DEL07866,Unknown,Unknown,0,0,Truck,0
DEL07867,Unknown,Unknown,0,0,Truck,0
DEL07868,Unknown,Unknown,0,0,Truck,0
DEL07869,Unknown,Unknown,0,0,Truck,0
DEL07870,Unknown,Unknown,0,0,Truck,0
DEL07871,Unknown,Unknown,0,0,Truck,0
DEL07872,Unknown,Unknown,0,0,Truck,0
DEL07873,Unknown,Unknown,0,0,Truck,0
DEL07874,Unknown,Unknown,0,0,Truck,0
DEL07875,Unknown,Unknown,0,0,Truck,0
DEL07876,Unknown,Unknown,0,0,Truck,0
DEL07877,Unknown,Unknown,0,0,Truck,0
DEL07878,Unknown,Unknown,0,0,Truck,0
DEL07879,Unknown,Unknown,0,0,Truck,0
DEL07880,Unknown,Unknown,0,0,Truck,0
DEL07881,Unknown,Unknown,0,0,Truck,0
DEL07882,Unknown,Unknown,0,0,Truck,0
DEL07883,Unknown,Unknown,0,0,Truck,0
DEL07884,Unknown,Unknown,0,0,Truck,0
DEL07885,Unknown,Unknown,0,0,Truck,0
DEL07886,Unknown,Unknown,0,0,Truck,0
DEL07887,Unknown,Unknown,0,0,Truck,0
DEL07888,Unknown,Unknown,0,0,Truck,0
DEL07889,Unknown,Unknown,0,0,Truck,0
DEL07890,Unknown,Unknown,0,0,Truck,0
DEL07891,Unknown,Unknown,0,0,Truck,0
DEL07892,Unknown,Unknown,0,0,Truck,0
DEL07893,Unknown,Unknown,0,0,Truck,0
DEL07894,Unknown,Unknown,0,0,Truck,0
DEL07895,Unknown,Unknown,0,0,Truck,0
DEL07896,Unknown,Unknown,0,0,Truck,0
DEL07897,Unknown,Unknown,0,0,Truck,0
DEL07898,Unknown,Unknown,0,0,Truck,0
DEL07899,Unknown,Unknown,0,0,Truck,0
DEL07900,Unknown,Unknown,0,0,Truck,0
DEL07901,Unknown,Unknown,0,0,Truck,0
DEL07902,Unknown,Unknown,0,0,Truck,0
DEL07903,Unknown,Unknown,0,0,Truck,0
DEL07904,Unknown,Unknown,0,0,Truck,0
DEL07905,Unknown,Unknown,0,0,Truck,0
DEL07906,Unknown,Unknown,0,0,Truck,0
DEL07907,Unknown,Unknown,0,0,Truck,0
DEL07908,Unknown,Unknown,0,0,Truck,0
DEL07909,Unknown,Unknown,0,0,Truck,0
DEL07910,Unknown,Unknown,0,0,Truck,0
DEL07911,Unknown,Unknown,0,0,Truck,0
DEL07912,Unknown,Unknown,0,0,Truck,0
DEL07913,Unknown,Unknown,0,0,Truck,0
DEL07914,Unknown,Unknown,0,0,Truck,0
DEL07915,Unknown,Unknown,0,0,Truck,0
DEL07916,Unknown,Unknown,0,0,Truck,0
DEL07917,Unknown,Unknown,0,0,Truck,0
DEL07918,Unknown,Unknown,0,0,Truck,0
DEL07919,Unknown,Unknown,0,0,Truck,0
DEL07920,Unknown,Unknown,0,0,Truck,0
DEL07921,Unknown,Unknown,0,0,Truck,0
DEL07922,Unknown,Unknown,0,0,Truck,0
DEL07923,Unknown,Unknown,0,0,Truck,0
DEL07924,Unknown,Unknown,0,0,Truck,0
DEL07925,Unknown,Unknown,0,0,Truck,0
DEL07926,Unknown,Unknown,0,0,Truck,0
DEL07927,Unknown,Unknown,0,0,Truck,0
DEL07928,Unknown,Unknown,0,0,Truck,0
DEL07929,Unknown,Unknown,0,0,Truck,0
DEL07930,Unknown,Unknown,0,0,Truck,0
DEL07931,Unknown,Unknown,0,0,Truck,0
DEL07932,Unknown,Unknown,0,0,Truck,0
DEL07933,Unknown,Unknown,0,0,Truck,0
DEL07934,Unknown,Unknown,0,0,Truck,0
DEL07935,Unknown,Unknown,0,0,Truck,0
DEL07936,Unknown,Unknown,0,0,Truck,0
DEL07937,Unknown,Unknown,0,0,Truck,0
DEL07938,Unknown,Unknown,0,0,Truck,0
DEL07939,Unknown,Unknown,0,0,Truck,0
DEL07940,Unknown,Unknown,0,0,Truck,0
DEL07941,Unknown,Unknown,0,0,Truck,0
DEL07942,Unknown,Unknown,0,0,Truck,0
DEL07943,Unknown,Unknown,0,0,Truck,0
DEL07944,Unknown,Unknown,0,0,Truck,0
DEL07945,Unknown,Unknown,0,0,Truck,0
DEL07946,Unknown,Unknown,0,0,Truck,0
DEL07947,Unknown,Unknown,0,0,Truck,0
DEL07948,Unknown,Unknown,0,0,Truck,0
DEL07949,Unknown,Unknown,0,0,Truck,0
DEL07950,Unknown,Unknown,0,0,Truck,0
DEL07951,Unknown,Unknown,0,0,Truck,0
DEL07952,Unknown,Unknown,0,0,Truck,0
DEL07953,Unknown,Unknown,0,0,Truck,0
DEL07954,Unknown,Unknown,0,0,Truck,0
DEL07955,Unknown,Unknown,0,0,Truck,0
DEL07956,Unknown,Unknown,0,0,Truck,0
DEL07957,Unknown,Unknown,0,0,Truck,0
DEL07958,Unknown,Unknown,0,0,Truck,0
DEL07959,Unknown,Unknown,0,0,Truck,0
DEL07960,Unknown,Unknown,0,0,Truck,0
DEL07961,Unknown,Unknown,0,0,Truck,0
DEL07962,Unknown,Unknown,0,0,Truck,0
DEL07963,Unknown,Unknown,0,0,Truck,0
DEL07964,Unknown,Unknown,0,0,Truck,0
DEL07965,Unknown,Unknown,0,0,Truck,0
DEL07966,Unknown,Unknown,0,0,Truck,0
DEL07967,Unknown,Unknown,0,0,Truck,0
DEL07968,Unknown,Unknown,0,0,Truck,0
DEL07969,Unknown,Unknown,0,0,Truck,0
DEL07970,Unknown,Unknown,0,0,Truck,0
DEL07971,Unknown,Unknown,0,0,Truck,0
DEL07972,Unknown,Unknown,0,0,Truck,0
DEL07973,Unknown,Unknown,0,0,Truck,0
DEL07974,Unknown,Unknown,0,0,Truck,0
DEL07975,Unknown,Unknown,0,0,Truck,0
DEL07976,Unknown,Unknown,0,0,Truck,0
DEL07977,Unknown,Unknown,0,0,Truck,0
DEL07978,Unknown,Unknown,0,0,Truck,0
DEL07979,Unknown,Unknown,0,0,Truck,0
DEL07980,Unknown,Unknown,0,0,Truck,0
DEL07981,Unknown,Unknown,0,0,Truck,0
DEL07982,Unknown,Unknown,0,0,Truck,0
DEL07983,Unknown,Unknown,0,0,Truck,0
DEL07984,Unknown,Unknown,0,0,Truck,0
DEL07985,Unknown,Unknown,0,0,Truck,0
DEL07986,Unknown,Unknown,0,0,Truck,0
DEL07987,Unknown,Unknown,0,0,Truck,0
DEL07988,Unknown,Unknown,0,0,Truck,0
DEL07989,Unknown,Unknown,0,0,Truck,0
DEL07990,Unknown,Unknown,0,0,Truck,0
DEL07991,Unknown,Unknown,0,0,Truck,0
DEL07992,Unknown,Unknown,0,0,Truck,0
DEL07993,Unknown,Unknown,0,0,Truck,0
DEL07994,Unknown,Unknown,0,0,Truck,0
DEL07995,Unknown,Unknown,0,0,Truck,0
DEL07996,Unknown,Unknown,0,0,Truck,0
DEL07997,Unknown,Unknown,0,0,Truck,0
DEL07998,Unknown,Unknown,0,0,Truck,0
DEL07999,Unknown,Unknown,0,0,Truck,0
DEL08000,Unknown,Unknown,0,0,Truck,0
DEL08001,Unknown,Unknown,0,0,Truck,0
DEL08002,Unknown,Unknown,0,0,Truck,0
DEL08003,Unknown,Unknown,0,0,Truck,0
DEL08004,Unknown,Unknown,0,0,Truck,0
DEL08005,Unknown,Unknown,0,0,Truck,0
DEL08006,Unknown,Unknown,0,0,Truck,0
DEL08007,Unknown,Unknown,0,0,Truck,0
DEL08008,Unknown,Unknown,0,0,Truck,0
DEL08009,Unknown,Unknown,0,0,Truck,0
DEL08010,Unknown,Unknown,0,0,Truck,0
DEL08011,Unknown,Unknown,0,0,Truck,0
DEL08012,Unknown,Unknown,0,0,Truck,0
DEL08013,Unknown,Unknown,0,0,Truck,0
DEL08014,Unknown,Unknown,0,0,Truck,0
DEL08015,Unknown,Unknown,0,0,Truck,0
DEL08016,Unknown,Unknown,0,0,Truck,0
DEL08017,Unknown,Unknown,0,0,Truck,0
DEL08018,Unknown,Unknown,0,0,Truck,0
DEL08019,Unknown,Unknown,0,0,Truck,0
DEL08020,Unknown,Unknown,0,0,Truck,0
DEL08021,Unknown,Unknown,0,0,Truck,0
DEL08022,Unknown,Unknown,0,0,Truck,0
DEL08023,Unknown,Unknown,0,0,Truck,0
DEL08024,Unknown,Unknown,0,0,Truck,0
DEL08025,Unknown,Unknown,0,0,Truck,0
DEL08026,Unknown,Unknown,0,0,Truck,0
DEL08027,Unknown,Unknown,0,0,Truck,0
DEL08028,Unknown,Unknown,0,0,Truck,0
DEL08029,Unknown,Unknown,0,0,Truck,0
DEL08030,Unknown,Unknown,0,0,Truck,0
DEL08031,Unknown,Unknown,0,0,Truck,0
DEL08032,Unknown,Unknown,0,0,Truck,0
DEL08033,Unknown,Unknown,0,0,Truck,0
DEL08034,Unknown,Unknown,0,0,Truck,0
DEL08035,Unknown,Unknown,0,0,Truck,0
DEL08036,Unknown,Unknown,0,0,Truck,0
DEL08037,Unknown,Unknown,0,0,Truck,0
DEL08038,Unknown,Unknown,0,0,Truck,0
DEL08039,Unknown,Unknown,0,0,Truck,0
DEL08040,Unknown,Unknown,0,0,Truck,0
DEL08041,Unknown,Unknown,0,0,Truck,0
DEL08042,Unknown,Unknown,0,0,Truck,0
DEL08043,Unknown,Unknown,0,0,Truck,0
DEL08044,Unknown,Unknown,0,0,Truck,0
DEL08045,Unknown,Unknown,0,0,Truck,0
DEL08046,Unknown,Unknown,0,0,Truck,0
DEL08047,Unknown,Unknown,0,0,Truck,0
DEL08048,Unknown,Unknown,0,0,Truck,0
DEL08049,Unknown,Unknown,0,0,Truck,0
DEL08050,Unknown,Unknown,0,0,Truck,0
DEL08051,Unknown,Unknown,0,0,Truck,0
DEL08052,Unknown,Unknown,0,0,Truck,0
DEL08053,Unknown,Unknown,0,0,Truck,0
DEL08054,Unknown,Unknown,0,0,Truck,0
DEL08055,Unknown,Unknown,0,0,Truck,0
DEL08056,Unknown,Unknown,0,0,Truck,0
DEL08057,Unknown,Unknown,0,0,Truck,0
DEL08058,Unknown,Unknown,0,0,Truck,0
DEL08059,Unknown,Unknown,0,0,Truck,0
DEL08060,Unknown,Unknown,0,0,Truck,0
DEL08061,Unknown,Unknown,0,0,Truck,0
DEL08062,Unknown,Unknown,0,0,Truck,0
DEL08063,Unknown,Unknown,0,0,Truck,0
DEL08064,Unknown,Unknown,0,0,Truck,0
DEL08065,Unknown,Unknown,0,0,Truck,0
DEL08066,Unknown,Unknown,0,0,Truck,0
DEL08067,Unknown,Unknown,0,0,Truck,0
DEL08068,Unknown,Unknown,0,0,Truck,0
DEL08069,Unknown,Unknown,0,0,Truck,0
DEL08070,Unknown,Unknown,0,0,Truck,0
DEL08071,Unknown,Unknown,0,0,Truck,0
DEL08072,Unknown,Unknown,0,0,Truck,0
DEL08073,Unknown,Unknown,0,0,Truck,0
DEL08074,Unknown,Unknown,0,0,Truck,0
DEL08075,Unknown,Unknown,0,0,Truck,0
DEL08076,Unknown,Unknown,0,0,Truck,0
DEL08077,Unknown,Unknown,0,0,Truck,0
DEL08078,Unknown,Unknown,0,0,Truck,0
DEL08079,Unknown,Unknown,0,0,Truck,0
DEL08080,Unknown,Unknown,0,0,Truck,0
DEL08081,Unknown,Unknown,0,0,Truck,0
DEL08082,Unknown,Unknown,0,0,Truck,0
DEL08083,Unknown,Unknown,0,0,Truck,0
DEL08084,Unknown,Unknown,0,0,Truck,0
DEL08085,Unknown,Unknown,0,0,Truck,0
DEL08086,Unknown,Unknown,0,0,Truck,0
DEL08087,Unknown,Unknown,0,0,Truck,0
DEL08088,Unknown,Unknown,0,0,Truck,0
DEL08089,Unknown,Unknown,0,0,Truck,0
DEL08090,Unknown,Unknown,0,0,Truck,0
DEL08091,Unknown,Unknown,0,0,Truck,0
DEL08092,Unknown,Unknown,0,0,Truck,0
DEL08093,Unknown,Unknown,0,0,Truck,0
DEL08094,Unknown,Unknown,0,0,Truck,0
DEL08095,Unknown,Unknown,0,0,Truck,0
DEL08096,Unknown,Unknown,0,0,Truck,0
DEL08097,Unknown,Unknown,0,0,Truck,0
DEL08098,Unknown,Unknown,0,0,Truck,0
DEL08099,Unknown,Unknown,0,0,Truck,0
DEL08100,Unknown,Unknown,0,0,Truck,0
DEL08101,Unknown,Unknown,0,0,Truck,0
DEL08102,Unknown,Unknown,0,0,Truck,0
DEL08103,Unknown,Unknown,0,0,Truck,0
DEL08104,Unknown,Unknown,0,0,Truck,0
DEL08105,Unknown,Unknown,0,0,Truck,0
DEL08106,Unknown,Unknown,0,0,Truck,0
DEL08107,Unknown,Unknown,0,0,Truck,0
DEL08108,Unknown,Unknown,0,0,Truck,0
DEL08109,Unknown,Unknown,0,0,Truck,0
DEL08110,Unknown,Unknown,0,0,Truck,0
DEL08111,Unknown,Unknown,0,0,Truck,0
DEL08112,Unknown,Unknown,0,0,Truck,0
DEL08113,Unknown,Unknown,0,0,Truck,0
DEL08114,Unknown,Unknown,0,0,Truck,0
DEL08115,Unknown,Unknown,0,0,Truck,0
DEL08116,Unknown,Unknown,0,0,Truck,0
DEL08117,Unknown,Unknown,0,0,Truck,0
DEL08118,Unknown,Unknown,0,0,Truck,0
DEL08119,Unknown,Unknown,0,0,Truck,0
DEL08120,Unknown,Unknown,0,0,Truck,0
DEL08121,Unknown,Unknown,0,0,Truck,0
DEL08122,Unknown,Unknown,0,0,Truck,0
DEL08123,Unknown,Unknown,0,0,Truck,0
DEL08124,Unknown,Unknown,0,0,Truck,0
DEL08125,Unknown,Unknown,0,0,Truck,0
DEL08126,Unknown,Unknown,0,0,Truck,0
DEL08127,Unknown,Unknown,0,0,Truck,0
DEL08128,Unknown,Unknown,0,0,Truck,0
DEL08129,Unknown,Unknown,0,0,Truck,0
DEL08130,Unknown,Unknown,0,0,Truck,0
DEL08131,Unknown,Unknown,0,0,Truck,0
DEL08132,Unknown,Unknown,0,0,Truck,0
DEL08133,Unknown,Unknown,0,0,Truck,0
DEL08134,Unknown,Unknown,0,0,Truck,0
DEL08135,Unknown,Unknown,0,0,Truck,0
DEL08136,Unknown,Unknown,0,0,Truck,0
DEL08137,Unknown,Unknown,0,0,Truck,0
DEL08138,Unknown,Unknown,0,0,Truck,0
DEL08139,Unknown,Unknown,0,0,Truck,0
DEL08140,Unknown,Unknown,0,0,Truck,0
DEL08141,Unknown,Unknown,0,0,Truck,0
DEL08142,Unknown,Unknown,0,0,Truck,0
DEL08143,Unknown,Unknown,0,0,Truck,0
DEL08144,Unknown,Unknown,0,0,Truck,0
DEL08145,Unknown,Unknown,0,0,Truck,0
DEL08146,Unknown,Unknown,0,0,Truck,0
DEL08147,Unknown,Unknown,0,0,Truck,0
DEL08148,Unknown,Unknown,0,0,Truck,0
DEL08149,Unknown,Unknown,0,0,Truck,0
DEL08150,Unknown,Unknown,0,0,Truck,0
DEL08151,Unknown,Unknown,0,0,Truck,0
DEL08152,Unknown,Unknown,0,0,Truck,0
DEL08153,Unknown,Unknown,0,0,Truck,0
DEL08154,Unknown,Unknown,0,0,Truck,0
DEL08155,Unknown,Unknown,0,0,Truck,0
DEL08156,Unknown,Unknown,0,0,Truck,0
DEL08157,Unknown,Unknown,0,0,Truck,0
DEL08158,Unknown,Unknown,0,0,Truck,0
DEL08159,Unknown,Unknown,0,0,Truck,0
DEL08160,Unknown,Unknown,0,0,Truck,0
DEL08161,Unknown,Unknown,0,0,Truck,0
DEL08162,Unknown,Unknown,0,0,Truck,0
DEL08163,Unknown,Unknown,0,0,Truck,0
DEL08164,Unknown,Unknown,0,0,Truck,0
DEL08165,Unknown,Unknown,0,0,Truck,0
DEL08166,Unknown,Unknown,0,0,Truck,0
DEL08167,Unknown,Unknown,0,0,Truck,0
DEL08168,Unknown,Unknown,0,0,Truck,0
DEL08169,Unknown,Unknown,0,0,Truck,0
DEL08170,Unknown,Unknown,0,0,Truck,0
DEL08171,Unknown,Unknown,0,0,Truck,0
DEL08172,Unknown,Unknown,0,0,Truck,0
DEL08173,Unknown,Unknown,0,0,Truck,0
DEL08174,Unknown,Unknown,0,0,Truck,0
DEL08175,Unknown,Unknown,0,0,Truck,0
DEL08176,Unknown,Unknown,0,0,Truck,0
DEL08177,Unknown,Unknown,0,0,Truck,0
DEL08178,Unknown,Unknown,0,0,Truck,0
DEL08179,Unknown,Unknown,0,0,Truck,0
DEL08180,Unknown,Unknown,0,0,Truck,0
DEL08181,Unknown,Unknown,0,0,Truck,0
DEL08182,Unknown,Unknown,0,0,Truck,0
DEL08183,Unknown,Unknown,0,0,Truck,0
DEL08184,Unknown,Unknown,0,0,Truck,0
DEL08185,Unknown,Unknown,0,0,Truck,0
DEL08186,Unknown,Unknown,0,0,Truck,0
DEL08187,Unknown,Unknown,0,0,Truck,0
DEL08188,Unknown,Unknown,0,0,Truck,0
DEL08189,Unknown,Unknown,0,0,Truck,0
DEL08190,Unknown,Unknown,0,0,Truck,0
DEL08191,Unknown,Unknown,0,0,Truck,0
DEL08192,Unknown,Unknown,0,0,Truck,0
DEL08193,Unknown,Unknown,0,0,Truck,0
DEL08194,Unknown,Unknown,0,0,Truck,0
DEL08195,Unknown,Unknown,0,0,Truck,0
DEL08196,Unknown,Unknown,0,0,Truck,0
DEL08197,Unknown,Unknown,0,0,Truck,0
DEL08198,Unknown,Unknown,0,0,Truck,0
DEL08199,Unknown,Unknown,0,0,Truck,0
DEL08200,Unknown,Unknown,0,0,Truck,0
DEL08201,Unknown,Unknown,0,0,Truck,0
DEL08202,Unknown,Unknown,0,0,Truck,0
DEL08203,Unknown,Unknown,0,0,Truck,0
DEL08204,Unknown,Unknown,0,0,Truck,0
DEL08205,Unknown,Unknown,0,0,Truck,0
DEL08206,Unknown,Unknown,0,0,Truck,0
DEL08207,Unknown,Unknown,0,0,Truck,0
DEL08208,Unknown,Unknown,0,0,Truck,0
DEL08209,Unknown,Unknown,0,0,Truck,0
DEL08210,Unknown,Unknown,0,0,Truck,0
DEL08211,Unknown,Unknown,0,0,Truck,0
DEL08212,Unknown,Unknown,0,0,Truck,0
DEL08213,Unknown,Unknown,0,0,Truck,0
DEL08214,Unknown,Unknown,0,0,Truck,0
DEL08215,Unknown,Unknown,0,0,Truck,0
DEL08216,Unknown,Unknown,0,0,Truck,0
DEL08217,Unknown,Unknown,0,0,Truck,0
DEL08218,Unknown,Unknown,0,0,Truck,0
DEL08219,Unknown,Unknown,0,0,Truck,0
DEL08220,Unknown,Unknown,0,0,Truck,0
DEL08221,Unknown,Unknown,0,0,Truck,0
DEL08222,Unknown,Unknown,0,0,Truck,0
DEL08223,Unknown,Unknown,0,0,Truck,0
DEL08224,Unknown,Unknown,0,0,Truck,0
DEL08225,Unknown,Unknown,0,0,Truck,0
DEL08226,Unknown,Unknown,0,0,Truck,0
DEL08227,Unknown,Unknown,0,0,Truck,0
DEL08228,Unknown,Unknown,0,0,Truck,0
DEL08229,Unknown,Unknown,0,0,Truck,0
DEL08230,Unknown,Unknown,0,0,Truck,0
DEL08231,Unknown,Unknown,0,0,Truck,0
DEL08232,Unknown,Unknown,0,0,Truck,0
DEL08233,Unknown,Unknown,0,0,Truck,0
DEL08234,Unknown,Unknown,0,0,Truck,0
DEL08235,Unknown,Unknown,0,0,Truck,0
DEL08236,Unknown,Unknown,0,0,Truck,0
DEL08237,Unknown,Unknown,0,0,Truck,0
DEL08238,Unknown,Unknown,0,0,Truck,0
DEL08239,Unknown,Unknown,0,0,Truck,0
DEL08240,Unknown,Unknown,0,0,Truck,0
DEL08241,Unknown,Unknown,0,0,Truck,0
DEL08242,Unknown,Unknown,0,0,Truck,0
DEL08243,Unknown,Unknown,0,0,Truck,0
DEL08244,Unknown,Unknown,0,0,Truck,0
DEL08245,Unknown,Unknown,0,0,Truck,0
DEL08246,Unknown,Unknown,0,0,Truck,0
DEL08247,Unknown,Unknown,0,0,Truck,0
DEL08248,Unknown,Unknown,0,0,Truck,0
DEL08249,Unknown,Unknown,0,0,Truck,0
DEL08250,Unknown,Unknown,0,0,Truck,0
DEL08251,Unknown,Unknown,0,0,Truck,0
DEL08252,Unknown,Unknown,0,0,Truck,0
DEL08253,Unknown,Unknown,0,0,Truck,0
DEL08254,Unknown,Unknown,0,0,Truck,0
DEL08255,Unknown,Unknown,0,0,Truck,0
DEL08256,Unknown,Unknown,0,0,Truck,0
DEL08257,Unknown,Unknown,0,0,Truck,0
DEL08258,Unknown,Unknown,0,0,Truck,0
DEL08259,Unknown,Unknown,0,0,Truck,0
DEL08260,Unknown,Unknown,0,0,Truck,0
DEL08261,Unknown,Unknown,0,0,Truck,0
DEL08262,Unknown,Unknown,0,0,Truck,0
DEL08263,Unknown,Unknown,0,0,Truck,0
DEL08264,Unknown,Unknown,0,0,Truck,0
DEL08265,Unknown,Unknown,0,0,Truck,0
DEL08266,Unknown,Unknown,0,0,Truck,0
DEL08267,Unknown,Unknown,0,0,Truck,0
DEL08268,Unknown,Unknown,0,0,Truck,0
DEL08269,Unknown,Unknown,0,0,Truck,0
DEL08270,Unknown,Unknown,0,0,Truck,0
DEL08271,Unknown,Unknown,0,0,Truck,0
DEL08272,Unknown,Unknown,0,0,Truck,0
DEL08273,Unknown,Unknown,0,0,Truck,0
DEL08274,Unknown,Unknown,0,0,Truck,0
DEL08275,Unknown,Unknown,0,0,Truck,0
DEL08276,Unknown,Unknown,0,0,Truck,0
DEL08277,Unknown,Unknown,0,0,Truck,0
DEL08278,Unknown,Unknown,0,0,Truck,0
DEL08279,Unknown,Unknown,0,0,Truck,0
DEL08280,Unknown,Unknown,0,0,Truck,0
DEL08281,Unknown,Unknown,0,0,Truck,0
DEL08282,Unknown,Unknown,0,0,Truck,0
DEL08283,Unknown,Unknown,0,0,Truck,0
DEL08284,Unknown,Unknown,0,0,Truck,0
DEL08285,Unknown,Unknown,0,0,Truck,0
DEL08286,Unknown,Unknown,0,0,Truck,0
DEL08287,Unknown,Unknown,0,0,Truck,0
DEL08288,Unknown,Unknown,0,0,Truck,0
DEL08289,Unknown,Unknown,0,0,Truck,0
DEL08290,Unknown,Unknown,0,0,Truck,0
DEL08291,Unknown,Unknown,0,0,Truck,0
DEL08292,Unknown,Unknown,0,0,Truck,0
DEL08293,Unknown,Unknown,0,0,Truck,0
DEL08294,Unknown,Unknown,0,0,Truck,0
DEL08295,Unknown,Unknown,0,0,Truck,0
DEL08296,Unknown,Unknown,0,0,Truck,0
DEL08297,Unknown,Unknown,0,0,Truck,0
DEL08298,Unknown,Unknown,0,0,Truck,0
DEL08299,Unknown,Unknown,0,0,Truck,0
DEL08300,Unknown,Unknown,0,0,Truck,0
DEL08301,Unknown,Unknown,0,0,Truck,0
DEL08302,Unknown,Unknown,0,0,Truck,0
DEL08303,Unknown,Unknown,0,0,Truck,0
DEL08304,Unknown,Unknown,0,0,Truck,0
DEL08305,Unknown,Unknown,0,0,Truck,0
DEL08306,Unknown,Unknown,0,0,Truck,0
DEL08307,Unknown,Unknown,0,0,Truck,0
DEL08308,Unknown,Unknown,0,0,Truck,0
DEL08309,Unknown,Unknown,0,0,Truck,0
DEL08310,Unknown,Unknown,0,0,Truck,0
DEL08311,Unknown,Unknown,0,0,Truck,0
DEL08312,Unknown,Unknown,0,0,Truck,0
DEL08313,Unknown,Unknown,0,0,Truck,0
DEL08314,Unknown,Unknown,0,0,Truck,0
DEL08315,Unknown,Unknown,0,0,Truck,0
DEL08316,Unknown,Unknown,0,0,Truck,0
DEL08317,Unknown,Unknown,0,0,Truck,0
DEL08318,Unknown,Unknown,0,0,Truck,0
DEL08319,Unknown,Unknown,0,0,Truck,0
DEL08320,Unknown,Unknown,0,0,Truck,0
DEL08321,Unknown,Unknown,0,0,Truck,0
DEL08322,Unknown,Unknown,0,0,Truck,0
DEL08323,Unknown,Unknown,0,0,Truck,0
DEL08324,Unknown,Unknown,0,0,Truck,0
DEL08325,Unknown,Unknown,0,0,Truck,0
DEL08326,Unknown,Unknown,0,0,Truck,0
DEL08327,Unknown,Unknown,0,0,Truck,0
DEL08328,Unknown,Unknown,0,0,Truck,0
DEL08329,Unknown,Unknown,0,0,Truck,0
DEL08330,Unknown,Unknown,0,0,Truck,0
DEL08331,Unknown,Unknown,0,0,Truck,0
DEL08332,Unknown,Unknown,0,0,Truck,0
DEL08333,Unknown,Unknown,0,0,Truck,0
DEL08334,Unknown,Unknown,0,0,Truck,0
DEL08335,Unknown,Unknown,0,0,Truck,0
DEL08336,Unknown,Unknown,0,0,Truck,0
DEL08337,Unknown,Unknown,0,0,Truck,0
DEL08338,Unknown,Unknown,0,0,Truck,0
DEL08339,Unknown,Unknown,0,0,Truck,0
DEL08340,Unknown,Unknown,0,0,Truck,0
DEL08341,Unknown,Unknown,0,0,Truck,0
DEL08342,Unknown,Unknown,0,0,Truck,0
DEL08343,Unknown,Unknown,0,0,Truck,0
DEL08344,Unknown,Unknown,0,0,Truck,0
DEL08345,Unknown,Unknown,0,0,Truck,0
DEL08346,Unknown,Unknown,0,0,Truck,0
DEL08347,Unknown,Unknown,0,0,Truck,0
DEL08348,Unknown,Unknown,0,0,Truck,0
DEL08349,Unknown,Unknown,0,0,Truck,0
DEL08350,Unknown,Unknown,0,0,Truck,0
DEL08351,Unknown,Unknown,0,0,Truck,0
DEL08352,Unknown,Unknown,0,0,Truck,0
DEL08353,Unknown,Unknown,0,0,Truck,0
DEL08354,Unknown,Unknown,0,0,Truck,0
DEL08355,Unknown,Unknown,0,0,Truck,0
DEL08356,Unknown,Unknown,0,0,Truck,0
DEL08357,Unknown,Unknown,0,0,Truck,0
DEL08358,Unknown,Unknown,0,0,Truck,0
DEL08359,Unknown,Unknown,0,0,Truck,0
DEL08360,Unknown,Unknown,0,0,Truck,0
DEL08361,Unknown,Unknown,0,0,Truck,0
DEL08362,Unknown,Unknown,0,0,Truck,0
DEL08363,Unknown,Unknown,0,0,Truck,0
DEL08364,Unknown,Unknown,0,0,Truck,0
DEL08365,Unknown,Unknown,0,0,Truck,0
DEL08366,Unknown,Unknown,0,0,Truck,0
DEL08367,Unknown,Unknown,0,0,Truck,0
DEL08368,Unknown,Unknown,0,0,Truck,0
DEL08369,Unknown,Unknown,0,0,Truck,0
DEL08370,Unknown,Unknown,0,0,Truck,0
DEL08371,Unknown,Unknown,0,0,Truck,0
DEL08372,Unknown,Unknown,0,0,Truck,0
DEL08373,Unknown,Unknown,0,0,Truck,0
DEL08374,Unknown,Unknown,0,0,Truck,0
DEL08375,Unknown,Unknown,0,0,Truck,0
DEL08376,Unknown,Unknown,0,0,Truck,0
DEL08377,Unknown,Unknown,0,0,Truck,0
DEL08378,Unknown,Unknown,0,0,Truck,0
DEL08379,Unknown,Unknown,0,0,Truck,0
DEL08380,Unknown,Unknown,0,0,Truck,0
DEL08381,Unknown,Unknown,0,0,Truck,0
DEL08382,Unknown,Unknown,0,0,Truck,0
DEL08383,Unknown,Unknown,0,0,Truck,0
DEL08384,Unknown,Unknown,0,0,Truck,0
DEL08385,Unknown,Unknown,0,0,Truck,0
DEL08386,Unknown,Unknown,0,0,Truck,0
DEL08387,Unknown,Unknown,0,0,Truck,0
DEL08388,Unknown,Unknown,0,0,Truck,0
DEL08389,Unknown,Unknown,0,0,Truck,0
DEL08390,Unknown,Unknown,0,0,Truck,0
DEL08391,Unknown,Unknown,0,0,Truck,0
DEL08392,Unknown,Unknown,0,0,Truck,0
DEL08393,Unknown,Unknown,0,0,Truck,0
DEL08394,Unknown,Unknown,0,0,Truck,0
DEL08395,Unknown,Unknown,0,0,Truck,0
DEL08396,Unknown,Unknown,0,0,Truck,0
DEL08397,Unknown,Unknown,0,0,Truck,0
DEL08398,Unknown,Unknown,0,0,Truck,0
DEL08399,Unknown,Unknown,0,0,Truck,0
DEL08400,Unknown,Unknown,0,0,Truck,0
DEL08401,Unknown,Unknown,0,0,Truck,0
DEL08402,Unknown,Unknown,0,0,Truck,0
DEL08403,Unknown,Unknown,0,0,Truck,0
DEL08404,Unknown,Unknown,0,0,Truck,0
DEL08405,Unknown,Unknown,0,0,Truck,0
DEL08406,Unknown,Unknown,0,0,Truck,0
DEL08407,Unknown,Unknown,0,0,Truck,0
DEL08408,Unknown,Unknown,0,0,Truck,0
DEL08409,Unknown,Unknown,0,0,Truck,0
DEL08410,Unknown,Unknown,0,0,Truck,0
DEL08411,Unknown,Unknown,0,0,Truck,0
DEL08412,Unknown,Unknown,0,0,Truck,0
DEL08413,Unknown,Unknown,0,0,Truck,0
DEL08414,Unknown,Unknown,0,0,Truck,0
DEL08415,Unknown,Unknown,0,0,Truck,0
DEL08416,Unknown,Unknown,0,0,Truck,0
DEL08417,Unknown,Unknown,0,0,Truck,0
DEL08418,Unknown,Unknown,0,0,Truck,0
DEL08419,Unknown,Unknown,0,0,Truck,0
DEL08420,Unknown,Unknown,0,0,Truck,0
DEL08421,Unknown,Unknown,0,0,Truck,0
DEL08422,Unknown,Unknown,0,0,Truck,0
DEL08423,Unknown,Unknown,0,0,Truck,0
DEL08424,Unknown,Unknown,0,0,Truck,0
DEL08425,Unknown,Unknown,0,0,Truck,0
DEL08426,Unknown,Unknown,0,0,Truck,0
DEL08427,Unknown,Unknown,0,0,Truck,0
DEL08428,Unknown,Unknown,0,0,Truck,0
DEL08429,Unknown,Unknown,0,0,Truck,0
DEL08430,Unknown,Unknown,0,0,Truck,0
DEL08431,Unknown,Unknown,0,0,Truck,0
DEL08432,Unknown,Unknown,0,0,Truck,0
DEL08433,Unknown,Unknown,0,0,Truck,0
DEL08434,Unknown,Unknown,0,0,Truck,0
DEL08435,Unknown,Unknown,0,0,Truck,0
DEL08436,Unknown,Unknown,0,0,Truck,0
DEL08437,Unknown,Unknown,0,0,Truck,0
DEL08438,Unknown,Unknown,0,0,Truck,0
DEL08439,Unknown,Unknown,0,0,Truck,0
DEL08440,Unknown,Unknown,0,0,Truck,0
DEL08441,Unknown,Unknown,0,0,Truck,0
DEL08442,Unknown,Unknown,0,0,Truck,0
DEL08443,Unknown,Unknown,0,0,Truck,0
DEL08444,Unknown,Unknown,0,0,Truck,0
DEL08445,Unknown,Unknown,0,0,Truck,0
DEL08446,Unknown,Unknown,0,0,Truck,0
DEL08447,Unknown,Unknown,0,0,Truck,0
DEL08448,Unknown,Unknown,0,0,Truck,0
DEL08449,Unknown,Unknown,0,0,Truck,0
DEL08450,Unknown,Unknown,0,0,Truck,0
DEL08451,Unknown,Unknown,0,0,Truck,0
DEL08452,Unknown,Unknown,0,0,Truck,0
DEL08453,Unknown,Unknown,0,0,Truck,0
DEL08454,Unknown,Unknown,0,0,Truck,0
DEL08455,Unknown,Unknown,0,0,Truck,0
DEL08456,Unknown,Unknown,0,0,Truck,0
DEL08457,Unknown,Unknown,0,0,Truck,0
DEL08458,Unknown,Unknown,0,0,Truck,0
DEL08459,Unknown,Unknown,0,0,Truck,0
DEL08460,Unknown,Unknown,0,0,Truck,0
DEL08461,Unknown,Unknown,0,0,Truck,0
DEL08462,Unknown,Unknown,0,0,Truck,0
DEL08463,Unknown,Unknown,0,0,Truck,0
DEL08464,Unknown,Unknown,0,0,Truck,0
DEL08465,Unknown,Unknown,0,0,Truck,0
DEL08466,Unknown,Unknown,0,0,Truck,0
DEL08467,Unknown,Unknown,0,0,Truck,0
DEL08468,Unknown,Unknown,0,0,Truck,0
DEL08469,Unknown,Unknown,0,0,Truck,0
DEL08470,Unknown,Unknown,0,0,Truck,0
DEL08471,Unknown,Unknown,0,0,Truck,0
DEL08472,Unknown,Unknown,0,0,Truck,0
DEL08473,Unknown,Unknown,0,0,Truck,0
DEL08474,Unknown,Unknown,0,0,Truck,0
DEL08475,Unknown,Unknown,0,0,Truck,0
DEL08476,Unknown,Unknown,0,0,Truck,0
DEL08477,Unknown,Unknown,0,0,Truck,0
DEL08478,Unknown,Unknown,0,0,Truck,0
DEL08479,Unknown,Unknown,0,0,Truck,0
DEL08480,Unknown,Unknown,0,0,Truck,0
DEL08481,Unknown,Unknown,0,0,Truck,0
DEL08482,Unknown,Unknown,0,0,Truck,0
DEL08483,Unknown,Unknown,0,0,Truck,0
DEL08484,Unknown,Unknown,0,0,Truck,0
DEL08485,Unknown,Unknown,0,0,Truck,0
DEL08486,Unknown,Unknown,0,0,Truck,0
DEL08487,Unknown,Unknown,0,0,Truck,0
DEL08488,Unknown,Unknown,0,0,Truck,0
DEL08489,Unknown,Unknown,0,0,Truck,0
DEL08490,Unknown,Unknown,0,0,Truck,0
DEL08491,Unknown,Unknown,0,0,Truck,0
DEL08492,Unknown,Unknown,0,0,Truck,0
DEL08493,Unknown,Unknown,0,0,Truck,0
DEL08494,Unknown,Unknown,0,0,Truck,0
DEL08495,Unknown,Unknown,0,0,Truck,0
DEL08496,Unknown,Unknown,0,0,Truck,0
DEL08497,Unknown,Unknown,0,0,Truck,0
DEL08498,Unknown,Unknown,0,0,Truck,0
DEL08499,Unknown,Unknown,0,0,Truck,0
DEL08500,Unknown,Unknown,0,0,Truck,0
DEL08501,Unknown,Unknown,0,0,Truck,0
DEL08502,Unknown,Unknown,0,0,Truck,0
DEL08503,Unknown,Unknown,0,0,Truck,0
DEL08504,Unknown,Unknown,0,0,Truck,0
DEL08505,Unknown,Unknown,0,0,Truck,0
DEL08506,Unknown,Unknown,0,0,Truck,0
DEL08507,Unknown,Unknown,0,0,Truck,0
DEL08508,Unknown,Unknown,0,0,Truck,0
DEL08509,Unknown,Unknown,0,0,Truck,0
DEL08510,Unknown,Unknown,0,0,Truck,0
DEL08511,Unknown,Unknown,0,0,Truck,0
DEL08512,Unknown,Unknown,0,0,Truck,0
DEL08513,Unknown,Unknown,0,0,Truck,0
DEL08514,Unknown,Unknown,0,0,Truck,0
DEL08515,Unknown,Unknown,0,0,Truck,0
DEL08516,Unknown,Unknown,0,0,Truck,0
DEL08517,Unknown,Unknown,0,0,Truck,0
DEL08518,Unknown,Unknown,0,0,Truck,0
DEL08519,Unknown,Unknown,0,0,Truck,0
DEL08520,Unknown,Unknown,0,0,Truck,0
DEL08521,Unknown,Unknown,0,0,Truck,0
DEL08522,Unknown,Unknown,0,0,Truck,0
DEL08523,Unknown,Unknown,0,0,Truck,0
DEL08524,Unknown,Unknown,0,0,Truck,0
DEL08525,Unknown,Unknown,0,0,Truck,0
DEL08526,Unknown,Unknown,0,0,Truck,0
DEL08527,Unknown,Unknown,0,0,Truck,0
DEL08528,Unknown,Unknown,0,0,Truck,0
DEL08529,Unknown,Unknown,0,0,Truck,0
DEL08530,Unknown,Unknown,0,0,Truck,0
DEL08531,Unknown,Unknown,0,0,Truck,0
DEL08532,Unknown,Unknown,0,0,Truck,0
DEL08533,Unknown,Unknown,0,0,Truck,0
DEL08534,Unknown,Unknown,0,0,Truck,0
DEL08535,Unknown,Unknown,0,0,Truck,0
DEL08536,Unknown,Unknown,0,0,Truck,0
DEL08537,Unknown,Unknown,0,0,Truck,0
DEL08538,Unknown,Unknown,0,0,Truck,0
DEL08539,Unknown,Unknown,0,0,Truck,0
DEL08540,Unknown,Unknown,0,0,Truck,0
DEL08541,Unknown,Unknown,0,0,Truck,0
DEL08542,Unknown,Unknown,0,0,Truck,0
DEL08543,Unknown,Unknown,0,0,Truck,0
DEL08544,Unknown,Unknown,0,0,Truck,0
DEL08545,Unknown,Unknown,0,0,Truck,0
DEL08546,Unknown,Unknown,0,0,Truck,0
DEL08547,Unknown,Unknown,0,0,Truck,0
DEL08548,Unknown,Unknown,0,0,Truck,0
DEL08549,Unknown,Unknown,0,0,Truck,0
DEL08550,Unknown,Unknown,0,0,Truck,0
DEL08551,Unknown,Unknown,0,0,Truck,0
DEL08552,Unknown,Unknown,0,0,Truck,0
DEL08553,Unknown,Unknown,0,0,Truck,0
DEL08554,Unknown,Unknown,0,0,Truck,0
DEL08555,Unknown,Unknown,0,0,Truck,0
DEL08556,Unknown,Unknown,0,0,Truck,0
DEL08557,Unknown,Unknown,0,0,Truck,0
DEL08558,Unknown,Unknown,0,0,Truck,0
DEL08559,Unknown,Unknown,0,0,Truck,0
DEL08560,Unknown,Unknown,0,0,Truck,0
DEL08561,Unknown,Unknown,0,0,Truck,0
DEL08562,Unknown,Unknown,0,0,Truck,0
DEL08563,Unknown,Unknown,0,0,Truck,0
DEL08564,Unknown,Unknown,0,0,Truck,0
DEL08565,Unknown,Unknown,0,0,Truck,0
DEL08566,Unknown,Unknown,0,0,Truck,0
DEL08567,Unknown,Unknown,0,0,Truck,0
DEL08568,Unknown,Unknown,0,0,Truck,0
DEL08569,Unknown,Unknown,0,0,Truck,0
DEL08570,Unknown,Unknown,0,0,Truck,0
DEL08571,Unknown,Unknown,0,0,Truck,0
DEL08572,Unknown,Unknown,0,0,Truck,0
DEL08573,Unknown,Unknown,0,0,Truck,0
DEL08574,Unknown,Unknown,0,0,Truck,0
DEL08575,Unknown,Unknown,0,0,Truck,0
DEL08576,Unknown,Unknown,0,0,Truck,0
DEL08577,Unknown,Unknown,0,0,Truck,0
DEL08578,Unknown,Unknown,0,0,Truck,0
DEL08579,Unknown,Unknown,0,0,Truck,0
DEL08580,Unknown,Unknown,0,0,Truck,0
DEL08581,Unknown,Unknown,0,0,Truck,0
DEL08582,Unknown,Unknown,0,0,Truck,0
DEL08583,Unknown,Unknown,0,0,Truck,0
DEL08584,Unknown,Unknown,0,0,Truck,0
DEL08585,Unknown,Unknown,0,0,Truck,0
DEL08586,Unknown,Unknown,0,0,Truck,0
DEL08587,Unknown,Unknown,0,0,Truck,0
DEL08588,Unknown,Unknown,0,0,Truck,0
DEL08589,Unknown,Unknown,0,0,Truck,0
DEL08590,Unknown,Unknown,0,0,Truck,0
DEL08591,Unknown,Unknown,0,0,Truck,0
DEL08592,Unknown,Unknown,0,0,Truck,0
DEL08593,Unknown,Unknown,0,0,Truck,0
DEL08594,Unknown,Unknown,0,0,Truck,0
DEL08595,Unknown,Unknown,0,0,Truck,0
DEL08596,Unknown,Unknown,0,0,Truck,0
DEL08597,Unknown,Unknown,0,0,Truck,0
DEL08598,Unknown,Unknown,0,0,Truck,0
DEL08599,Unknown,Unknown,0,0,Truck,0
DEL08600,Unknown,Unknown,0,0,Truck,0
DEL08601,Unknown,Unknown,0,0,Truck,0
DEL08602,Unknown,Unknown,0,0,Truck,0
DEL08603,Unknown,Unknown,0,0,Truck,0
DEL08604,Unknown,Unknown,0,0,Truck,0
DEL08605,Unknown,Unknown,0,0,Truck,0
DEL08606,Unknown,Unknown,0,0,Truck,0
DEL08607,Unknown,Unknown,0,0,Truck,0
DEL08608,Unknown,Unknown,0,0,Truck,0
DEL08609,Unknown,Unknown,0,0,Truck,0
DEL08610,Unknown,Unknown,0,0,Truck,0
DEL08611,Unknown,Unknown,0,0,Truck,0
DEL08612,Unknown,Unknown,0,0,Truck,0
DEL08613,Unknown,Unknown,0,0,Truck,0
DEL08614,Unknown,Unknown,0,0,Truck,0
DEL08615,Unknown,Unknown,0,0,Truck,0
DEL08616,Unknown,Unknown,0,0,Truck,0
DEL08617,Unknown,Unknown,0,0,Truck,0
DEL08618,Unknown,Unknown,0,0,Truck,0
DEL08619,Unknown,Unknown,0,0,Truck,0
DEL08620,Unknown,Unknown,0,0,Truck,0
DEL08621,Unknown,Unknown,0,0,Truck,0
DEL08622,Unknown,Unknown,0,0,Truck,0
DEL08623,Unknown,Unknown,0,0,Truck,0
DEL08624,Unknown,Unknown,0,0,Truck,0
DEL08625,Unknown,Unknown,0,0,Truck,0
DEL08626,Unknown,Unknown,0,0,Truck,0
DEL08627,Unknown,Unknown,0,0,Truck,0
DEL08628,Unknown,Unknown,0,0,Truck,0
DEL08629,Unknown,Unknown,0,0,Truck,0
DEL08630,Unknown,Unknown,0,0,Truck,0
DEL08631,Unknown,Unknown,0,0,Truck,0
DEL08632,Unknown,Unknown,0,0,Truck,0
DEL08633,Unknown,Unknown,0,0,Truck,0
DEL08634,Unknown,Unknown,0,0,Truck,0
DEL08635,Unknown,Unknown,0,0,Truck,0
DEL08636,Unknown,Unknown,0,0,Truck,0
DEL08637,Unknown,Unknown,0,0,Truck,0
DEL08638,Unknown,Unknown,0,0,Truck,0
DEL08639,Unknown,Unknown,0,0,Truck,0
DEL08640,Unknown,Unknown,0,0,Truck,0
DEL08641,Unknown,Unknown,0,0,Truck,0
DEL08642,Unknown,Unknown,0,0,Truck,0
DEL08643,Unknown,Unknown,0,0,Truck,0
DEL08644,Unknown,Unknown,0,0,Truck,0
DEL08645,Unknown,Unknown,0,0,Truck,0
DEL08646,Unknown,Unknown,0,0,Truck,0
DEL08647,Unknown,Unknown,0,0,Truck,0
DEL08648,Unknown,Unknown,0,0,Truck,0
DEL08649,Unknown,Unknown,0,0,Truck,0
DEL08650,Unknown,Unknown,0,0,Truck,0
DEL08651,Unknown,Unknown,0,0,Truck,0
DEL08652,Unknown,Unknown,0,0,Truck,0
DEL08653,Unknown,Unknown,0,0,Truck,0
DEL08654,Unknown,Unknown,0,0,Truck,0
DEL08655,Unknown,Unknown,0,0,Truck,0
DEL08656,Unknown,Unknown,0,0,Truck,0
DEL08657,Unknown,Unknown,0,0,Truck,0
DEL08658,Unknown,Unknown,0,0,Truck,0
DEL08659,Unknown,Unknown,0,0,Truck,0
DEL08660,Unknown,Unknown,0,0,Truck,0
DEL08661,Unknown,Unknown,0,0,Truck,0
DEL08662,Unknown,Unknown,0,0,Truck,0
DEL08663,Unknown,Unknown,0,0,Truck,0
DEL08664,Unknown,Unknown,0,0,Truck,0
DEL08665,Unknown,Unknown,0,0,Truck,0
DEL08666,Unknown,Unknown,0,0,Truck,0
DEL08667,Unknown,Unknown,0,0,Truck,0
DEL08668,Unknown,Unknown,0,0,Truck,0
DEL08669,Unknown,Unknown,0,0,Truck,0
DEL08670,Unknown,Unknown,0,0,Truck,0
DEL08671,Unknown,Unknown,0,0,Truck,0
DEL08672,Unknown,Unknown,0,0,Truck,0
DEL08673,Unknown,Unknown,0,0,Truck,0
DEL08674,Unknown,Unknown,0,0,Truck,0
DEL08675,Unknown,Unknown,0,0,Truck,0
DEL08676,Unknown,Unknown,0,0,Truck,0
DEL08677,Unknown,Unknown,0,0,Truck,0
DEL08678,Unknown,Unknown,0,0,Truck,0
DEL08679,Unknown,Unknown,0,0,Truck,0
DEL08680,Unknown,Unknown,0,0,Truck,0
DEL08681,Unknown,Unknown,0,0,Truck,0
DEL08682,Unknown,Unknown,0,0,Truck,0
DEL08683,Unknown,Unknown,0,0,Truck,0
DEL08684,Unknown,Unknown,0,0,Truck,0
DEL08685,Unknown,Unknown,0,0,Truck,0
DEL08686,Unknown,Unknown,0,0,Truck,0
DEL08687,Unknown,Unknown,0,0,Truck,0
DEL08688,Unknown,Unknown,0,0,Truck,0
DEL08689,Unknown,Unknown,0,0,Truck,0
DEL08690,Unknown,Unknown,0,0,Truck,0
DEL08691,Unknown,Unknown,0,0,Truck,0
DEL08692,Unknown,Unknown,0,0,Truck,0
DEL08693,Unknown,Unknown,0,0,Truck,0
DEL08694,Unknown,Unknown,0,0,Truck,0
DEL08695,Unknown,Unknown,0,0,Truck,0
DEL08696,Unknown,Unknown,0,0,Truck,0
DEL08697,Unknown,Unknown,0,0,Truck,0
DEL08698,Unknown,Unknown,0,0,Truck,0
DEL08699,Unknown,Unknown,0,0,Truck,0
DEL08700,Unknown,Unknown,0,0,Truck,0
DEL08701,Unknown,Unknown,0,0,Truck,0
DEL08702,Unknown,Unknown,0,0,Truck,0
DEL08703,Unknown,Unknown,0,0,Truck,0
DEL08704,Unknown,Unknown,0,0,Truck,0
DEL08705,Unknown,Unknown,0,0,Truck,0
DEL08706,Unknown,Unknown,0,0,Truck,0
DEL08707,Unknown,Unknown,0,0,Truck,0
DEL08708,Unknown,Unknown,0,0,Truck,0
DEL08709,Unknown,Unknown,0,0,Truck,0
DEL08710,Unknown,Unknown,0,0,Truck,0
DEL08711,Unknown,Unknown,0,0,Truck,0
DEL08712,Unknown,Unknown,0,0,Truck,0
DEL08713,Unknown,Unknown,0,0,Truck,0
DEL08714,Unknown,Unknown,0,0,Truck,0
DEL08715,Unknown,Unknown,0,0,Truck,0
DEL08716,Unknown,Unknown,0,0,Truck,0
DEL08717,Unknown,Unknown,0,0,Truck,0
DEL08718,Unknown,Unknown,0,0,Truck,0
DEL08719,Unknown,Unknown,0,0,Truck,0
DEL08720,Unknown,Unknown,0,0,Truck,0
DEL08721,Unknown,Unknown,0,0,Truck,0
DEL08722,Unknown,Unknown,0,0,Truck,0
DEL08723,Unknown,Unknown,0,0,Truck,0
DEL08724,Unknown,Unknown,0,0,Truck,0
DEL08725,Unknown,Unknown,0,0,Truck,0
DEL08726,Unknown,Unknown,0,0,Truck,0
DEL08727,Unknown,Unknown,0,0,Truck,0
DEL08728,Unknown,Unknown,0,0,Truck,0
DEL08729,Unknown,Unknown,0,0,Truck,0
DEL08730,Unknown,Unknown,0,0,Truck,0
DEL08731,Unknown,Unknown,0,0,Truck,0
DEL08732,Unknown,Unknown,0,0,Truck,0
DEL08733,Unknown,Unknown,0,0,Truck,0
DEL08734,Unknown,Unknown,0,0,Truck,0
DEL08735,Unknown,Unknown,0,0,Truck,0
DEL08736,Unknown,Unknown,0,0,Truck,0
DEL08737,Unknown,Unknown,0,0,Truck,0
DEL08738,Unknown,Unknown,0,0,Truck,0
DEL08739,Unknown,Unknown,0,0,Truck,0
DEL08740,Unknown,Unknown,0,0,Truck,0
DEL08741,Unknown,Unknown,0,0,Truck,0
DEL08742,Unknown,Unknown,0,0,Truck,0
DEL08743,Unknown,Unknown,0,0,Truck,0
DEL08744,Unknown,Unknown,0,0,Truck,0
DEL08745,Unknown,Unknown,0,0,Truck,0
DEL08746,Unknown,Unknown,0,0,Truck,0
DEL08747,Unknown,Unknown,0,0,Truck,0
DEL08748,Unknown,Unknown,0,0,Truck,0
DEL08749,Unknown,Unknown,0,0,Truck,0
DEL08750,Unknown,Unknown,0,0,Truck,0
DEL08751,Unknown,Unknown,0,0,Truck,0
DEL08752,Unknown,Unknown,0,0,Truck,0
DEL08753,Unknown,Unknown,0,0,Truck,0
DEL08754,Unknown,Unknown,0,0,Truck,0
DEL08755,Unknown,Unknown,0,0,Truck,0
DEL08756,Unknown,Unknown,0,0,Truck,0
DEL08757,Unknown,Unknown,0,0,Truck,0
DEL08758,Unknown,Unknown,0,0,Truck,0
DEL08759,Unknown,Unknown,0,0,Truck,0
DEL08760,Unknown,Unknown,0,0,Truck,0
DEL08761,Unknown,Unknown,0,0,Truck,0
DEL08762,Unknown,Unknown,0,0,Truck,0
DEL08763,Unknown,Unknown,0,0,Truck,0
DEL08764,Unknown,Unknown,0,0,Truck,0
DEL08765,Unknown,Unknown,0,0,Truck,0
DEL08766,Unknown,Unknown,0,0,Truck,0
DEL08767,Unknown,Unknown,0,0,Truck,0
DEL08768,Unknown,Unknown,0,0,Truck,0
DEL08769,Unknown,Unknown,0,0,Truck,0
DEL08770,Unknown,Unknown,0,0,Truck,0
DEL08771,Unknown,Unknown,0,0,Truck,0
DEL08772,Unknown,Unknown,0,0,Truck,0
DEL08773,Unknown,Unknown,0,0,Truck,0
DEL08774,Unknown,Unknown,0,0,Truck,0
DEL08775,Unknown,Unknown,0,0,Truck,0
DEL08776,Unknown,Unknown,0,0,Truck,0
DEL08777,Unknown,Unknown,0,0,Truck,0
DEL08778,Unknown,Unknown,0,0,Truck,0
DEL08779,Unknown,Unknown,0,0,Truck,0
DEL08780,Unknown,Unknown,0,0,Truck,0
DEL08781,Unknown,Unknown,0,0,Truck,0
DEL08782,Unknown,Unknown,0,0,Truck,0
DEL08783,Unknown,Unknown,0,0,Truck,0
DEL08784,Unknown,Unknown,0,0,Truck,0
DEL08785,Unknown,Unknown,0,0,Truck,0
DEL08786,Unknown,Unknown,0,0,Truck,0
DEL08787,Unknown,Unknown,0,0,Truck,0
DEL08788,Unknown,Unknown,0,0,Truck,0
DEL08789,Unknown,Unknown,0,0,Truck,0
DEL08790,Unknown,Unknown,0,0,Truck,0
DEL08791,Unknown,Unknown,0,0,Truck,0
DEL08792,Unknown,Unknown,0,0,Truck,0
DEL08793,Unknown,Unknown,0,0,Truck,0
DEL08794,Unknown,Unknown,0,0,Truck,0
DEL08795,Unknown,Unknown,0,0,Truck,0
DEL08796,Unknown,Unknown,0,0,Truck,0
DEL08797,Unknown,Unknown,0,0,Truck,0
DEL08798,Unknown,Unknown,0,0,Truck,0
DEL08799,Unknown,Unknown,0,0,Truck,0
DEL08800,Unknown,Unknown,0,0,Truck,0
DEL08801,Unknown,Unknown,0,0,Truck,0
DEL08802,Unknown,Unknown,0,0,Truck,0
DEL08803,Unknown,Unknown,0,0,Truck,0
DEL08804,Unknown,Unknown,0,0,Truck,0
DEL08805,Unknown,Unknown,0,0,Truck,0
DEL08806,Unknown,Unknown,0,0,Truck,0
DEL08807,Unknown,Unknown,0,0,Truck,0
DEL08808,Unknown,Unknown,0,0,Truck,0
DEL08809,Unknown,Unknown,0,0,Truck,0
DEL08810,Unknown,Unknown,0,0,Truck,0
DEL08811,Unknown,Unknown,0,0,Truck,0
DEL08812,Unknown,Unknown,0,0,Truck,0
DEL08813,Unknown,Unknown,0,0,Truck,0
DEL08814,Unknown,Unknown,0,0,Truck,0
DEL08815,Unknown,Unknown,0,0,Truck,0
DEL08816,Unknown,Unknown,0,0,Truck,0
DEL08817,Unknown,Unknown,0,0,Truck,0
DEL08818,Unknown,Unknown,0,0,Truck,0
DEL08819,Unknown,Unknown,0,0,Truck,0
DEL08820,Unknown,Unknown,0,0,Truck,0
DEL08821,Unknown,Unknown,0,0,Truck,0
DEL08822,Unknown,Unknown,0,0,Truck,0
DEL08823,Unknown,Unknown,0,0,Truck,0
DEL08824,Unknown,Unknown,0,0,Truck,0
DEL08825,Unknown,Unknown,0,0,Truck,0
DEL08826,Unknown,Unknown,0,0,Truck,0
DEL08827,Unknown,Unknown,0,0,Truck,0
DEL08828,Unknown,Unknown,0,0,Truck,0
DEL08829,Unknown,Unknown,0,0,Truck,0
DEL08830,Unknown,Unknown,0,0,Truck,0
DEL08831,Unknown,Unknown,0,0,Truck,0
DEL08832,Unknown,Unknown,0,0,Truck,0
DEL08833,Unknown,Unknown,0,0,Truck,0
DEL08834,Unknown,Unknown,0,0,Truck,0
DEL08835,Unknown,Unknown,0,0,Truck,0
DEL08836,Unknown,Unknown,0,0,Truck,0
DEL08837,Unknown,Unknown,0,0,Truck,0
DEL08838,Unknown,Unknown,0,0,Truck,0
DEL08839,Unknown,Unknown,0,0,Truck,0
DEL08840,Unknown,Unknown,0,0,Truck,0
DEL08841,Unknown,Unknown,0,0,Truck,0
DEL08842,Unknown,Unknown,0,0,Truck,0
DEL08843,Unknown,Unknown,0,0,Truck,0
DEL08844,Unknown,Unknown,0,0,Truck,0
DEL08845,Unknown,Unknown,0,0,Truck,0
DEL08846,Unknown,Unknown,0,0,Truck,0
DEL08847,Unknown,Unknown,0,0,Truck,0
DEL08848,Unknown,Unknown,0,0,Truck,0
DEL08849,Unknown,Unknown,0,0,Truck,0
DEL08850,Unknown,Unknown,0,0,Truck,0
DEL08851,Unknown,Unknown,0,0,Truck,0
DEL08852,Unknown,Unknown,0,0,Truck,0
DEL08853,Unknown,Unknown,0,0,Truck,0
DEL08854,Unknown,Unknown,0,0,Truck,0
DEL08855,Unknown,Unknown,0,0,Truck,0
DEL08856,Unknown,Unknown,0,0,Truck,0
DEL08857,Unknown,Unknown,0,0,Truck,0
DEL08858,Unknown,Unknown,0,0,Truck,0
DEL08859,Unknown,Unknown,0,0,Truck,0
DEL08860,Unknown,Unknown,0,0,Truck,0
DEL08861,Unknown,Unknown,0,0,Truck,0
DEL08862,Unknown,Unknown,0,0,Truck,0
DEL08863,Unknown,Unknown,0,0,Truck,0
DEL08864,Unknown,Unknown,0,0,Truck,0
DEL08865,Unknown,Unknown,0,0,Truck,0
DEL08866,Unknown,Unknown,0,0,Truck,0
DEL08867,Unknown,Unknown,0,0,Truck,0
DEL08868,Unknown,Unknown,0,0,Truck,0
DEL08869,Unknown,Unknown,0,0,Truck,0
DEL08870,Unknown,Unknown,0,0,Truck,0
DEL08871,Unknown,Unknown,0,0,Truck,0
DEL08872,Unknown,Unknown,0,0,Truck,0
DEL08873,Unknown,Unknown,0,0,Truck,0
DEL08874,Unknown,Unknown,0,0,Truck,0
DEL08875,Unknown,Unknown,0,0,Truck,0
DEL08876,Unknown,Unknown,0,0,Truck,0
DEL08877,Unknown,Unknown,0,0,Truck,0
DEL08878,Unknown,Unknown,0,0,Truck,0
DEL08879,Unknown,Unknown,0,0,Truck,0
DEL08880,Unknown,Unknown,0,0,Truck,0
DEL08881,Unknown,Unknown,0,0,Truck,0
DEL08882,Unknown,Unknown,0,0,Truck,0
DEL08883,Unknown,Unknown,0,0,Truck,0
DEL08884,Unknown,Unknown,0,0,Truck,0
DEL08885,Unknown,Unknown,0,0,Truck,0
DEL08886,Unknown,Unknown,0,0,Truck,0
DEL08887,Unknown,Unknown,0,0,Truck,0
DEL08888,Unknown,Unknown,0,0,Truck,0
DEL08889,Unknown,Unknown,0,0,Truck,0
DEL08890,Unknown,Unknown,0,0,Truck,0
DEL08891,Unknown,Unknown,0,0,Truck,0
DEL08892,Unknown,Unknown,0,0,Truck,0
DEL08893,Unknown,Unknown,0,0,Truck,0
DEL08894,Unknown,Unknown,0,0,Truck,0
DEL08895,Unknown,Unknown,0,0,Truck,0
DEL08896,Unknown,Unknown,0,0,Truck,0
DEL08897,Unknown,Unknown,0,0,Truck,0
DEL08898,Unknown,Unknown,0,0,Truck,0
DEL08899,Unknown,Unknown,0,0,Truck,0
DEL08900,Unknown,Unknown,0,0,Truck,0
DEL08901,Unknown,Unknown,0,0,Truck,0
DEL08902,Unknown,Unknown,0,0,Truck,0
DEL08903,Unknown,Unknown,0,0,Truck,0
DEL08904,Unknown,Unknown,0,0,Truck,0
DEL08905,Unknown,Unknown,0,0,Truck,0
DEL08906,Unknown,Unknown,0,0,Truck,0
DEL08907,Unknown,Unknown,0,0,Truck,0
DEL08908,Unknown,Unknown,0,0,Truck,0
DEL08909,Unknown,Unknown,0,0,Truck,0
DEL08910,Unknown,Unknown,0,0,Truck,0
DEL08911,Unknown,Unknown,0,0,Truck,0
DEL08912,Unknown,Unknown,0,0,Truck,0
DEL08913,Unknown,Unknown,0,0,Truck,0
DEL08914,Unknown,Unknown,0,0,Truck,0
DEL08915,Unknown,Unknown,0,0,Truck,0
DEL08916,Unknown,Unknown,0,0,Truck,0
DEL08917,Unknown,Unknown,0,0,Truck,0
DEL08918,Unknown,Unknown,0,0,Truck,0
DEL08919,Unknown,Unknown,0,0,Truck,0
DEL08920,Unknown,Unknown,0,0,Truck,0
DEL08921,Unknown,Unknown,0,0,Truck,0
DEL08922,Unknown,Unknown,0,0,Truck,0
DEL08923,Unknown,Unknown,0,0,Truck,0
DEL08924,Unknown,Unknown,0,0,Truck,0
DEL08925,Unknown,Unknown,0,0,Truck,0
DEL08926,Unknown,Unknown,0,0,Truck,0
DEL08927,Unknown,Unknown,0,0,Truck,0
DEL08928,Unknown,Unknown,0,0,Truck,0
DEL08929,Unknown,Unknown,0,0,Truck,0
DEL08930,Unknown,Unknown,0,0,Truck,0
DEL08931,Unknown,Unknown,0,0,Truck,0
DEL08932,Unknown,Unknown,0,0,Truck,0
DEL08933,Unknown,Unknown,0,0,Truck,0
DEL08934,Unknown,Unknown,0,0,Truck,0
DEL08935,Unknown,Unknown,0,0,Truck,0
DEL08936,Unknown,Unknown,0,0,Truck,0
DEL08937,Unknown,Unknown,0,0,Truck,0
DEL08938,Unknown,Unknown,0,0,Truck,0
DEL08939,Unknown,Unknown,0,0,Truck,0
DEL08940,Unknown,Unknown,0,0,Truck,0
DEL08941,Unknown,Unknown,0,0,Truck,0
DEL08942,Unknown,Unknown,0,0,Truck,0
DEL08943,Unknown,Unknown,0,0,Truck,0
DEL08944,Unknown,Unknown,0,0,Truck,0
DEL08945,Unknown,Unknown,0,0,Truck,0
DEL08946,Unknown,Unknown,0,0,Truck,0
DEL08947,Unknown,Unknown,0,0,Truck,0
DEL08948,Unknown,Unknown,0,0,Truck,0
DEL08949,Unknown,Unknown,0,0,Truck,0
DEL08950,Unknown,Unknown,0,0,Truck,0
DEL08951,Unknown,Unknown,0,0,Truck,0
DEL08952,Unknown,Unknown,0,0,Truck,0
DEL08953,Unknown,Unknown,0,0,Truck,0
DEL08954,Unknown,Unknown,0,0,Truck,0
DEL08955,Unknown,Unknown,0,0,Truck,0
DEL08956,Unknown,Unknown,0,0,Truck,0
DEL08957,Unknown,Unknown,0,0,Truck,0
DEL08958,Unknown,Unknown,0,0,Truck,0
DEL08959,Unknown,Unknown,0,0,Truck,0
DEL08960,Unknown,Unknown,0,0,Truck,0
DEL08961,Unknown,Unknown,0,0,Truck,0
DEL08962,Unknown,Unknown,0,0,Truck,0
DEL08963,Unknown,Unknown,0,0,Truck,0
DEL08964,Unknown,Unknown,0,0,Truck,0
DEL08965,Unknown,Unknown,0,0,Truck,0
DEL08966,Unknown,Unknown,0,0,Truck,0
DEL08967,Unknown,Unknown,0,0,Truck,0
DEL08968,Unknown,Unknown,0,0,Truck,0
DEL08969,Unknown,Unknown,0,0,Truck,0
DEL08970,Unknown,Unknown,0,0,Truck,0
DEL08971,Unknown,Unknown,0,0,Truck,0
DEL08972,Unknown,Unknown,0,0,Truck,0
DEL08973,Unknown,Unknown,0,0,Truck,0
DEL08974,Unknown,Unknown,0,0,Truck,0
DEL08975,Unknown,Unknown,0,0,Truck,0
DEL08976,Unknown,Unknown,0,0,Truck,0
DEL08977,Unknown,Unknown,0,0,Truck,0
DEL08978,Unknown,Unknown,0,0,Truck,0
DEL08979,Unknown,Unknown,0,0,Truck,0
DEL08980,Unknown,Unknown,0,0,Truck,0
DEL08981,Unknown,Unknown,0,0,Truck,0
DEL08982,Unknown,Unknown,0,0,Truck,0
DEL08983,Unknown,Unknown,0,0,Truck,0
DEL08984,Unknown,Unknown,0,0,Truck,0
DEL08985,Unknown,Unknown,0,0,Truck,0
DEL08986,Unknown,Unknown,0,0,Truck,0
DEL08987,Unknown,Unknown,0,0,Truck,0
DEL08988,Unknown,Unknown,0,0,Truck,0
DEL08989,Unknown,Unknown,0,0,Truck,0
DEL08990,Unknown,Unknown,0,0,Truck,0
DEL08991,Unknown,Unknown,0,0,Truck,0
DEL08992,Unknown,Unknown,0,0,Truck,0
DEL08993,Unknown,Unknown,0,0,Truck,0
DEL08994,Unknown,Unknown,0,0,Truck,0
DEL08995,Unknown,Unknown,0,0,Truck,0
DEL08996,Unknown,Unknown,0,0,Truck,0
DEL08997,Unknown,Unknown,0,0,Truck,0
DEL08998,Unknown,Unknown,0,0,Truck,0
DEL08999,Unknown,Unknown,0,0,Truck,0
DEL09000,Unknown,Unknown,0,0,Truck,0
DEL09001,Unknown,Unknown,0,0,Truck,0
DEL09002,Unknown,Unknown,0,0,Truck,0
DEL09003,Unknown,Unknown,0,0,Truck,0
DEL09004,Unknown,Unknown,0,0,Truck,0
DEL09005,Unknown,Unknown,0,0,Truck,0
DEL09006,Unknown,Unknown,0,0,Truck,0
DEL09007,Unknown,Unknown,0,0,Truck,0
DEL09008,Unknown,Unknown,0,0,Truck,0
DEL09009,Unknown,Unknown,0,0,Truck,0
DEL09010,Unknown,Unknown,0,0,Truck,0
DEL09011,Unknown,Unknown,0,0,Truck,0
DEL09012,Unknown,Unknown,0,0,Truck,0
DEL09013,Unknown,Unknown,0,0,Truck,0
DEL09014,Unknown,Unknown,0,0,Truck,0
DEL09015,Unknown,Unknown,0,0,Truck,0
DEL09016,Unknown,Unknown,0,0,Truck,0
DEL09017,Unknown,Unknown,0,0,Truck,0
DEL09018,Unknown,Unknown,0,0,Truck,0
DEL09019,Unknown,Unknown,0,0,Truck,0
DEL09020,Unknown,Unknown,0,0,Truck,0
DEL09021,Unknown,Unknown,0,0,Truck,0
DEL09022,Unknown,Unknown,0,0,Truck,0
DEL09023,Unknown,Unknown,0,0,Truck,0
DEL09024,Unknown,Unknown,0,0,Truck,0
DEL09025,Unknown,Unknown,0,0,Truck,0
DEL09026,Unknown,Unknown,0,0,Truck,0
DEL09027,Unknown,Unknown,0,0,Truck,0
DEL09028,Unknown,Unknown,0,0,Truck,0
DEL09029,Unknown,Unknown,0,0,Truck,0
DEL09030,Unknown,Unknown,0,0,Truck,0
DEL09031,Unknown,Unknown,0,0,Truck,0
DEL09032,Unknown,Unknown,0,0,Truck,0
DEL09033,Unknown,Unknown,0,0,Truck,0
DEL09034,Unknown,Unknown,0,0,Truck,0
DEL09035,Unknown,Unknown,0,0,Truck,0
DEL09036,Unknown,Unknown,0,0,Truck,0
DEL09037,Unknown,Unknown,0,0,Truck,0
DEL09038,Unknown,Unknown,0,0,Truck,0
DEL09039,Unknown,Unknown,0,0,Truck,0
DEL09040,Unknown,Unknown,0,0,Truck,0
DEL09041,Unknown,Unknown,0,0,Truck,0
DEL09042,Unknown,Unknown,0,0,Truck,0
DEL09043,Unknown,Unknown,0,0,Truck,0
DEL09044,Unknown,Unknown,0,0,Truck,0
DEL09045,Unknown,Unknown,0,0,Truck,0
DEL09046,Unknown,Unknown,0,0,Truck,0
DEL09047,Unknown,Unknown,0,0,Truck,0
DEL09048,Unknown,Unknown,0,0,Truck,0
DEL09049,Unknown,Unknown,0,0,Truck,0
DEL09050,Unknown,Unknown,0,0,Truck,0
DEL09051,Unknown,Unknown,0,0,Truck,0
DEL09052,Unknown,Unknown,0,0,Truck,0
DEL09053,Unknown,Unknown,0,0,Truck,0
DEL09054,Unknown,Unknown,0,0,Truck,0
DEL09055,Unknown,Unknown,0,0,Truck,0
DEL09056,Unknown,Unknown,0,0,Truck,0
DEL09057,Unknown,Unknown,0,0,Truck,0
DEL09058,Unknown,Unknown,0,0,Truck,0
DEL09059,Unknown,Unknown,0,0,Truck,0
DEL09060,Unknown,Unknown,0,0,Truck,0
DEL09061,Unknown,Unknown,0,0,Truck,0
DEL09062,Unknown,Unknown,0,0,Truck,0
DEL09063,Unknown,Unknown,0,0,Truck,0
DEL09064,Unknown,Unknown,0,0,Truck,0
DEL09065,Unknown,Unknown,0,0,Truck,0
DEL09066,Unknown,Unknown,0,0,Truck,0
DEL09067,Unknown,Unknown,0,0,Truck,0
DEL09068,Unknown,Unknown,0,0,Truck,0
DEL09069,Unknown,Unknown,0,0,Truck,0
DEL09070,Unknown,Unknown,0,0,Truck,0
DEL09071,Unknown,Unknown,0,0,Truck,0
DEL09072,Unknown,Unknown,0,0,Truck,0
DEL09073,Unknown,Unknown,0,0,Truck,0
DEL09074,Unknown,Unknown,0,0,Truck,0
DEL09075,Unknown,Unknown,0,0,Truck,0
DEL09076,Unknown,Unknown,0,0,Truck,0
DEL09077,Unknown,Unknown,0,0,Truck,0
DEL09078,Unknown,Unknown,0,0,Truck,0
DEL09079,Unknown,Unknown,0,0,Truck,0
DEL09080,Unknown,Unknown,0,0,Truck,0
DEL09081,Unknown,Unknown,0,0,Truck,0
DEL09082,Unknown,Unknown,0,0,Truck,0
DEL09083,Unknown,Unknown,0,0,Truck,0
DEL09084,Unknown,Unknown,0,0,Truck,0
DEL09085,Unknown,Unknown,0,0,Truck,0
DEL09086,Unknown,Unknown,0,0,Truck,0
DEL09087,Unknown,Unknown,0,0,Truck,0
DEL09088,Unknown,Unknown,0,0,Truck,0
DEL09089,Unknown,Unknown,0,0,Truck,0
DEL09090,Unknown,Unknown,0,0,Truck,0
DEL09091,Unknown,Unknown,0,0,Truck,0
DEL09092,Unknown,Unknown,0,0,Truck,0
DEL09093,Unknown,Unknown,0,0,Truck,0
DEL09094,Unknown,Unknown,0,0,Truck,0
DEL09095,Unknown,Unknown,0,0,Truck,0
DEL09096,Unknown,Unknown,0,0,Truck,0
DEL09097,Unknown,Unknown,0,0,Truck,0
DEL09098,Unknown,Unknown,0,0,Truck,0
DEL09099,Unknown,Unknown,0,0,Truck,0
DEL09100,Unknown,Unknown,0,0,Truck,0
DEL09101,Unknown,Unknown,0,0,Truck,0
DEL09102,Unknown,Unknown,0,0,Truck,0
DEL09103,Unknown,Unknown,0,0,Truck,0
DEL09104,Unknown,Unknown,0,0,Truck,0
DEL09105,Unknown,Unknown,0,0,Truck,0
DEL09106,Unknown,Unknown,0,0,Truck,0
DEL09107,Unknown,Unknown,0,0,Truck,0
DEL09108,Unknown,Unknown,0,0,Truck,0
DEL09109,Unknown,Unknown,0,0,Truck,0
DEL09110,Unknown,Unknown,0,0,Truck,0
DEL09111,Unknown,Unknown,0,0,Truck,0
DEL09112,Unknown,Unknown,0,0,Truck,0
DEL09113,Unknown,Unknown,0,0,Truck,0
DEL09114,Unknown,Unknown,0,0,Truck,0
DEL09115,Unknown,Unknown,0,0,Truck,0
DEL09116,Unknown,Unknown,0,0,Truck,0
DEL09117,Unknown,Unknown,0,0,Truck,0
DEL09118,Unknown,Unknown,0,0,Truck,0
DEL09119,Unknown,Unknown,0,0,Truck,0
DEL09120,Unknown,Unknown,0,0,Truck,0
DEL09121,Unknown,Unknown,0,0,Truck,0
DEL09122,Unknown,Unknown,0,0,Truck,0
DEL09123,Unknown,Unknown,0,0,Truck,0
DEL09124,Unknown,Unknown,0,0,Truck,0
DEL09125,Unknown,Unknown,0,0,Truck,0
DEL09126,Unknown,Unknown,0,0,Truck,0
DEL09127,Unknown,Unknown,0,0,Truck,0
DEL09128,Unknown,Unknown,0,0,Truck,0
DEL09129,Unknown,Unknown,0,0,Truck,0
DEL09130,Unknown,Unknown,0,0,Truck,0
DEL09131,Unknown,Unknown,0,0,Truck,0
DEL09132,Unknown,Unknown,0,0,Truck,0
DEL09133,Unknown,Unknown,0,0,Truck,0
DEL09134,Unknown,Unknown,0,0,Truck,0
DEL09135,Unknown,Unknown,0,0,Truck,0
DEL09136,Unknown,Unknown,0,0,Truck,0
DEL09137,Unknown,Unknown,0,0,Truck,0
DEL09138,Unknown,Unknown,0,0,Truck,0
DEL09139,Unknown,Unknown,0,0,Truck,0
DEL09140,Unknown,Unknown,0,0,Truck,0
DEL09141,Unknown,Unknown,0,0,Truck,0
DEL09142,Unknown,Unknown,0,0,Truck,0
DEL09143,Unknown,Unknown,0,0,Truck,0
DEL09144,Unknown,Unknown,0,0,Truck,0
DEL09145,Unknown,Unknown,0,0,Truck,0
DEL09146,Unknown,Unknown,0,0,Truck,0
DEL09147,Unknown,Unknown,0,0,Truck,0
DEL09148,Unknown,Unknown,0,0,Truck,0
DEL09149,Unknown,Unknown,0,0,Truck,0
DEL09150,Unknown,Unknown,0,0,Truck,0
DEL09151,Unknown,Unknown,0,0,Truck,0
DEL09152,Unknown,Unknown,0,0,Truck,0
DEL09153,Unknown,Unknown,0,0,Truck,0
DEL09154,Unknown,Unknown,0,0,Truck,0
DEL09155,Unknown,Unknown,0,0,Truck,0
DEL09156,Unknown,Unknown,0,0,Truck,0
DEL09157,Unknown,Unknown,0,0,Truck,0
DEL09158,Unknown,Unknown,0,0,Truck,0
DEL09159,Unknown,Unknown,0,0,Truck,0
DEL09160,Unknown,Unknown,0,0,Truck,0
DEL09161,Unknown,Unknown,0,0,Truck,0
DEL09162,Unknown,Unknown,0,0,Truck,0
DEL09163,Unknown,Unknown,0,0,Truck,0
DEL09164,Unknown,Unknown,0,0,Truck,0
DEL09165,Unknown,Unknown,0,0,Truck,0
DEL09166,Unknown,Unknown,0,0,Truck,0
DEL09167,Unknown,Unknown,0,0,Truck,0
DEL09168,Unknown,Unknown,0,0,Truck,0
DEL09169,Unknown,Unknown,0,0,Truck,0
DEL09170,Unknown,Unknown,0,0,Truck,0
DEL09171,Unknown,Unknown,0,0,Truck,0
DEL09172,Unknown,Unknown,0,0,Truck,0
DEL09173,Unknown,Unknown,0,0,Truck,0
DEL09174,Unknown,Unknown,0,0,Truck,0
DEL09175,Unknown,Unknown,0,0,Truck,0
DEL09176,Unknown,Unknown,0,0,Truck,0
DEL09177,Unknown,Unknown,0,0,Truck,0
DEL09178,Unknown,Unknown,0,0,Truck,0
DEL09179,Unknown,Unknown,0,0,Truck,0
DEL09180,Unknown,Unknown,0,0,Truck,0
DEL09181,Unknown,Unknown,0,0,Truck,0
DEL09182,Unknown,Unknown,0,0,Truck,0
DEL09183,Unknown,Unknown,0,0,Truck,0
DEL09184,Unknown,Unknown,0,0,Truck,0
DEL09185,Unknown,Unknown,0,0,Truck,0
DEL09186,Unknown,Unknown,0,0,Truck,0
DEL09187,Unknown,Unknown,0,0,Truck,0
DEL09188,Unknown,Unknown,0,0,Truck,0
DEL09189,Unknown,Unknown,0,0,Truck,0
DEL09190,Unknown,Unknown,0,0,Truck,0
DEL09191,Unknown,Unknown,0,0,Truck,0
DEL09192,Unknown,Unknown,0,0,Truck,0
DEL09193,Unknown,Unknown,0,0,Truck,0
DEL09194,Unknown,Unknown,0,0,Truck,0
DEL09195,Unknown,Unknown,0,0,Truck,0
DEL09196,Unknown,Unknown,0,0,Truck,0
DEL09197,Unknown,Unknown,0,0,Truck,0
DEL09198,Unknown,Unknown,0,0,Truck,0
DEL09199,Unknown,Unknown,0,0,Truck,0
DEL09200,Unknown,Unknown,0,0,Truck,0
DEL09201,Unknown,Unknown,0,0,Truck,0
DEL09202,Unknown,Unknown,0,0,Truck,0
DEL09203,Unknown,Unknown,0,0,Truck,0
DEL09204,Unknown,Unknown,0,0,Truck,0
DEL09205,Unknown,Unknown,0,0,Truck,0
DEL09206,Unknown,Unknown,0,0,Truck,0
DEL09207,Unknown,Unknown,0,0,Truck,0
DEL09208,Unknown,Unknown,0,0,Truck,0
DEL09209,Unknown,Unknown,0,0,Truck,0
DEL09210,Unknown,Unknown,0,0,Truck,0
DEL09211,Unknown,Unknown,0,0,Truck,0
DEL09212,Unknown,Unknown,0,0,Truck,0
DEL09213,Unknown,Unknown,0,0,Truck,0
DEL09214,Unknown,Unknown,0,0,Truck,0
DEL09215,Unknown,Unknown,0,0,Truck,0
DEL09216,Unknown,Unknown,0,0,Truck,0
DEL09217,Unknown,Unknown,0,0,Truck,0
DEL09218,Unknown,Unknown,0,0,Truck,0
DEL09219,Unknown,Unknown,0,0,Truck,0
DEL09220,Unknown,Unknown,0,0,Truck,0
DEL09221,Unknown,Unknown,0,0,Truck,0
DEL09222,Unknown,Unknown,0,0,Truck,0
DEL09223,Unknown,Unknown,0,0,Truck,0
DEL09224,Unknown,Unknown,0,0,Truck,0
DEL09225,Unknown,Unknown,0,0,Truck,0
DEL09226,Unknown,Unknown,0,0,Truck,0
DEL09227,Unknown,Unknown,0,0,Truck,0
DEL09228,Unknown,Unknown,0,0,Truck,0
DEL09229,Unknown,Unknown,0,0,Truck,0
DEL09230,Unknown,Unknown,0,0,Truck,0
DEL09231,Unknown,Unknown,0,0,Truck,0
DEL09232,Unknown,Unknown,0,0,Truck,0
DEL09233,Unknown,Unknown,0,0,Truck,0
DEL09234,Unknown,Unknown,0,0,Truck,0
DEL09235,Unknown,Unknown,0,0,Truck,0
DEL09236,Unknown,Unknown,0,0,Truck,0
DEL09237,Unknown,Unknown,0,0,Truck,0
DEL09238,Unknown,Unknown,0,0,Truck,0
DEL09239,Unknown,Unknown,0,0,Truck,0
DEL09240,Unknown,Unknown,0,0,Truck,0
DEL09241,Unknown,Unknown,0,0,Truck,0
DEL09242,Unknown,Unknown,0,0,Truck,0
DEL09243,Unknown,Unknown,0,0,Truck,0
DEL09244,Unknown,Unknown,0,0,Truck,0
DEL09245,Unknown,Unknown,0,0,Truck,0
DEL09246,Unknown,Unknown,0,0,Truck,0
DEL09247,Unknown,Unknown,0,0,Truck,0
DEL09248,Unknown,Unknown,0,0,Truck,0
DEL09249,Unknown,Unknown,0,0,Truck,0
DEL09250,Unknown,Unknown,0,0,Truck,0
DEL09251,Unknown,Unknown,0,0,Truck,0
DEL09252,Unknown,Unknown,0,0,Truck,0
DEL09253,Unknown,Unknown,0,0,Truck,0
DEL09254,Unknown,Unknown,0,0,Truck,0
DEL09255,Unknown,Unknown,0,0,Truck,0
DEL09256,Unknown,Unknown,0,0,Truck,0
DEL09257,Unknown,Unknown,0,0,Truck,0
DEL09258,Unknown,Unknown,0,0,Truck,0
DEL09259,Unknown,Unknown,0,0,Truck,0
DEL09260,Unknown,Unknown,0,0,Truck,0
DEL09261,Unknown,Unknown,0,0,Truck,0
DEL09262,Unknown,Unknown,0,0,Truck,0
DEL09263,Unknown,Unknown,0,0,Truck,0
DEL09264,Unknown,Unknown,0,0,Truck,0
DEL09265,Unknown,Unknown,0,0,Truck,0
DEL09266,Unknown,Unknown,0,0,Truck,0
DEL09267,Unknown,Unknown,0,0,Truck,0
DEL09268,Unknown,Unknown,0,0,Truck,0
DEL09269,Unknown,Unknown,0,0,Truck,0
DEL09270,Unknown,Unknown,0,0,Truck,0
DEL09271,Unknown,Unknown,0,0,Truck,0
DEL09272,Unknown,Unknown,0,0,Truck,0
DEL09273,Unknown,Unknown,0,0,Truck,0
DEL09274,Unknown,Unknown,0,0,Truck,0
DEL09275,Unknown,Unknown,0,0,Truck,0
DEL09276,Unknown,Unknown,0,0,Truck,0
DEL09277,Unknown,Unknown,0,0,Truck,0
DEL09278,Unknown,Unknown,0,0,Truck,0
DEL09279,Unknown,Unknown,0,0,Truck,0
DEL09280,Unknown,Unknown,0,0,Truck,0
DEL09281,Unknown,Unknown,0,0,Truck,0
DEL09282,Unknown,Unknown,0,0,Truck,0
DEL09283,Unknown,Unknown,0,0,Truck,0
DEL09284,Unknown,Unknown,0,0,Truck,0
DEL09285,Unknown,Unknown,0,0,Truck,0
DEL09286,Unknown,Unknown,0,0,Truck,0
DEL09287,Unknown,Unknown,0,0,Truck,0
DEL09288,Unknown,Unknown,0,0,Truck,0
DEL09289,Unknown,Unknown,0,0,Truck,0
DEL09290,Unknown,Unknown,0,0,Truck,0
DEL09291,Unknown,Unknown,0,0,Truck,0
DEL09292,Unknown,Unknown,0,0,Truck,0
DEL09293,Unknown,Unknown,0,0,Truck,0
DEL09294,Unknown,Unknown,0,0,Truck,0
DEL09295,Unknown,Unknown,0,0,Truck,0
DEL09296,Unknown,Unknown,0,0,Truck,0
DEL09297,Unknown,Unknown,0,0,Truck,0
DEL09298,Unknown,Unknown,0,0,Truck,0
DEL09299,Unknown,Unknown,0,0,Truck,0
DEL09300,Unknown,Unknown,0,0,Truck,0
DEL09301,Unknown,Unknown,0,0,Truck,0
DEL09302,Unknown,Unknown,0,0,Truck,0
DEL09303,Unknown,Unknown,0,0,Truck,0
DEL09304,Unknown,Unknown,0,0,Truck,0
DEL09305,Unknown,Unknown,0,0,Truck,0
DEL09306,Unknown,Unknown,0,0,Truck,0
DEL09307,Unknown,Unknown,0,0,Truck,0
DEL09308,Unknown,Unknown,0,0,Truck,0
DEL09309,Unknown,Unknown,0,0,Truck,0
DEL09310,Unknown,Unknown,0,0,Truck,0
DEL09311,Unknown,Unknown,0,0,Truck,0
DEL09312,Unknown,Unknown,0,0,Truck,0
DEL09313,Unknown,Unknown,0,0,Truck,0
DEL09314,Unknown,Unknown,0,0,Truck,0
DEL09315,Unknown,Unknown,0,0,Truck,0
DEL09316,Unknown,Unknown,0,0,Truck,0
DEL09317,Unknown,Unknown,0,0,Truck,0
DEL09318,Unknown,Unknown,0,0,Truck,0
DEL09319,Unknown,Unknown,0,0,Truck,0
DEL09320,Unknown,Unknown,0,0,Truck,0
DEL09321,Unknown,Unknown,0,0,Truck,0
DEL09322,Unknown,Unknown,0,0,Truck,0
DEL09323,Unknown,Unknown,0,0,Truck,0
DEL09324,Unknown,Unknown,0,0,Truck,0
DEL09325,Unknown,Unknown,0,0,Truck,0
DEL09326,Unknown,Unknown,0,0,Truck,0
DEL09327,Unknown,Unknown,0,0,Truck,0
DEL09328,Unknown,Unknown,0,0,Truck,0
DEL09329,Unknown,Unknown,0,0,Truck,0
DEL09330,Unknown,Unknown,0,0,Truck,0
DEL09331,Unknown,Unknown,0,0,Truck,0
DEL09332,Unknown,Unknown,0,0,Truck,0
DEL09333,Unknown,Unknown,0,0,Truck,0
DEL09334,Unknown,Unknown,0,0,Truck,0
DEL09335,Unknown,Unknown,0,0,Truck,0
DEL09336,Unknown,Unknown,0,0,Truck,0
DEL09337,Unknown,Unknown,0,0,Truck,0
DEL09338,Unknown,Unknown,0,0,Truck,0
DEL09339,Unknown,Unknown,0,0,Truck,0
DEL09340,Unknown,Unknown,0,0,Truck,0
DEL09341,Unknown,Unknown,0,0,Truck,0
DEL09342,Unknown,Unknown,0,0,Truck,0
DEL09343,Unknown,Unknown,0,0,Truck,0
DEL09344,Unknown,Unknown,0,0,Truck,0
DEL09345,Unknown,Unknown,0,0,Truck,0
DEL09346,Unknown,Unknown,0,0,Truck,0
DEL09347,Unknown,Unknown,0,0,Truck,0
DEL09348,Unknown,Unknown,0,0,Truck,0
DEL09349,Unknown,Unknown,0,0,Truck,0
DEL09350,Unknown,Unknown,0,0,Truck,0
DEL09351,Unknown,Unknown,0,0,Truck,0
DEL09352,Unknown,Unknown,0,0,Truck,0
DEL09353,Unknown,Unknown,0,0,Truck,0
DEL09354,Unknown,Unknown,0,0,Truck,0
DEL09355,Unknown,Unknown,0,0,Truck,0
DEL09356,Unknown,Unknown,0,0,Truck,0
DEL09357,Unknown,Unknown,0,0,Truck,0
DEL09358,Unknown,Unknown,0,0,Truck,0
DEL09359,Unknown,Unknown,0,0,Truck,0
DEL09360,Unknown,Unknown,0,0,Truck,0
DEL09361,Unknown,Unknown,0,0,Truck,0
DEL09362,Unknown,Unknown,0,0,Truck,0
DEL09363,Unknown,Unknown,0,0,Truck,0
DEL09364,Unknown,Unknown,0,0,Truck,0
DEL09365,Unknown,Unknown,0,0,Truck,0
DEL09366,Unknown,Unknown,0,0,Truck,0
DEL09367,Unknown,Unknown,0,0,Truck,0
DEL09368,Unknown,Unknown,0,0,Truck,0
DEL09369,Unknown,Unknown,0,0,Truck,0
DEL09370,Unknown,Unknown,0,0,Truck,0
DEL09371,Unknown,Unknown,0,0,Truck,0
DEL09372,Unknown,Unknown,0,0,Truck,0
DEL09373,Unknown,Unknown,0,0,Truck,0
DEL09374,Unknown,Unknown,0,0,Truck,0
DEL09375,Unknown,Unknown,0,0,Truck,0
DEL09376,Unknown,Unknown,0,0,Truck,0
DEL09377,Unknown,Unknown,0,0,Truck,0
DEL09378,Unknown,Unknown,0,0,Truck,0
DEL09379,Unknown,Unknown,0,0,Truck,0
DEL09380,Unknown,Unknown,0,0,Truck,0
DEL09381,Unknown,Unknown,0,0,Truck,0
DEL09382,Unknown,Unknown,0,0,Truck,0
DEL09383,Unknown,Unknown,0,0,Truck,0
DEL09384,Unknown,Unknown,0,0,Truck,0
DEL09385,Unknown,Unknown,0,0,Truck,0
DEL09386,Unknown,Unknown,0,0,Truck,0
DEL09387,Unknown,Unknown,0,0,Truck,0
DEL09388,Unknown,Unknown,0,0,Truck,0
DEL09389,Unknown,Unknown,0,0,Truck,0
DEL09390,Unknown,Unknown,0,0,Truck,0
DEL09391,Unknown,Unknown,0,0,Truck,0
DEL09392,Unknown,Unknown,0,0,Truck,0
DEL09393,Unknown,Unknown,0,0,Truck,0
DEL09394,Unknown,Unknown,0,0,Truck,0
DEL09395,Unknown,Unknown,0,0,Truck,0
DEL09396,Unknown,Unknown,0,0,Truck,0
DEL09397,Unknown,Unknown,0,0,Truck,0
DEL09398,Unknown,Unknown,0,0,Truck,0
DEL09399,Unknown,Unknown,0,0,Truck,0
DEL09400,Unknown,Unknown,0,0,Truck,0
DEL09401,Unknown,Unknown,0,0,Truck,0
DEL09402,Unknown,Unknown,0,0,Truck,0
DEL09403,Unknown,Unknown,0,0,Truck,0
DEL09404,Unknown,Unknown,0,0,Truck,0
DEL09405,Unknown,Unknown,0,0,Truck,0
DEL09406,Unknown,Unknown,0,0,Truck,0
DEL09407,Unknown,Unknown,0,0,Truck,0
DEL09408,Unknown,Unknown,0,0,Truck,0
DEL09409,Unknown,Unknown,0,0,Truck,0
DEL09410,Unknown,Unknown,0,0,Truck,0
DEL09411,Unknown,Unknown,0,0,Truck,0
DEL09412,Unknown,Unknown,0,0,Truck,0
DEL09413,Unknown,Unknown,0,0,Truck,0
DEL09414,Unknown,Unknown,0,0,Truck,0
DEL09415,Unknown,Unknown,0,0,Truck,0
DEL09416,Unknown,Unknown,0,0,Truck,0
DEL09417,Unknown,Unknown,0,0,Truck,0
DEL09418,Unknown,Unknown,0,0,Truck,0
DEL09419,Unknown,Unknown,0,0,Truck,0
DEL09420,Unknown,Unknown,0,0,Truck,0
DEL09421,Unknown,Unknown,0,0,Truck,0
DEL09422,Unknown,Unknown,0,0,Truck,0
DEL09423,Unknown,Unknown,0,0,Truck,0
DEL09424,Unknown,Unknown,0,0,Truck,0
DEL09425,Unknown,Unknown,0,0,Truck,0
DEL09426,Unknown,Unknown,0,0,Truck,0
DEL09427,Unknown,Unknown,0,0,Truck,0
DEL09428,Unknown,Unknown,0,0,Truck,0
DEL09429,Unknown,Unknown,0,0,Truck,0
DEL09430,Unknown,Unknown,0,0,Truck,0
DEL09431,Unknown,Unknown,0,0,Truck,0
DEL09432,Unknown,Unknown,0,0,Truck,0
DEL09433,Unknown,Unknown,0,0,Truck,0
DEL09434,Unknown,Unknown,0,0,Truck,0
DEL09435,Unknown,Unknown,0,0,Truck,0
DEL09436,Unknown,Unknown,0,0,Truck,0
DEL09437,Unknown,Unknown,0,0,Truck,0
DEL09438,Unknown,Unknown,0,0,Truck,0
DEL09439,Unknown,Unknown,0,0,Truck,0
DEL09440,Unknown,Unknown,0,0,Truck,0
DEL09441,Unknown,Unknown,0,0,Truck,0
DEL09442,Unknown,Unknown,0,0,Truck,0
DEL09443,Unknown,Unknown,0,0,Truck,0
DEL09444,Unknown,Unknown,0,0,Truck,0
DEL09445,Unknown,Unknown,0,0,Truck,0
DEL09446,Unknown,Unknown,0,0,Truck,0
DEL09447,Unknown,Unknown,0,0,Truck,0
DEL09448,Unknown,Unknown,0,0,Truck,0
DEL09449,Unknown,Unknown,0,0,Truck,0
DEL09450,Unknown,Unknown,0,0,Truck,0
DEL09451,Unknown,Unknown,0,0,Truck,0
DEL09452,Unknown,Unknown,0,0,Truck,0
DEL09453,Unknown,Unknown,0,0,Truck,0
DEL09454,Unknown,Unknown,0,0,Truck,0
DEL09455,Unknown,Unknown,0,0,Truck,0
DEL09456,Unknown,Unknown,0,0,Truck,0
DEL09457,Unknown,Unknown,0,0,Truck,0
DEL09458,Unknown,Unknown,0,0,Truck,0
DEL09459,Unknown,Unknown,0,0,Truck,0
DEL09460,Unknown,Unknown,0,0,Truck,0
DEL09461,Unknown,Unknown,0,0,Truck,0
DEL09462,Unknown,Unknown,0,0,Truck,0
DEL09463,Unknown,Unknown,0,0,Truck,0
DEL09464,Unknown,Unknown,0,0,Truck,0
DEL09465,Unknown,Unknown,0,0,Truck,0
DEL09466,Unknown,Unknown,0,0,Truck,0
DEL09467,Unknown,Unknown,0,0,Truck,0
DEL09468,Unknown,Unknown,0,0,Truck,0
DEL09469,Unknown,Unknown,0,0,Truck,0
DEL09470,Unknown,Unknown,0,0,Truck,0
DEL09471,Unknown,Unknown,0,0,Truck,0
DEL09472,Unknown,Unknown,0,0,Truck,0
DEL09473,Unknown,Unknown,0,0,Truck,0
DEL09474,Unknown,Unknown,0,0,Truck,0
DEL09475,Unknown,Unknown,0,0,Truck,0
DEL09476,Unknown,Unknown,0,0,Truck,0
DEL09477,Unknown,Unknown,0,0,Truck,0
DEL09478,Unknown,Unknown,0,0,Truck,0
DEL09479,Unknown,Unknown,0,0,Truck,0
DEL09480,Unknown,Unknown,0,0,Truck,0
DEL09481,Unknown,Unknown,0,0,Truck,0
DEL09482,Unknown,Unknown,0,0,Truck,0
DEL09483,Unknown,Unknown,0,0,Truck,0
DEL09484,Unknown,Unknown,0,0,Truck,0
DEL09485,Unknown,Unknown,0,0,Truck,0
DEL09486,Unknown,Unknown,0,0,Truck,0
DEL09487,Unknown,Unknown,0,0,Truck,0
DEL09488,Unknown,Unknown,0,0,Truck,0
DEL09489,Unknown,Unknown,0,0,Truck,0
DEL09490,Unknown,Unknown,0,0,Truck,0
DEL09491,Unknown,Unknown,0,0,Truck,0
DEL09492,Unknown,Unknown,0,0,Truck,0
DEL09493,Unknown,Unknown,0,0,Truck,0
DEL09494,Unknown,Unknown,0,0,Truck,0
DEL09495,Unknown,Unknown,0,0,Truck,0
DEL09496,Unknown,Unknown,0,0,Truck,0
DEL09497,Unknown,Unknown,0,0,Truck,0
DEL09498,Unknown,Unknown,0,0,Truck,0
DEL09499,Unknown,Unknown,0,0,Truck,0
DEL09500,Unknown,Unknown,0,0,Truck,0
DEL09501,Unknown,Unknown,0,0,Truck,0
DEL09502,Unknown,Unknown,0,0,Truck,0
DEL09503,Unknown,Unknown,0,0,Truck,0
DEL09504,Unknown,Unknown,0,0,Truck,0
DEL09505,Unknown,Unknown,0,0,Truck,0
DEL09506,Unknown,Unknown,0,0,Truck,0
DEL09507,Unknown,Unknown,0,0,Truck,0
DEL09508,Unknown,Unknown,0,0,Truck,0
DEL09509,Unknown,Unknown,0,0,Truck,0
DEL09510,Unknown,Unknown,0,0,Truck,0
DEL09511,Unknown,Unknown,0,0,Truck,0
DEL09512,Unknown,Unknown,0,0,Truck,0
DEL09513,Unknown,Unknown,0,0,Truck,0
DEL09514,Unknown,Unknown,0,0,Truck,0
DEL09515,Unknown,Unknown,0,0,Truck,0
DEL09516,Unknown,Unknown,0,0,Truck,0
DEL09517,Unknown,Unknown,0,0,Truck,0
DEL09518,Unknown,Unknown,0,0,Truck,0
DEL09519,Unknown,Unknown,0,0,Truck,0
DEL09520,Unknown,Unknown,0,0,Truck,0
DEL09521,Unknown,Unknown,0,0,Truck,0
DEL09522,Unknown,Unknown,0,0,Truck,0
DEL09523,Unknown,Unknown,0,0,Truck,0
DEL09524,Unknown,Unknown,0,0,Truck,0
DEL09525,Unknown,Unknown,0,0,Truck,0
DEL09526,Unknown,Unknown,0,0,Truck,0
DEL09527,Unknown,Unknown,0,0,Truck,0
DEL09528,Unknown,Unknown,0,0,Truck,0
DEL09529,Unknown,Unknown,0,0,Truck,0
DEL09530,Unknown,Unknown,0,0,Truck,0
DEL09531,Unknown,Unknown,0,0,Truck,0
DEL09532,Unknown,Unknown,0,0,Truck,0
DEL09533,Unknown,Unknown,0,0,Truck,0
DEL09534,Unknown,Unknown,0,0,Truck,0
DEL09535,Unknown,Unknown,0,0,Truck,0
DEL09536,Unknown,Unknown,0,0,Truck,0
DEL09537,Unknown,Unknown,0,0,Truck,0
DEL09538,Unknown,Unknown,0,0,Truck,0
DEL09539,Unknown,Unknown,0,0,Truck,0
DEL09540,Unknown,Unknown,0,0,Truck,0
DEL09541,Unknown,Unknown,0,0,Truck,0
DEL09542,Unknown,Unknown,0,0,Truck,0
DEL09543,Unknown,Unknown,0,0,Truck,0
DEL09544,Unknown,Unknown,0,0,Truck,0
DEL09545,Unknown,Unknown,0,0,Truck,0
DEL09546,Unknown,Unknown,0,0,Truck,0
DEL09547,Unknown,Unknown,0,0,Truck,0
DEL09548,Unknown,Unknown,0,0,Truck,0
DEL09549,Unknown,Unknown,0,0,Truck,0
DEL09550,Unknown,Unknown,0,0,Truck,0
DEL09551,Unknown,Unknown,0,0,Truck,0
DEL09552,Unknown,Unknown,0,0,Truck,0
DEL09553,Unknown,Unknown,0,0,Truck,0
DEL09554,Unknown,Unknown,0,0,Truck,0
DEL09555,Unknown,Unknown,0,0,Truck,0
DEL09556,Unknown,Unknown,0,0,Truck,0
DEL09557,Unknown,Unknown,0,0,Truck,0
DEL09558,Unknown,Unknown,0,0,Truck,0
DEL09559,Unknown,Unknown,0,0,Truck,0
DEL09560,Unknown,Unknown,0,0,Truck,0
DEL09561,Unknown,Unknown,0,0,Truck,0
DEL09562,Unknown,Unknown,0,0,Truck,0
DEL09563,Unknown,Unknown,0,0,Truck,0
DEL09564,Unknown,Unknown,0,0,Truck,0
DEL09565,Unknown,Unknown,0,0,Truck,0
DEL09566,Unknown,Unknown,0,0,Truck,0
DEL09567,Unknown,Unknown,0,0,Truck,0
DEL09568,Unknown,Unknown,0,0,Truck,0
DEL09569,Unknown,Unknown,0,0,Truck,0
DEL09570,Unknown,Unknown,0,0,Truck,0
DEL09571,Unknown,Unknown,0,0,Truck,0
DEL09572,Unknown,Unknown,0,0,Truck,0
DEL09573,Unknown,Unknown,0,0,Truck,0
DEL09574,Unknown,Unknown,0,0,Truck,0
DEL09575,Unknown,Unknown,0,0,Truck,0
DEL09576,Unknown,Unknown,0,0,Truck,0
DEL09577,Unknown,Unknown,0,0,Truck,0
DEL09578,Unknown,Unknown,0,0,Truck,0
DEL09579,Unknown,Unknown,0,0,Truck,0
DEL09580,Unknown,Unknown,0,0,Truck,0
DEL09581,Unknown,Unknown,0,0,Truck,0
DEL09582,Unknown,Unknown,0,0,Truck,0
DEL09583,Unknown,Unknown,0,0,Truck,0
DEL09584,Unknown,Unknown,0,0,Truck,0
DEL09585,Unknown,Unknown,0,0,Truck,0
DEL09586,Unknown,Unknown,0,0,Truck,0
DEL09587,Unknown,Unknown,0,0,Truck,0
DEL09588,Unknown,Unknown,0,0,Truck,0
DEL09589,Unknown,Unknown,0,0,Truck,0
DEL09590,Unknown,Unknown,0,0,Truck,0
DEL09591,Unknown,Unknown,0,0,Truck,0
DEL09592,Unknown,Unknown,0,0,Truck,0
DEL09593,Unknown,Unknown,0,0,Truck,0
DEL09594,Unknown,Unknown,0,0,Truck,0
DEL09595,Unknown,Unknown,0,0,Truck,0
DEL09596,Unknown,Unknown,0,0,Truck,0
DEL09597,Unknown,Unknown,0,0,Truck,0
DEL09598,Unknown,Unknown,0,0,Truck,0
DEL09599,Unknown,Unknown,0,0,Truck,0
DEL09600,Unknown,Unknown,0,0,Truck,0
DEL09601,Unknown,Unknown,0,0,Truck,0
DEL09602,Unknown,Unknown,0,0,Truck,0
DEL09603,Unknown,Unknown,0,0,Truck,0
DEL09604,Unknown,Unknown,0,0,Truck,0
DEL09605,Unknown,Unknown,0,0,Truck,0
DEL09606,Unknown,Unknown,0,0,Truck,0
DEL09607,Unknown,Unknown,0,0,Truck,0
DEL09608,Unknown,Unknown,0,0,Truck,0
DEL09609,Unknown,Unknown,0,0,Truck,0
DEL09610,Unknown,Unknown,0,0,Truck,0
DEL09611,Unknown,Unknown,0,0,Truck,0
DEL09612,Unknown,Unknown,0,0,Truck,0
DEL09613,Unknown,Unknown,0,0,Truck,0
DEL09614,Unknown,Unknown,0,0,Truck,0
DEL09615,Unknown,Unknown,0,0,Truck,0
DEL09616,Unknown,Unknown,0,0,Truck,0
DEL09617,Unknown,Unknown,0,0,Truck,0
DEL09618,Unknown,Unknown,0,0,Truck,0
DEL09619,Unknown,Unknown,0,0,Truck,0
DEL09620,Unknown,Unknown,0,0,Truck,0
DEL09621,Unknown,Unknown,0,0,Truck,0
DEL09622,Unknown,Unknown,0,0,Truck,0
DEL09623,Unknown,Unknown,0,0,Truck,0
DEL09624,Unknown,Unknown,0,0,Truck,0
DEL09625,Unknown,Unknown,0,0,Truck,0
DEL09626,Unknown,Unknown,0,0,Truck,0
DEL09627,Unknown,Unknown,0,0,Truck,0
DEL09628,Unknown,Unknown,0,0,Truck,0
DEL09629,Unknown,Unknown,0,0,Truck,0
DEL09630,Unknown,Unknown,0,0,Truck,0
DEL09631,Unknown,Unknown,0,0,Truck,0
DEL09632,Unknown,Unknown,0,0,Truck,0
DEL09633,Unknown,Unknown,0,0,Truck,0
DEL09634,Unknown,Unknown,0,0,Truck,0
DEL09635,Unknown,Unknown,0,0,Truck,0
DEL09636,Unknown,Unknown,0,0,Truck,0
DEL09637,Unknown,Unknown,0,0,Truck,0
DEL09638,Unknown,Unknown,0,0,Truck,0
DEL09639,Unknown,Unknown,0,0,Truck,0
DEL09640,Unknown,Unknown,0,0,Truck,0
DEL09641,Unknown,Unknown,0,0,Truck,0
DEL09642,Unknown,Unknown,0,0,Truck,0
DEL09643,Unknown,Unknown,0,0,Truck,0
DEL09644,Unknown,Unknown,0,0,Truck,0
DEL09645,Unknown,Unknown,0,0,Truck,0
DEL09646,Unknown,Unknown,0,0,Truck,0
DEL09647,Unknown,Unknown,0,0,Truck,0
DEL09648,Unknown,Unknown,0,0,Truck,0
DEL09649,Unknown,Unknown,0,0,Truck,0
DEL09650,Unknown,Unknown,0,0,Truck,0
DEL09651,Unknown,Unknown,0,0,Truck,0
DEL09652,Unknown,Unknown,0,0,Truck,0
DEL09653,Unknown,Unknown,0,0,Truck,0
DEL09654,Unknown,Unknown,0,0,Truck,0
DEL09655,Unknown,Unknown,0,0,Truck,0
DEL09656,Unknown,Unknown,0,0,Truck,0
DEL09657,Unknown,Unknown,0,0,Truck,0
DEL09658,Unknown,Unknown,0,0,Truck,0
DEL09659,Unknown,Unknown,0,0,Truck,0
DEL09660,Unknown,Unknown,0,0,Truck,0
DEL09661,Unknown,Unknown,0,0,Truck,0
DEL09662,Unknown,Unknown,0,0,Truck,0
DEL09663,Unknown,Unknown,0,0,Truck,0
DEL09664,Unknown,Unknown,0,0,Truck,0
DEL09665,Unknown,Unknown,0,0,Truck,0
DEL09666,Unknown,Unknown,0,0,Truck,0
DEL09667,Unknown,Unknown,0,0,Truck,0
DEL09668,Unknown,Unknown,0,0,Truck,0
DEL09669,Unknown,Unknown,0,0,Truck,0
DEL09670,Unknown,Unknown,0,0,Truck,0
DEL09671,Unknown,Unknown,0,0,Truck,0
DEL09672,Unknown,Unknown,0,0,Truck,0
DEL09673,Unknown,Unknown,0,0,Truck,0
DEL09674,Unknown,Unknown,0,0,Truck,0
DEL09675,Unknown,Unknown,0,0,Truck,0
DEL09676,Unknown,Unknown,0,0,Truck,0
DEL09677,Unknown,Unknown,0,0,Truck,0
DEL09678,Unknown,Unknown,0,0,Truck,0
DEL09679,Unknown,Unknown,0,0,Truck,0
DEL09680,Unknown,Unknown,0,0,Truck,0
DEL09681,Unknown,Unknown,0,0,Truck,0
DEL09682,Unknown,Unknown,0,0,Truck,0
DEL09683,Unknown,Unknown,0,0,Truck,0
DEL09684,Unknown,Unknown,0,0,Truck,0
DEL09685,Unknown,Unknown,0,0,Truck,0
DEL09686,Unknown,Unknown,0,0,Truck,0
DEL09687,Unknown,Unknown,0,0,Truck,0
DEL09688,Unknown,Unknown,0,0,Truck,0
DEL09689,Unknown,Unknown,0,0,Truck,0
DEL09690,Unknown,Unknown,0,0,Truck,0
DEL09691,Unknown,Unknown,0,0,Truck,0
DEL09692,Unknown,Unknown,0,0,Truck,0
DEL09693,Unknown,Unknown,0,0,Truck,0
DEL09694,Unknown,Unknown,0,0,Truck,0
DEL09695,Unknown,Unknown,0,0,Truck,0
DEL09696,Unknown,Unknown,0,0,Truck,0
DEL09697,Unknown,Unknown,0,0,Truck,0
DEL09698,Unknown,Unknown,0,0,Truck,0
DEL09699,Unknown,Unknown,0,0,Truck,0
DEL09700,Unknown,Unknown,0,0,Truck,0
DEL09701,Unknown,Unknown,0,0,Truck,0
DEL09702,Unknown,Unknown,0,0,Truck,0
DEL09703,Unknown,Unknown,0,0,Truck,0
DEL09704,Unknown,Unknown,0,0,Truck,0
DEL09705,Unknown,Unknown,0,0,Truck,0
DEL09706,Unknown,Unknown,0,0,Truck,0
DEL09707,Unknown,Unknown,0,0,Truck,0
DEL09708,Unknown,Unknown,0,0,Truck,0
DEL09709,Unknown,Unknown,0,0,Truck,0
DEL09710,Unknown,Unknown,0,0,Truck,0
DEL09711,Unknown,Unknown,0,0,Truck,0
DEL09712,Unknown,Unknown,0,0,Truck,0
DEL09713,Unknown,Unknown,0,0,Truck,0
DEL09714,Unknown,Unknown,0,0,Truck,0
DEL09715,Unknown,Unknown,0,0,Truck,0
DEL09716,Unknown,Unknown,0,0,Truck,0
DEL09717,Unknown,Unknown,0,0,Truck,0
DEL09718,Unknown,Unknown,0,0,Truck,0
DEL09719,Unknown,Unknown,0,0,Truck,0
DEL09720,Unknown,Unknown,0,0,Truck,0
DEL09721,Unknown,Unknown,0,0,Truck,0
DEL09722,Unknown,Unknown,0,0,Truck,0
DEL09723,Unknown,Unknown,0,0,Truck,0
DEL09724,Unknown,Unknown,0,0,Truck,0
DEL09725,Unknown,Unknown,0,0,Truck,0
DEL09726,Unknown,Unknown,0,0,Truck,0
DEL09727,Unknown,Unknown,0,0,Truck,0
DEL09728,Unknown,Unknown,0,0,Truck,0
DEL09729,Unknown,Unknown,0,0,Truck,0
DEL09730,Unknown,Unknown,0,0,Truck,0
DEL09731,Unknown,Unknown,0,0,Truck,0
DEL09732,Unknown,Unknown,0,0,Truck,0
DEL09733,Unknown,Unknown,0,0,Truck,0
DEL09734,Unknown,Unknown,0,0,Truck,0
DEL09735,Unknown,Unknown,0,0,Truck,0
DEL09736,Unknown,Unknown,0,0,Truck,0
DEL09737,Unknown,Unknown,0,0,Truck,0
DEL09738,Unknown,Unknown,0,0,Truck,0
DEL09739,Unknown,Unknown,0,0,Truck,0
DEL09740,Unknown,Unknown,0,0,Truck,0
DEL09741,Unknown,Unknown,0,0,Truck,0
DEL09742,Unknown,Unknown,0,0,Truck,0
DEL09743,Unknown,Unknown,0,0,Truck,0
DEL09744,Unknown,Unknown,0,0,Truck,0
DEL09745,Unknown,Unknown,0,0,Truck,0
DEL09746,Unknown,Unknown,0,0,Truck,0
DEL09747,Unknown,Unknown,0,0,Truck,0
DEL09748,Unknown,Unknown,0,0,Truck,0
DEL09749,Unknown,Unknown,0,0,Truck,0
DEL09750,Unknown,Unknown,0,0,Truck,0
DEL09751,Unknown,Unknown,0,0,Truck,0
DEL09752,Unknown,Unknown,0,0,Truck,0
DEL09753,Unknown,Unknown,0,0,Truck,0
DEL09754,Unknown,Unknown,0,0,Truck,0
DEL09755,Unknown,Unknown,0,0,Truck,0
DEL09756,Unknown,Unknown,0,0,Truck,0
DEL09757,Unknown,Unknown,0,0,Truck,0
DEL09758,Unknown,Unknown,0,0,Truck,0
DEL09759,Unknown,Unknown,0,0,Truck,0
DEL09760,Unknown,Unknown,0,0,Truck,0
DEL09761,Unknown,Unknown,0,0,Truck,0
DEL09762,Unknown,Unknown,0,0,Truck,0
DEL09763,Unknown,Unknown,0,0,Truck,0
DEL09764,Unknown,Unknown,0,0,Truck,0
DEL09765,Unknown,Unknown,0,0,Truck,0
DEL09766,Unknown,Unknown,0,0,Truck,0
DEL09767,Unknown,Unknown,0,0,Truck,0
DEL09768,Unknown,Unknown,0,0,Truck,0
DEL09769,Unknown,Unknown,0,0,Truck,0
DEL09770,Unknown,Unknown,0,0,Truck,0
DEL09771,Unknown,Unknown,0,0,Truck,0
DEL09772,Unknown,Unknown,0,0,Truck,0
DEL09773,Unknown,Unknown,0,0,Truck,0
DEL09774,Unknown,Unknown,0,0,Truck,0
DEL09775,Unknown,Unknown,0,0,Truck,0
DEL09776,Unknown,Unknown,0,0,Truck,0
DEL09777,Unknown,Unknown,0,0,Truck,0
DEL09778,Unknown,Unknown,0,0,Truck,0
DEL09779,Unknown,Unknown,0,0,Truck,0
DEL09780,Unknown,Unknown,0,0,Truck,0
DEL09781,Unknown,Unknown,0,0,Truck,0
DEL09782,Unknown,Unknown,0,0,Truck,0
DEL09783,Unknown,Unknown,0,0,Truck,0
DEL09784,Unknown,Unknown,0,0,Truck,0
DEL09785,Unknown,Unknown,0,0,Truck,0
DEL09786,Unknown,Unknown,0,0,Truck,0
DEL09787,Unknown,Unknown,0,0,Truck,0
DEL09788,Unknown,Unknown,0,0,Truck,0
DEL09789,Unknown,Unknown,0,0,Truck,0
DEL09790,Unknown,Unknown,0,0,Truck,0
DEL09791,Unknown,Unknown,0,0,Truck,0
DEL09792,Unknown,Unknown,0,0,Truck,0
DEL09793,Unknown,Unknown,0,0,Truck,0
DEL09794,Unknown,Unknown,0,0,Truck,0
DEL09795,Unknown,Unknown,0,0,Truck,0
DEL09796,Unknown,Unknown,0,0,Truck,0
DEL09797,Unknown,Unknown,0,0,Truck,0
DEL09798,Unknown,Unknown,0,0,Truck,0
DEL09799,Unknown,Unknown,0,0,Truck,0
DEL09800,Unknown,Unknown,0,0,Truck,0
DEL09801,Unknown,Unknown,0,0,Truck,0
DEL09802,Unknown,Unknown,0,0,Truck,0
DEL09803,Unknown,Unknown,0,0,Truck,0
DEL09804,Unknown,Unknown,0,0,Truck,0
DEL09805,Unknown,Unknown,0,0,Truck,0
DEL09806,Unknown,Unknown,0,0,Truck,0
DEL09807,Unknown,Unknown,0,0,Truck,0
DEL09808,Unknown,Unknown,0,0,Truck,0
DEL09809,Unknown,Unknown,0,0,Truck,0
DEL09810,Unknown,Unknown,0,0,Truck,0
DEL09811,Unknown,Unknown,0,0,Truck,0
DEL09812,Unknown,Unknown,0,0,Truck,0
DEL09813,Unknown,Unknown,0,0,Truck,0
DEL09814,Unknown,Unknown,0,0,Truck,0
DEL09815,Unknown,Unknown,0,0,Truck,0
DEL09816,Unknown,Unknown,0,0,Truck,0
DEL09817,Unknown,Unknown,0,0,Truck,0
DEL09818,Unknown,Unknown,0,0,Truck,0
DEL09819,Unknown,Unknown,0,0,Truck,0
DEL09820,Unknown,Unknown,0,0,Truck,0
DEL09821,Unknown,Unknown,0,0,Truck,0
DEL09822,Unknown,Unknown,0,0,Truck,0
DEL09823,Unknown,Unknown,0,0,Truck,0
DEL09824,Unknown,Unknown,0,0,Truck,0
DEL09825,Unknown,Unknown,0,0,Truck,0
DEL09826,Unknown,Unknown,0,0,Truck,0
DEL09827,Unknown,Unknown,0,0,Truck,0
DEL09828,Unknown,Unknown,0,0,Truck,0
DEL09829,Unknown,Unknown,0,0,Truck,0
DEL09830,Unknown,Unknown,0,0,Truck,0
DEL09831,Unknown,Unknown,0,0,Truck,0
DEL09832,Unknown,Unknown,0,0,Truck,0
DEL09833,Unknown,Unknown,0,0,Truck,0
DEL09834,Unknown,Unknown,0,0,Truck,0
DEL09835,Unknown,Unknown,0,0,Truck,0
DEL09836,Unknown,Unknown,0,0,Truck,0
DEL09837,Unknown,Unknown,0,0,Truck,0
DEL09838,Unknown,Unknown,0,0,Truck,0
DEL09839,Unknown,Unknown,0,0,Truck,0
DEL09840,Unknown,Unknown,0,0,Truck,0
DEL09841,Unknown,Unknown,0,0,Truck,0
DEL09842,Unknown,Unknown,0,0,Truck,0
DEL09843,Unknown,Unknown,0,0,Truck,0
DEL09844,Unknown,Unknown,0,0,Truck,0
DEL09845,Unknown,Unknown,0,0,Truck,0
DEL09846,Unknown,Unknown,0,0,Truck,0
DEL09847,Unknown,Unknown,0,0,Truck,0
DEL09848,Unknown,Unknown,0,0,Truck,0
DEL09849,Unknown,Unknown,0,0,Truck,0
DEL09850,Unknown,Unknown,0,0,Truck,0
DEL09851,Unknown,Unknown,0,0,Truck,0
DEL09852,Unknown,Unknown,0,0,Truck,0
DEL09853,Unknown,Unknown,0,0,Truck,0
DEL09854,Unknown,Unknown,0,0,Truck,0
DEL09855,Unknown,Unknown,0,0,Truck,0
DEL09856,Unknown,Unknown,0,0,Truck,0
DEL09857,Unknown,Unknown,0,0,Truck,0
DEL09858,Unknown,Unknown,0,0,Truck,0
DEL09859,Unknown,Unknown,0,0,Truck,0
DEL09860,Unknown,Unknown,0,0,Truck,0
DEL09861,Unknown,Unknown,0,0,Truck,0
DEL09862,Unknown,Unknown,0,0,Truck,0
DEL09863,Unknown,Unknown,0,0,Truck,0
DEL09864,Unknown,Unknown,0,0,Truck,0
DEL09865,Unknown,Unknown,0,0,Truck,0
DEL09866,Unknown,Unknown,0,0,Truck,0
DEL09867,Unknown,Unknown,0,0,Truck,0
DEL09868,Unknown,Unknown,0,0,Truck,0
DEL09869,Unknown,Unknown,0,0,Truck,0
DEL09870,Unknown,Unknown,0,0,Truck,0
DEL09871,Unknown,Unknown,0,0,Truck,0
DEL09872,Unknown,Unknown,0,0,Truck,0
DEL09873,Unknown,Unknown,0,0,Truck,0
DEL09874,Unknown,Unknown,0,0,Truck,0
DEL09875,Unknown,Unknown,0,0,Truck,0
DEL09876,Unknown,Unknown,0,0,Truck,0
DEL09877,Unknown,Unknown,0,0,Truck,0
DEL09878,Unknown,Unknown,0,0,Truck,0
DEL09879,Unknown,Unknown,0,0,Truck,0
DEL09880,Unknown,Unknown,0,0,Truck,0
DEL09881,Unknown,Unknown,0,0,Truck,0
DEL09882,Unknown,Unknown,0,0,Truck,0
DEL09883,Unknown,Unknown,0,0,Truck,0
DEL09884,Unknown,Unknown,0,0,Truck,0
DEL09885,Unknown,Unknown,0,0,Truck,0
DEL09886,Unknown,Unknown,0,0,Truck,0
DEL09887,Unknown,Unknown,0,0,Truck,0
DEL09888,Unknown,Unknown,0,0,Truck,0
DEL09889,Unknown,Unknown,0,0,Truck,0
DEL09890,Unknown,Unknown,0,0,Truck,0
DEL09891,Unknown,Unknown,0,0,Truck,0
DEL09892,Unknown,Unknown,0,0,Truck,0
DEL09893,Unknown,Unknown,0,0,Truck,0
DEL09894,Unknown,Unknown,0,0,Truck,0
DEL09895,Unknown,Unknown,0,0,Truck,0
DEL09896,Unknown,Unknown,0,0,Truck,0
DEL09897,Unknown,Unknown,0,0,Truck,0
DEL09898,Unknown,Unknown,0,0,Truck,0
DEL09899,Unknown,Unknown,0,0,Truck,0
DEL09900,Unknown,Unknown,0,0,Truck,0
DEL09901,Unknown,Unknown,0,0,Truck,0
DEL09902,Unknown,Unknown,0,0,Truck,0
DEL09903,Unknown,Unknown,0,0,Truck,0
DEL09904,Unknown,Unknown,0,0,Truck,0
DEL09905,Unknown,Unknown,0,0,Truck,0
DEL09906,Unknown,Unknown,0,0,Truck,0
DEL09907,Unknown,Unknown,0,0,Truck,0
DEL09908,Unknown,Unknown,0,0,Truck,0
DEL09909,Unknown,Unknown,0,0,Truck,0
DEL09910,Unknown,Unknown,0,0,Truck,0
DEL09911,Unknown,Unknown,0,0,Truck,0
DEL09912,Unknown,Unknown,0,0,Truck,0
DEL09913,Unknown,Unknown,0,0,Truck,0
DEL09914,Unknown,Unknown,0,0,Truck,0
DEL09915,Unknown,Unknown,0,0,Truck,0
DEL09916,Unknown,Unknown,0,0,Truck,0
DEL09917,Unknown,Unknown,0,0,Truck,0
DEL09918,Unknown,Unknown,0,0,Truck,0
DEL09919,Unknown,Unknown,0,0,Truck,0
DEL09920,Unknown,Unknown,0,0,Truck,0
DEL09921,Unknown,Unknown,0,0,Truck,0
DEL09922,Unknown,Unknown,0,0,Truck,0
DEL09923,Unknown,Unknown,0,0,Truck,0
DEL09924,Unknown,Unknown,0,0,Truck,0
DEL09925,Unknown,Unknown,0,0,Truck,0
DEL09926,Unknown,Unknown,0,0,Truck,0
DEL09927,Unknown,Unknown,0,0,Truck,0
DEL09928,Unknown,Unknown,0,0,Truck,0
DEL09929,Unknown,Unknown,0,0,Truck,0
DEL09930,Unknown,Unknown,0,0,Truck,0
DEL09931,Unknown,Unknown,0,0,Truck,0
DEL09932,Unknown,Unknown,0,0,Truck,0
DEL09933,Unknown,Unknown,0,0,Truck,0
DEL09934,Unknown,Unknown,0,0,Truck,0
DEL09935,Unknown,Unknown,0,0,Truck,0
DEL09936,Unknown,Unknown,0,0,Truck,0
DEL09937,Unknown,Unknown,0,0,Truck,0
DEL09938,Unknown,Unknown,0,0,Truck,0
DEL09939,Unknown,Unknown,0,0,Truck,0
DEL09940,Unknown,Unknown,0,0,Truck,0
DEL09941,Unknown,Unknown,0,0,Truck,0
DEL09942,Unknown,Unknown,0,0,Truck,0
DEL09943,Unknown,Unknown,0,0,Truck,0
DEL09944,Unknown,Unknown,0,0,Truck,0
DEL09945,Unknown,Unknown,0,0,Truck,0
DEL09946,Unknown,Unknown,0,0,Truck,0
DEL09947,Unknown,Unknown,0,0,Truck,0
DEL09948,Unknown,Unknown,0,0,Truck,0
DEL09949,Unknown,Unknown,0,0,Truck,0
DEL09950,Unknown,Unknown,0,0,Truck,0
DEL09951,Unknown,Unknown,0,0,Truck,0
DEL09952,Unknown,Unknown,0,0,Truck,0
DEL09953,Unknown,Unknown,0,0,Truck,0
DEL09954,Unknown,Unknown,0,0,Truck,0
DEL09955,Unknown,Unknown,0,0,Truck,0
DEL09956,Unknown,Unknown,0,0,Truck,0
DEL09957,Unknown,Unknown,0,0,Truck,0
DEL09958,Unknown,Unknown,0,0,Truck,0
DEL09959,Unknown,Unknown,0,0,Truck,0
DEL09960,Unknown,Unknown,0,0,Truck,0
DEL09961,Unknown,Unknown,0,0,Truck,0
DEL09962,Unknown,Unknown,0,0,Truck,0
DEL09963,Unknown,Unknown,0,0,Truck,0
DEL09964,Unknown,Unknown,0,0,Truck,0
DEL09965,Unknown,Unknown,0,0,Truck,0
DEL09966,Unknown,Unknown,0,0,Truck,0
DEL09967,Unknown,Unknown,0,0,Truck,0
DEL09968,Unknown,Unknown,0,0,Truck,0
DEL09969,Unknown,Unknown,0,0,Truck,0
DEL09970,Unknown,Unknown,0,0,Truck,0
DEL09971,Unknown,Unknown,0,0,Truck,0
DEL09972,Unknown,Unknown,0,0,Truck,0
DEL09973,Unknown,Unknown,0,0,Truck,0
DEL09974,Unknown,Unknown,0,0,Truck,0
DEL09975,Unknown,Unknown,0,0,Truck,0
DEL09976,Unknown,Unknown,0,0,Truck,0
DEL09977,Unknown,Unknown,0,0,Truck,0
DEL09978,Unknown,Unknown,0,0,Truck,0
DEL09979,Unknown,Unknown,0,0,Truck,0
DEL09980,Unknown,Unknown,0,0,Truck,0
DEL09981,Unknown,Unknown,0,0,Truck,0
DEL09982,Unknown,Unknown,0,0,Truck,0
DEL09983,Unknown,Unknown,0,0,Truck,0
DEL09984,Unknown,Unknown,0,0,Truck,0
DEL09985,Unknown,Unknown,0,0,Truck,0
DEL09986,Unknown,Unknown,0,0,Truck,0
DEL09987,Unknown,Unknown,0,0,Truck,0
DEL09988,Unknown,Unknown,0,0,Truck,0
DEL09989,Unknown,Unknown,0,0,Truck,0
DEL09990,Unknown,Unknown,0,0,Truck,0
DEL09991,Unknown,Unknown,0,0,Truck,0
DEL09992,Unknown,Unknown,0,0,Truck,0
DEL09993,Unknown,Unknown,0,0,Truck,0
DEL09994,Unknown,Unknown,0,0,Truck,0
DEL09995,Unknown,Unknown,0,0,Truck,0
DEL09996,Unknown,Unknown,0,0,Truck,0
DEL09997,Unknown,Unknown,0,0,Truck,0
DEL09998,Unknown,Unknown,0,0,Truck,0
DEL09999,Unknown,Unknown,0,0,Truck,0
DEL10000,Unknown,Unknown,0,0,Truck,0
DEL10001,Unknown,Unknown,0,0,Truck,0
DEL10002,Unknown,Unknown,0,0,Truck,0
DEL10003,Unknown,Unknown,0,0,Truck,0
DEL10004,Unknown,Unknown,0,0,Truck,0
DEL10005,Unknown,Unknown,0,0,Truck,0
DEL10006,Unknown,Unknown,0,0,Truck,0
DEL10007,Unknown,Unknown,0,0,Truck,0
DEL10008,Unknown,Unknown,0,0,Truck,0
DEL10009,Unknown,Unknown,0,0,Truck,0
DEL10010,Unknown,Unknown,0,0,Truck,0
DEL10011,Unknown,Unknown,0,0,Truck,0
DEL10012,Unknown,Unknown,0,0,Truck,0
DEL10013,Unknown,Unknown,0,0,Truck,0
DEL10014,Unknown,Unknown,0,0,Truck,0
DEL10015,Unknown,Unknown,0,0,Truck,0
DEL10016,Unknown,Unknown,0,0,Truck,0
DEL10017,Unknown,Unknown,0,0,Truck,0
DEL10018,Unknown,Unknown,0,0,Truck,0
DEL10019,Unknown,Unknown,0,0,Truck,0
DEL10020,Unknown,Unknown,0,0,Truck,0
DEL10021,Unknown,Unknown,0,0,Truck,0
DEL10022,Unknown,Unknown,0,0,Truck,0
DEL10023,Unknown,Unknown,0,0,Truck,0
DEL10024,Unknown,Unknown,0,0,Truck,0
DEL10025,Unknown,Unknown,0,0,Truck,0
DEL10026,Unknown,Unknown,0,0,Truck,0
DEL10027,Unknown,Unknown,0,0,Truck,0
DEL10028,Unknown,Unknown,0,0,Truck,0
DEL10029,Unknown,Unknown,0,0,Truck,0
DEL10030,Unknown,Unknown,0,0,Truck,0
DEL10031,Unknown,Unknown,0,0,Truck,0
DEL10032,Unknown,Unknown,0,0,Truck,0
DEL10033,Unknown,Unknown,0,0,Truck,0
DEL10034,Unknown,Unknown,0,0,Truck,0
DEL10035,Unknown,Unknown,0,0,Truck,0
DEL10036,Unknown,Unknown,0,0,Truck,0
DEL10037,Unknown,Unknown,0,0,Truck,0
DEL10038,Unknown,Unknown,0,0,Truck,0
DEL10039,Unknown,Unknown,0,0,Truck,0
DEL10040,Unknown,Unknown,0,0,Truck,0
DEL10041,Unknown,Unknown,0,0,Truck,0
DEL10042,Unknown,Unknown,0,0,Truck,0
DEL10043,Unknown,Unknown,0,0,Truck,0
DEL10044,Unknown,Unknown,0,0,Truck,0
DEL10045,Unknown,Unknown,0,0,Truck,0
DEL10046,Unknown,Unknown,0,0,Truck,0
DEL10047,Unknown,Unknown,0,0,Truck,0
DEL10048,Unknown,Unknown,0,0,Truck,0
DEL10049,Unknown,Unknown,0,0,Truck,0
DEL10050,Unknown,Unknown,0,0,Truck,0
DEL10051,Unknown,Unknown,0,0,Truck,0
DEL10052,Unknown,Unknown,0,0,Truck,0
DEL10053,Unknown,Unknown,0,0,Truck,0
DEL10054,Unknown,Unknown,0,0,Truck,0
DEL10055,Unknown,Unknown,0,0,Truck,0
DEL10056,Unknown,Unknown,0,0,Truck,0
DEL10057,Unknown,Unknown,0,0,Truck,0
DEL10058,Unknown,Unknown,0,0,Truck,0
DEL10059,Unknown,Unknown,0,0,Truck,0
DEL10060,Unknown,Unknown,0,0,Truck,0
DEL10061,Unknown,Unknown,0,0,Truck,0
DEL10062,Unknown,Unknown,0,0,Truck,0
DEL10063,Unknown,Unknown,0,0,Truck,0
DEL10064,Unknown,Unknown,0,0,Truck,0
DEL10065,Unknown,Unknown,0,0,Truck,0
DEL10066,Unknown,Unknown,0,0,Truck,0
DEL10067,Unknown,Unknown,0,0,Truck,0
DEL10068,Unknown,Unknown,0,0,Truck,0
DEL10069,Unknown,Unknown,0,0,Truck,0
DEL10070,Unknown,Unknown,0,0,Truck,0
DEL10071,Unknown,Unknown,0,0,Truck,0
DEL10072,Unknown,Unknown,0,0,Truck,0
DEL10073,Unknown,Unknown,0,0,Truck,0
DEL10074,Unknown,Unknown,0,0,Truck,0
DEL10075,Unknown,Unknown,0,0,Truck,0
DEL10076,Unknown,Unknown,0,0,Truck,0
DEL10077,Unknown,Unknown,0,0,Truck,0
DEL10078,Unknown,Unknown,0,0,Truck,0
DEL10079,Unknown,Unknown,0,0,Truck,0
DEL10080,Unknown,Unknown,0,0,Truck,0
DEL10081,Unknown,Unknown,0,0,Truck,0
DEL10082,Unknown,Unknown,0,0,Truck,0
DEL10083,Unknown,Unknown,0,0,Truck,0
DEL10084,Unknown,Unknown,0,0,Truck,0
DEL10085,Unknown,Unknown,0,0,Truck,0
DEL10086,Unknown,Unknown,0,0,Truck,0
DEL10087,Unknown,Unknown,0,0,Truck,0
DEL10088,Unknown,Unknown,0,0,Truck,0
DEL10089,Unknown,Unknown,0,0,Truck,0
DEL10090,Unknown,Unknown,0,0,Truck,0
DEL10091,Unknown,Unknown,0,0,Truck,0
DEL10092,Unknown,Unknown,0,0,Truck,0
DEL10093,Unknown,Unknown,0,0,Truck,0
DEL10094,Unknown,Unknown,0,0,Truck,0
DEL10095,Unknown,Unknown,0,0,Truck,0
DEL10096,Unknown,Unknown,0,0,Truck,0
DEL10097,Unknown,Unknown,0,0,Truck,0
DEL10098,Unknown,Unknown,0,0,Truck,0
DEL10099,Unknown,Unknown,0,0,Truck,0
DEL10100,Unknown,Unknown,0,0,Truck,0
DEL10101,Unknown,Unknown,0,0,Truck,0
DEL10102,Unknown,Unknown,0,0,Truck,0
DEL10103,Unknown,Unknown,0,0,Truck,0
DEL10104,Unknown,Unknown,0,0,Truck,0
DEL10105,Unknown,Unknown,0,0,Truck,0
DEL10106,Unknown,Unknown,0,0,Truck,0
DEL10107,Unknown,Unknown,0,0,Truck,0
DEL10108,Unknown,Unknown,0,0,Truck,0
DEL10109,Unknown,Unknown,0,0,Truck,0
DEL10110,Unknown,Unknown,0,0,Truck,0
DEL10111,Unknown,Unknown,0,0,Truck,0
DEL10112,Unknown,Unknown,0,0,Truck,0
DEL10113,Unknown,Unknown,0,0,Truck,0
DEL10114,Unknown,Unknown,0,0,Truck,0
DEL10115,Unknown,Unknown,0,0,Truck,0
DEL10116,Unknown,Unknown,0,0,Truck,0
DEL10117,Unknown,Unknown,0,0,Truck,0
DEL10118,Unknown,Unknown,0,0,Truck,0
DEL10119,Unknown,Unknown,0,0,Truck,0
DEL10120,Unknown,Unknown,0,0,Truck,0
DEL10121,Unknown,Unknown,0,0,Truck,0
DEL10122,Unknown,Unknown,0,0,Truck,0
DEL10123,Unknown,Unknown,0,0,Truck,0
DEL10124,Unknown,Unknown,0,0,Truck,0
DEL10125,Unknown,Unknown,0,0,Truck,0
DEL10126,Unknown,Unknown,0,0,Truck,0
DEL10127,Unknown,Unknown,0,0,Truck,0
DEL10128,Unknown,Unknown,0,0,Truck,0
DEL10129,Unknown,Unknown,0,0,Truck,0
DEL10130,Unknown,Unknown,0,0,Truck,0
DEL10131,Unknown,Unknown,0,0,Truck,0
DEL10132,Unknown,Unknown,0,0,Truck,0
DEL10133,Unknown,Unknown,0,0,Truck,0
DEL10134,Unknown,Unknown,0,0,Truck,0
DEL10135,Unknown,Unknown,0,0,Truck,0
DEL10136,Unknown,Unknown,0,0,Truck,0
DEL10137,Unknown,Unknown,0,0,Truck,0
DEL10138,Unknown,Unknown,0,0,Truck,0
DEL10139,Unknown,Unknown,0,0,Truck,0
DEL10140,Unknown,Unknown,0,0,Truck,0
DEL10141,Unknown,Unknown,0,0,Truck,0
DEL10142,Unknown,Unknown,0,0,Truck,0
DEL10143,Unknown,Unknown,0,0,Truck,0
DEL10144,Unknown,Unknown,0,0,Truck,0
DEL10145,Unknown,Unknown,0,0,Truck,0
DEL10146,Unknown,Unknown,0,0,Truck,0
DEL10147,Unknown,Unknown,0,0,Truck,0
DEL10148,Unknown,Unknown,0,0,Truck,0
DEL10149,Unknown,Unknown,0,0,Truck,0
DEL10150,Unknown,Unknown,0,0,Truck,0
DEL10151,Unknown,Unknown,0,0,Truck,0
DEL10152,Unknown,Unknown,0,0,Truck,0
DEL10153,Unknown,Unknown,0,0,Truck,0
DEL10154,Unknown,Unknown,0,0,Truck,0
DEL10155,Unknown,Unknown,0,0,Truck,0
DEL10156,Unknown,Unknown,0,0,Truck,0
DEL10157,Unknown,Unknown,0,0,Truck,0
DEL10158,Unknown,Unknown,0,0,Truck,0
DEL10159,Unknown,Unknown,0,0,Truck,0
DEL10160,Unknown,Unknown,0,0,Truck,0
DEL10161,Unknown,Unknown,0,0,Truck,0
DEL10162,Unknown,Unknown,0,0,Truck,0
DEL10163,Unknown,Unknown,0,0,Truck,0
DEL10164,Unknown,Unknown,0,0,Truck,0
DEL10165,Unknown,Unknown,0,0,Truck,0
DEL10166,Unknown,Unknown,0,0,Truck,0
DEL10167,Unknown,Unknown,0,0,Truck,0
DEL10168,Unknown,Unknown,0,0,Truck,0
DEL10169,Unknown,Unknown,0,0,Truck,0
DEL10170,Unknown,Unknown,0,0,Truck,0
DEL10171,Unknown,Unknown,0,0,Truck,0
DEL10172,Unknown,Unknown,0,0,Truck,0
DEL10173,Unknown,Unknown,0,0,Truck,0
DEL10174,Unknown,Unknown,0,0,Truck,0
DEL10175,Unknown,Unknown,0,0,Truck,0
DEL10176,Unknown,Unknown,0,0,Truck,0
DEL10177,Unknown,Unknown,0,0,Truck,0
DEL10178,Unknown,Unknown,0,0,Truck,0
DEL10179,Unknown,Unknown,0,0,Truck,0
DEL10180,Unknown,Unknown,0,0,Truck,0
DEL10181,Unknown,Unknown,0,0,Truck,0
DEL10182,Unknown,Unknown,0,0,Truck,0
DEL10183,Unknown,Unknown,0,0,Truck,0
DEL10184,Unknown,Unknown,0,0,Truck,0
DEL10185,Unknown,Unknown,0,0,Truck,0
DEL10186,Unknown,Unknown,0,0,Truck,0
DEL10187,Unknown,Unknown,0,0,Truck,0
DEL10188,Unknown,Unknown,0,0,Truck,0
DEL10189,Unknown,Unknown,0,0,Truck,0
DEL10190,Unknown,Unknown,0,0,Truck,0
DEL10191,Unknown,Unknown,0,0,Truck,0
DEL10192,Unknown,Unknown,0,0,Truck,0
DEL10193,Unknown,Unknown,0,0,Truck,0
DEL10194,Unknown,Unknown,0,0,Truck,0
DEL10195,Unknown,Unknown,0,0,Truck,0
DEL10196,Unknown,Unknown,0,0,Truck,0
DEL10197,Unknown,Unknown,0,0,Truck,0
DEL10198,Unknown,Unknown,0,0,Truck,0
DEL10199,Unknown,Unknown,0,0,Truck,0
DEL10200,Unknown,Unknown,0,0,Truck,0
DEL10201,Unknown,Unknown,0,0,Truck,0
DEL10202,Unknown,Unknown,0,0,Truck,0
DEL10203,Unknown,Unknown,0,0,Truck,0
DEL10204,Unknown,Unknown,0,0,Truck,0
DEL10205,Unknown,Unknown,0,0,Truck,0
DEL10206,Unknown,Unknown,0,0,Truck,0
DEL10207,Unknown,Unknown,0,0,Truck,0
DEL10208,Unknown,Unknown,0,0,Truck,0
DEL10209,Unknown,Unknown,0,0,Truck,0
DEL10210,Unknown,Unknown,0,0,Truck,0
DEL10211,Unknown,Unknown,0,0,Truck,0
DEL10212,Unknown,Unknown,0,0,Truck,0
DEL10213,Unknown,Unknown,0,0,Truck,0
DEL10214,Unknown,Unknown,0,0,Truck,0
DEL10215,Unknown,Unknown,0,0,Truck,0
DEL10216,Unknown,Unknown,0,0,Truck,0
DEL10217,Unknown,Unknown,0,0,Truck,0
DEL10218,Unknown,Unknown,0,0,Truck,0
DEL10219,Unknown,Unknown,0,0,Truck,0
DEL10220,Unknown,Unknown,0,0,Truck,0
DEL10221,Unknown,Unknown,0,0,Truck,0
DEL10222,Unknown,Unknown,0,0,Truck,0
DEL10223,Unknown,Unknown,0,0,Truck,0
DEL10224,Unknown,Unknown,0,0,Truck,0
DEL10225,Unknown,Unknown,0,0,Truck,0
DEL10226,Unknown,Unknown,0,0,Truck,0
DEL10227,Unknown,Unknown,0,0,Truck,0
DEL10228,Unknown,Unknown,0,0,Truck,0
DEL10229,Unknown,Unknown,0,0,Truck,0
DEL10230,Unknown,Unknown,0,0,Truck,0
DEL10231,Unknown,Unknown,0,0,Truck,0
DEL10232,Unknown,Unknown,0,0,Truck,0
DEL10233,Unknown,Unknown,0,0,Truck,0
DEL10234,Unknown,Unknown,0,0,Truck,0
DEL10235,Unknown,Unknown,0,0,Truck,0
DEL10236,Unknown,Unknown,0,0,Truck,0
DEL10237,Unknown,Unknown,0,0,Truck,0
DEL10238,Unknown,Unknown,0,0,Truck,0
DEL10239,Unknown,Unknown,0,0,Truck,0
DEL10240,Unknown,Unknown,0,0,Truck,0
DEL10241,Unknown,Unknown,0,0,Truck,0
DEL10242,Unknown,Unknown,0,0,Truck,0
DEL10243,Unknown,Unknown,0,0,Truck,0
DEL10244,Unknown,Unknown,0,0,Truck,0
DEL10245,Unknown,Unknown,0,0,Truck,0
DEL10246,Unknown,Unknown,0,0,Truck,0
DEL10247,Unknown,Unknown,0,0,Truck,0
DEL10248,Unknown,Unknown,0,0,Truck,0
DEL10249,Unknown,Unknown,0,0,Truck,0
DEL10250,Unknown,Unknown,0,0,Truck,0
DEL10251,Unknown,Unknown,0,0,Truck,0
DEL10252,Unknown,Unknown,0,0,Truck,0
DEL10253,Unknown,Unknown,0,0,Truck,0
DEL10254,Unknown,Unknown,0,0,Truck,0
DEL10255,Unknown,Unknown,0,0,Truck,0
DEL10256,Unknown,Unknown,0,0,Truck,0
DEL10257,Unknown,Unknown,0,0,Truck,0
DEL10258,Unknown,Unknown,0,0,Truck,0
DEL10259,Unknown,Unknown,0,0,Truck,0
DEL10260,Unknown,Unknown,0,0,Truck,0
DEL10261,Unknown,Unknown,0,0,Truck,0
DEL10262,Unknown,Unknown,0,0,Truck,0
DEL10263,Unknown,Unknown,0,0,Truck,0
DEL10264,Unknown,Unknown,0,0,Truck,0
DEL10265,Unknown,Unknown,0,0,Truck,0
DEL10266,Unknown,Unknown,0,0,Truck,0
DEL10267,Unknown,Unknown,0,0,Truck,0
DEL10268,Unknown,Unknown,0,0,Truck,0
DEL10269,Unknown,Unknown,0,0,Truck,0
DEL10270,Unknown,Unknown,0,0,Truck,0
DEL10271,Unknown,Unknown,0,0,Truck,0
DEL10272,Unknown,Unknown,0,0,Truck,0
DEL10273,Unknown,Unknown,0,0,Truck,0
DEL10274,Unknown,Unknown,0,0,Truck,0
DEL10275,Unknown,Unknown,0,0,Truck,0
DEL10276,Unknown,Unknown,0,0,Truck,0
DEL10277,Unknown,Unknown,0,0,Truck,0
DEL10278,Unknown,Unknown,0,0,Truck,0
DEL10279,Unknown,Unknown,0,0,Truck,0
DEL10280,Unknown,Unknown,0,0,Truck,0
DEL10281,Unknown,Unknown,0,0,Truck,0
DEL10282,Unknown,Unknown,0,0,Truck,0
DEL10283,Unknown,Unknown,0,0,Truck,0
DEL10284,Unknown,Unknown,0,0,Truck,0
DEL10285,Unknown,Unknown,0,0,Truck,0
DEL10286,Unknown,Unknown,0,0,Truck,0
DEL10287,Unknown,Unknown,0,0,Truck,0
DEL10288,Unknown,Unknown,0,0,Truck,0
DEL10289,Unknown,Unknown,0,0,Truck,0
DEL10290,Unknown,Unknown,0,0,Truck,0
DEL10291,Unknown,Unknown,0,0,Truck,0
DEL10292,Unknown,Unknown,0,0,Truck,0
DEL10293,Unknown,Unknown,0,0,Truck,0
DEL10294,Unknown,Unknown,0,0,Truck,0
DEL10295,Unknown,Unknown,0,0,Truck,0
DEL10296,Unknown,Unknown,0,0,Truck,0
DEL10297,Unknown,Unknown,0,0,Truck,0
DEL10298,Unknown,Unknown,0,0,Truck,0
DEL10299,Unknown,Unknown,0,0,Truck,0
DEL10300,Unknown,Unknown,0,0,Truck,0
DEL10301,Unknown,Unknown,0,0,Truck,0
DEL10302,Unknown,Unknown,0,0,Truck,0
DEL10303,Unknown,Unknown,0,0,Truck,0
DEL10304,Unknown,Unknown,0,0,Truck,0
DEL10305,Unknown,Unknown,0,0,Truck,0
DEL10306,Unknown,Unknown,0,0,Truck,0
DEL10307,Unknown,Unknown,0,0,Truck,0
DEL10308,Unknown,Unknown,0,0,Truck,0
DEL10309,Unknown,Unknown,0,0,Truck,0
DEL10310,Unknown,Unknown,0,0,Truck,0
DEL10311,Unknown,Unknown,0,0,Truck,0
DEL10312,Unknown,Unknown,0,0,Truck,0
DEL10313,Unknown,Unknown,0,0,Truck,0
DEL10314,Unknown,Unknown,0,0,Truck,0
DEL10315,Unknown,Unknown,0,0,Truck,0
DEL10316,Unknown,Unknown,0,0,Truck,0
DEL10317,Unknown,Unknown,0,0,Truck,0
DEL10318,Unknown,Unknown,0,0,Truck,0
DEL10319,Unknown,Unknown,0,0,Truck,0
DEL10320,Unknown,Unknown,0,0,Truck,0
DEL10321,Unknown,Unknown,0,0,Truck,0
DEL10322,Unknown,Unknown,0,0,Truck,0
DEL10323,Unknown,Unknown,0,0,Truck,0
DEL10324,Unknown,Unknown,0,0,Truck,0
DEL10325,Unknown,Unknown,0,0,Truck,0
DEL10326,Unknown,Unknown,0,0,Truck,0
DEL10327,Unknown,Unknown,0,0,Truck,0
DEL10328,Unknown,Unknown,0,0,Truck,0
DEL10329,Unknown,Unknown,0,0,Truck,0
DEL10330,Unknown,Unknown,0,0,Truck,0
DEL10331,Unknown,Unknown,0,0,Truck,0
DEL10332,Unknown,Unknown,0,0,Truck,0
DEL10333,Unknown,Unknown,0,0,Truck,0
DEL10334,Unknown,Unknown,0,0,Truck,0
DEL10335,Unknown,Unknown,0,0,Truck,0
DEL10336,Unknown,Unknown,0,0,Truck,0
DEL10337,Unknown,Unknown,0,0,Truck,0
DEL10338,Unknown,Unknown,0,0,Truck,0
DEL10339,Unknown,Unknown,0,0,Truck,0
DEL10340,Unknown,Unknown,0,0,Truck,0
DEL10341,Unknown,Unknown,0,0,Truck,0
DEL10342,Unknown,Unknown,0,0,Truck,0
DEL10343,Unknown,Unknown,0,0,Truck,0
DEL10344,Unknown,Unknown,0,0,Truck,0
DEL10345,Unknown,Unknown,0,0,Truck,0
DEL10346,Unknown,Unknown,0,0,Truck,0
DEL10347,Unknown,Unknown,0,0,Truck,0
DEL10348,Unknown,Unknown,0,0,Truck,0
DEL10349,Unknown,Unknown,0,0,Truck,0
DEL10350,Unknown,Unknown,0,0,Truck,0
DEL10351,Unknown,Unknown,0,0,Truck,0
DEL10352,Unknown,Unknown,0,0,Truck,0
DEL10353,Unknown,Unknown,0,0,Truck,0
DEL10354,Unknown,Unknown,0,0,Truck,0
DEL10355,Unknown,Unknown,0,0,Truck,0
DEL10356,Unknown,Unknown,0,0,Truck,0
DEL10357,Unknown,Unknown,0,0,Truck,0
DEL10358,Unknown,Unknown,0,0,Truck,0
DEL10359,Unknown,Unknown,0,0,Truck,0
DEL10360,Unknown,Unknown,0,0,Truck,0
DEL10361,Unknown,Unknown,0,0,Truck,0
DEL10362,Unknown,Unknown,0,0,Truck,0
DEL10363,Unknown,Unknown,0,0,Truck,0
DEL10364,Unknown,Unknown,0,0,Truck,0
DEL10365,Unknown,Unknown,0,0,Truck,0
DEL10366,Unknown,Unknown,0,0,Truck,0
DEL10367,Unknown,Unknown,0,0,Truck,0
DEL10368,Unknown,Unknown,0,0,Truck,0
DEL10369,Unknown,Unknown,0,0,Truck,0
DEL10370,Unknown,Unknown,0,0,Truck,0
DEL10371,Unknown,Unknown,0,0,Truck,0
DEL10372,Unknown,Unknown,0,0,Truck,0
DEL10373,Unknown,Unknown,0,0,Truck,0
DEL10374,Unknown,Unknown,0,0,Truck,0
DEL10375,Unknown,Unknown,0,0,Truck,0
DEL10376,Unknown,Unknown,0,0,Truck,0
DEL10377,Unknown,Unknown,0,0,Truck,0
DEL10378,Unknown,Unknown,0,0,Truck,0
DEL10379,Unknown,Unknown,0,0,Truck,0
DEL10380,Unknown,Unknown,0,0,Truck,0
DEL10381,Unknown,Unknown,0,0,Truck,0
DEL10382,Unknown,Unknown,0,0,Truck,0
DEL10383,Unknown,Unknown,0,0,Truck,0
DEL10384,Unknown,Unknown,0,0,Truck,0
DEL10385,Unknown,Unknown,0,0,Truck,0
DEL10386,Unknown,Unknown,0,0,Truck,0
DEL10387,Unknown,Unknown,0,0,Truck,0
DEL10388,Unknown,Unknown,0,0,Truck,0
DEL10389,Unknown,Unknown,0,0,Truck,0
DEL10390,Unknown,Unknown,0,0,Truck,0
DEL10391,Unknown,Unknown,0,0,Truck,0
DEL10392,Unknown,Unknown,0,0,Truck,0
DEL10393,Unknown,Unknown,0,0,Truck,0
DEL10394,Unknown,Unknown,0,0,Truck,0
DEL10395,Unknown,Unknown,0,0,Truck,0
DEL10396,Unknown,Unknown,0,0,Truck,0
DEL10397,Unknown,Unknown,0,0,Truck,0
DEL10398,Unknown,Unknown,0,0,Truck,0
DEL10399,Unknown,Unknown,0,0,Truck,0
DEL10400,Unknown,Unknown,0,0,Truck,0
DEL10401,Unknown,Unknown,0,0,Truck,0
DEL10402,Unknown,Unknown,0,0,Truck,0
DEL10403,Unknown,Unknown,0,0,Truck,0
DEL10404,Unknown,Unknown,0,0,Truck,0
DEL10405,Unknown,Unknown,0,0,Truck,0
DEL10406,Unknown,Unknown,0,0,Truck,0
DEL10407,Unknown,Unknown,0,0,Truck,0
DEL10408,Unknown,Unknown,0,0,Truck,0
DEL10409,Unknown,Unknown,0,0,Truck,0
DEL10410,Unknown,Unknown,0,0,Truck,0
DEL10411,Unknown,Unknown,0,0,Truck,0
DEL10412,Unknown,Unknown,0,0,Truck,0
DEL10413,Unknown,Unknown,0,0,Truck,0
DEL10414,Unknown,Unknown,0,0,Truck,0
DEL10415,Unknown,Unknown,0,0,Truck,0
DEL10416,Unknown,Unknown,0,0,Truck,0
DEL10417,Unknown,Unknown,0,0,Truck,0
DEL10418,Unknown,Unknown,0,0,Truck,0
DEL10419,Unknown,Unknown,0,0,Truck,0
DEL10420,Unknown,Unknown,0,0,Truck,0
DEL10421,Unknown,Unknown,0,0,Truck,0
DEL10422,Unknown,Unknown,0,0,Truck,0
DEL10423,Unknown,Unknown,0,0,Truck,0
DEL10424,Unknown,Unknown,0,0,Truck,0
DEL10425,Unknown,Unknown,0,0,Truck,0
DEL10426,Unknown,Unknown,0,0,Truck,0
DEL10427,Unknown,Unknown,0,0,Truck,0
DEL10428,Unknown,Unknown,0,0,Truck,0
DEL10429,Unknown,Unknown,0,0,Truck,0
DEL10430,Unknown,Unknown,0,0,Truck,0
DEL10431,Unknown,Unknown,0,0,Truck,0
DEL10432,Unknown,Unknown,0,0,Truck,0
DEL10433,Unknown,Unknown,0,0,Truck,0
DEL10434,Unknown,Unknown,0,0,Truck,0
DEL10435,Unknown,Unknown,0,0,Truck,0
DEL10436,Unknown,Unknown,0,0,Truck,0
DEL10437,Unknown,Unknown,0,0,Truck,0
DEL10438,Unknown,Unknown,0,0,Truck,0
DEL10439,Unknown,Unknown,0,0,Truck,0
DEL10440,Unknown,Unknown,0,0,Truck,0
DEL10441,Unknown,Unknown,0,0,Truck,0
DEL10442,Unknown,Unknown,0,0,Truck,0
DEL10443,Unknown,Unknown,0,0,Truck,0
DEL10444,Unknown,Unknown,0,0,Truck,0
DEL10445,Unknown,Unknown,0,0,Truck,0
DEL10446,Unknown,Unknown,0,0,Truck,0
DEL10447,Unknown,Unknown,0,0,Truck,0
DEL10448,Unknown,Unknown,0,0,Truck,0
DEL10449,Unknown,Unknown,0,0,Truck,0
DEL10450,Unknown,Unknown,0,0,Truck,0
DEL10451,Unknown,Unknown,0,0,Truck,0
DEL10452,Unknown,Unknown,0,0,Truck,0
DEL10453,Unknown,Unknown,0,0,Truck,0
DEL10454,Unknown,Unknown,0,0,Truck,0
DEL10455,Unknown,Unknown,0,0,Truck,0
DEL10456,Unknown,Unknown,0,0,Truck,0
DEL10457,Unknown,Unknown,0,0,Truck,0
DEL10458,Unknown,Unknown,0,0,Truck,0
DEL10459,Unknown,Unknown,0,0,Truck,0
DEL10460,Unknown,Unknown,0,0,Truck,0
DEL10461,Unknown,Unknown,0,0,Truck,0
DEL10462,Unknown,Unknown,0,0,Truck,0
DEL10463,Unknown,Unknown,0,0,Truck,0
DEL10464,Unknown,Unknown,0,0,Truck,0
DEL10465,Unknown,Unknown,0,0,Truck,0
DEL10466,Unknown,Unknown,0,0,Truck,0
DEL10467,Unknown,Unknown,0,0,Truck,0
DEL10468,Unknown,Unknown,0,0,Truck,0
DEL10469,Unknown,Unknown,0,0,Truck,0
DEL10470,Unknown,Unknown,0,0,Truck,0
DEL10471,Unknown,Unknown,0,0,Truck,0
DEL10472,Unknown,Unknown,0,0,Truck,0
DEL10473,Unknown,Unknown,0,0,Truck,0
DEL10474,Unknown,Unknown,0,0,Truck,0
DEL10475,Unknown,Unknown,0,0,Truck,0
DEL10476,Unknown,Unknown,0,0,Truck,0
DEL10477,Unknown,Unknown,0,0,Truck,0
DEL10478,Unknown,Unknown,0,0,Truck,0
DEL10479,Unknown,Unknown,0,0,Truck,0
DEL10480,Unknown,Unknown,0,0,Truck,0
DEL10481,Unknown,Unknown,0,0,Truck,0
DEL10482,Unknown,Unknown,0,0,Truck,0
DEL10483,Unknown,Unknown,0,0,Truck,0
DEL10484,Unknown,Unknown,0,0,Truck,0
DEL10485,Unknown,Unknown,0,0,Truck,0
DEL10486,Unknown,Unknown,0,0,Truck,0
DEL10487,Unknown,Unknown,0,0,Truck,0
DEL10488,Unknown,Unknown,0,0,Truck,0
DEL10489,Unknown,Unknown,0,0,Truck,0
DEL10490,Unknown,Unknown,0,0,Truck,0
DEL10491,Unknown,Unknown,0,0,Truck,0
DEL10492,Unknown,Unknown,0,0,Truck,0
DEL10493,Unknown,Unknown,0,0,Truck,0
DEL10494,Unknown,Unknown,0,0,Truck,0
DEL10495,Unknown,Unknown,0,0,Truck,0
DEL10496,Unknown,Unknown,0,0,Truck,0
DEL10497,Unknown,Unknown,0,0,Truck,0
DEL10498,Unknown,Unknown,0,0,Truck,0
DEL10499,Unknown,Unknown,0,0,Truck,0
DEL10500,Unknown,Unknown,0,0,Truck,0
DEL10501,Unknown,Unknown,0,0,Truck,0
DEL10502,Unknown,Unknown,0,0,Truck,0
DEL10503,Unknown,Unknown,0,0,Truck,0
DEL10504,Unknown,Unknown,0,0,Truck,0
DEL10505,Unknown,Unknown,0,0,Truck,0
DEL10506,Unknown,Unknown,0,0,Truck,0
DEL10507,Unknown,Unknown,0,0,Truck,0
DEL10508,Unknown,Unknown,0,0,Truck,0
DEL10509,Unknown,Unknown,0,0,Truck,0
DEL10510,Unknown,Unknown,0,0,Truck,0
DEL10511,Unknown,Unknown,0,0,Truck,0
DEL10512,Unknown,Unknown,0,0,Truck,0
DEL10513,Unknown,Unknown,0,0,Truck,0
DEL10514,Unknown,Unknown,0,0,Truck,0
DEL10515,Unknown,Unknown,0,0,Truck,0
DEL10516,Unknown,Unknown,0,0,Truck,0
DEL10517,Unknown,Unknown,0,0,Truck,0
DEL10518,Unknown,Unknown,0,0,Truck,0
DEL10519,Unknown,Unknown,0,0,Truck,0
DEL10520,Unknown,Unknown,0,0,Truck,0
DEL10521,Unknown,Unknown,0,0,Truck,0
DEL10522,Unknown,Unknown,0,0,Truck,0
DEL10523,Unknown,Unknown,0,0,Truck,0
DEL10524,Unknown,Unknown,0,0,Truck,0
DEL10525,Unknown,Unknown,0,0,Truck,0
DEL10526,Unknown,Unknown,0,0,Truck,0
DEL10527,Unknown,Unknown,0,0,Truck,0
DEL10528,Unknown,Unknown,0,0,Truck,0
DEL10529,Unknown,Unknown,0,0,Truck,0
DEL10530,Unknown,Unknown,0,0,Truck,0
DEL10531,Unknown,Unknown,0,0,Truck,0
DEL10532,Unknown,Unknown,0,0,Truck,0
DEL10533,Unknown,Unknown,0,0,Truck,0
DEL10534,Unknown,Unknown,0,0,Truck,0
DEL10535,Unknown,Unknown,0,0,Truck,0
DEL10536,Unknown,Unknown,0,0,Truck,0
DEL10537,Unknown,Unknown,0,0,Truck,0
DEL10538,Unknown,Unknown,0,0,Truck,0
DEL10539,Unknown,Unknown,0,0,Truck,0
DEL10540,Unknown,Unknown,0,0,Truck,0
DEL10541,Unknown,Unknown,0,0,Truck,0
DEL10542,Unknown,Unknown,0,0,Truck,0
DEL10543,Unknown,Unknown,0,0,Truck,0
DEL10544,Unknown,Unknown,0,0,Truck,0
DEL10545,Unknown,Unknown,0,0,Truck,0
DEL10546,Unknown,Unknown,0,0,Truck,0
DEL10547,Unknown,Unknown,0,0,Truck,0
DEL10548,Unknown,Unknown,0,0,Truck,0
DEL10549,Unknown,Unknown,0,0,Truck,0
DEL10550,Unknown,Unknown,0,0,Truck,0
DEL10551,Unknown,Unknown,0,0,Truck,0
DEL10552,Unknown,Unknown,0,0,Truck,0
DEL10553,Unknown,Unknown,0,0,Truck,0
DEL10554,Unknown,Unknown,0,0,Truck,0
DEL10555,Unknown,Unknown,0,0,Truck,0
DEL10556,Unknown,Unknown,0,0,Truck,0
DEL10557,Unknown,Unknown,0,0,Truck,0
DEL10558,Unknown,Unknown,0,0,Truck,0
DEL10559,Unknown,Unknown,0,0,Truck,0
DEL10560,Unknown,Unknown,0,0,Truck,0
DEL10561,Unknown,Unknown,0,0,Truck,0
DEL10562,Unknown,Unknown,0,0,Truck,0
DEL10563,Unknown,Unknown,0,0,Truck,0
DEL10564,Unknown,Unknown,0,0,Truck,0
DEL10565,Unknown,Unknown,0,0,Truck,0
DEL10566,Unknown,Unknown,0,0,Truck,0
DEL10567,Unknown,Unknown,0,0,Truck,0
DEL10568,Unknown,Unknown,0,0,Truck,0
DEL10569,Unknown,Unknown,0,0,Truck,0
DEL10570,Unknown,Unknown,0,0,Truck,0
DEL10571,Unknown,Unknown,0,0,Truck,0
DEL10572,Unknown,Unknown,0,0,Truck,0
DEL10573,Unknown,Unknown,0,0,Truck,0
DEL10574,Unknown,Unknown,0,0,Truck,0
DEL10575,Unknown,Unknown,0,0,Truck,0
DEL10576,Unknown,Unknown,0,0,Truck,0
DEL10577,Unknown,Unknown,0,0,Truck,0
DEL10578,Unknown,Unknown,0,0,Truck,0
DEL10579,Unknown,Unknown,0,0,Truck,0
DEL10580,Unknown,Unknown,0,0,Truck,0
DEL10581,Unknown,Unknown,0,0,Truck,0
DEL10582,Unknown,Unknown,0,0,Truck,0
DEL10583,Unknown,Unknown,0,0,Truck,0
DEL10584,Unknown,Unknown,0,0,Truck,0
DEL10585,Unknown,Unknown,0,0,Truck,0
DEL10586,Unknown,Unknown,0,0,Truck,0
DEL10587,Unknown,Unknown,0,0,Truck,0
DEL10588,Unknown,Unknown,0,0,Truck,0
DEL10589,Unknown,Unknown,0,0,Truck,0
DEL10590,Unknown,Unknown,0,0,Truck,0
DEL10591,Unknown,Unknown,0,0,Truck,0
DEL10592,Unknown,Unknown,0,0,Truck,0
DEL10593,Unknown,Unknown,0,0,Truck,0
DEL10594,Unknown,Unknown,0,0,Truck,0
DEL10595,Unknown,Unknown,0,0,Truck,0
DEL10596,Unknown,Unknown,0,0,Truck,0
DEL10597,Unknown,Unknown,0,0,Truck,0
DEL10598,Unknown,Unknown,0,0,Truck,0
DEL10599,Unknown,Unknown,0,0,Truck,0
DEL10600,Unknown,Unknown,0,0,Truck,0
DEL10601,Unknown,Unknown,0,0,Truck,0
DEL10602,Unknown,Unknown,0,0,Truck,0
DEL10603,Unknown,Unknown,0,0,Truck,0
DEL10604,Unknown,Unknown,0,0,Truck,0
DEL10605,Unknown,Unknown,0,0,Truck,0
DEL10606,Unknown,Unknown,0,0,Truck,0
DEL10607,Unknown,Unknown,0,0,Truck,0
DEL10608,Unknown,Unknown,0,0,Truck,0
DEL10609,Unknown,Unknown,0,0,Truck,0
DEL10610,Unknown,Unknown,0,0,Truck,0
DEL10611,Unknown,Unknown,0,0,Truck,0
DEL10612,Unknown,Unknown,0,0,Truck,0
DEL10613,Unknown,Unknown,0,0,Truck,0
DEL10614,Unknown,Unknown,0,0,Truck,0
DEL10615,Unknown,Unknown,0,0,Truck,0
DEL10616,Unknown,Unknown,0,0,Truck,0
DEL10617,Unknown,Unknown,0,0,Truck,0
DEL10618,Unknown,Unknown,0,0,Truck,0
DEL10619,Unknown,Unknown,0,0,Truck,0
DEL10620,Unknown,Unknown,0,0,Truck,0
DEL10621,Unknown,Unknown,0,0,Truck,0
DEL10622,Unknown,Unknown,0,0,Truck,0
DEL10623,Unknown,Unknown,0,0,Truck,0
DEL10624,Unknown,Unknown,0,0,Truck,0
DEL10625,Unknown,Unknown,0,0,Truck,0
DEL10626,Unknown,Unknown,0,0,Truck,0
DEL10627,Unknown,Unknown,0,0,Truck,0
DEL10628,Unknown,Unknown,0,0,Truck,0
DEL10629,Unknown,Unknown,0,0,Truck,0
DEL10630,Unknown,Unknown,0,0,Truck,0
DEL10631,Unknown,Unknown,0,0,Truck,0
DEL10632,Unknown,Unknown,0,0,Truck,0
DEL10633,Unknown,Unknown,0,0,Truck,0
DEL10634,Unknown,Unknown,0,0,Truck,0
DEL10635,Unknown,Unknown,0,0,Truck,0
DEL10636,Unknown,Unknown,0,0,Truck,0
DEL10637,Unknown,Unknown,0,0,Truck,0
DEL10638,Unknown,Unknown,0,0,Truck,0
DEL10639,Unknown,Unknown,0,0,Truck,0
DEL10640,Unknown,Unknown,0,0,Truck,0
DEL10641,Unknown,Unknown,0,0,Truck,0
DEL10642,Unknown,Unknown,0,0,Truck,0
DEL10643,Unknown,Unknown,0,0,Truck,0
DEL10644,Unknown,Unknown,0,0,Truck,0
DEL10645,Unknown,Unknown,0,0,Truck,0
DEL10646,Unknown,Unknown,0,0,Truck,0
DEL10647,Unknown,Unknown,0,0,Truck,0
DEL10648,Unknown,Unknown,0,0,Truck,0
DEL10649,Unknown,Unknown,0,0,Truck,0
DEL10650,Unknown,Unknown,0,0,Truck,0
DEL10651,Unknown,Unknown,0,0,Truck,0
DEL10652,Unknown,Unknown,0,0,Truck,0
DEL10653,Unknown,Unknown,0,0,Truck,0
DEL10654,Unknown,Unknown,0,0,Truck,0
DEL10655,Unknown,Unknown,0,0,Truck,0
DEL10656,Unknown,Unknown,0,0,Truck,0
DEL10657,Unknown,Unknown,0,0,Truck,0
DEL10658,Unknown,Unknown,0,0,Truck,0
DEL10659,Unknown,Unknown,0,0,Truck,0
DEL10660,Unknown,Unknown,0,0,Truck,0
DEL10661,Unknown,Unknown,0,0,Truck,0
DEL10662,Unknown,Unknown,0,0,Truck,0
DEL10663,Unknown,Unknown,0,0,Truck,0
DEL10664,Unknown,Unknown,0,0,Truck,0
DEL10665,Unknown,Unknown,0,0,Truck,0
DEL10666,Unknown,Unknown,0,0,Truck,0
DEL10667,Unknown,Unknown,0,0,Truck,0
DEL10668,Unknown,Unknown,0,0,Truck,0
DEL10669,Unknown,Unknown,0,0,Truck,0
DEL10670,Unknown,Unknown,0,0,Truck,0
DEL10671,Unknown,Unknown,0,0,Truck,0
DEL10672,Unknown,Unknown,0,0,Truck,0
DEL10673,Unknown,Unknown,0,0,Truck,0
DEL10674,Unknown,Unknown,0,0,Truck,0
DEL10675,Unknown,Unknown,0,0,Truck,0
DEL10676,Unknown,Unknown,0,0,Truck,0
DEL10677,Unknown,Unknown,0,0,Truck,0
DEL10678,Unknown,Unknown,0,0,Truck,0
DEL10679,Unknown,Unknown,0,0,Truck,0
DEL10680,Unknown,Unknown,0,0,Truck,0
DEL10681,Unknown,Unknown,0,0,Truck,0
DEL10682,Unknown,Unknown,0,0,Truck,0
DEL10683,Unknown,Unknown,0,0,Truck,0
DEL10684,Unknown,Unknown,0,0,Truck,0
DEL10685,Unknown,Unknown,0,0,Truck,0
DEL10686,Unknown,Unknown,0,0,Truck,0
DEL10687,Unknown,Unknown,0,0,Truck,0
DEL10688,Unknown,Unknown,0,0,Truck,0
DEL10689,Unknown,Unknown,0,0,Truck,0
DEL10690,Unknown,Unknown,0,0,Truck,0
DEL10691,Unknown,Unknown,0,0,Truck,0
DEL10692,Unknown,Unknown,0,0,Truck,0
DEL10693,Unknown,Unknown,0,0,Truck,0
DEL10694,Unknown,Unknown,0,0,Truck,0
DEL10695,Unknown,Unknown,0,0,Truck,0
DEL10696,Unknown,Unknown,0,0,Truck,0
DEL10697,Unknown,Unknown,0,0,Truck,0
DEL10698,Unknown,Unknown,0,0,Truck,0
DEL10699,Unknown,Unknown,0,0,Truck,0
DEL10700,Unknown,Unknown,0,0,Truck,0
DEL10701,Unknown,Unknown,0,0,Truck,0
DEL10702,Unknown,Unknown,0,0,Truck,0
DEL10703,Unknown,Unknown,0,0,Truck,0
DEL10704,Unknown,Unknown,0,0,Truck,0
DEL10705,Unknown,Unknown,0,0,Truck,0
DEL10706,Unknown,Unknown,0,0,Truck,0
DEL10707,Unknown,Unknown,0,0,Truck,0
DEL10708,Unknown,Unknown,0,0,Truck,0
DEL10709,Unknown,Unknown,0,0,Truck,0
DEL10710,Unknown,Unknown,0,0,Truck,0
DEL10711,Unknown,Unknown,0,0,Truck,0
DEL10712,Unknown,Unknown,0,0,Truck,0
DEL10713,Unknown,Unknown,0,0,Truck,0
DEL10714,Unknown,Unknown,0,0,Truck,0
DEL10715,Unknown,Unknown,0,0,Truck,0
DEL10716,Unknown,Unknown,0,0,Truck,0
DEL10717,Unknown,Unknown,0,0,Truck,0
DEL10718,Unknown,Unknown,0,0,Truck,0
DEL10719,Unknown,Unknown,0,0,Truck,0
DEL10720,Unknown,Unknown,0,0,Truck,0
DEL10721,Unknown,Unknown,0,0,Truck,0
DEL10722,Unknown,Unknown,0,0,Truck,0
DEL10723,Unknown,Unknown,0,0,Truck,0
DEL10724,Unknown,Unknown,0,0,Truck,0
DEL10725,Unknown,Unknown,0,0,Truck,0
DEL10726,Unknown,Unknown,0,0,Truck,0
DEL10727,Unknown,Unknown,0,0,Truck,0
DEL10728,Unknown,Unknown,0,0,Truck,0
DEL10729,Unknown,Unknown,0,0,Truck,0
DEL10730,Unknown,Unknown,0,0,Truck,0
DEL10731,Unknown,Unknown,0,0,Truck,0
DEL10732,Unknown,Unknown,0,0,Truck,0
DEL10733,Unknown,Unknown,0,0,Truck,0
DEL10734,Unknown,Unknown,0,0,Truck,0
DEL10735,Unknown,Unknown,0,0,Truck,0
DEL10736,Unknown,Unknown,0,0,Truck,0
DEL10737,Unknown,Unknown,0,0,Truck,0
DEL10738,Unknown,Unknown,0,0,Truck,0
DEL10739,Unknown,Unknown,0,0,Truck,0
DEL10740,Unknown,Unknown,0,0,Truck,0
DEL10741,Unknown,Unknown,0,0,Truck,0
DEL10742,Unknown,Unknown,0,0,Truck,0
DEL10743,Unknown,Unknown,0,0,Truck,0
DEL10744,Unknown,Unknown,0,0,Truck,0
DEL10745,Unknown,Unknown,0,0,Truck,0
DEL10746,Unknown,Unknown,0,0,Truck,0
DEL10747,Unknown,Unknown,0,0,Truck,0
DEL10748,Unknown,Unknown,0,0,Truck,0
DEL10749,Unknown,Unknown,0,0,Truck,0
DEL10750,Unknown,Unknown,0,0,Truck,0
DEL10751,Unknown,Unknown,0,0,Truck,0
DEL10752,Unknown,Unknown,0,0,Truck,0
DEL10753,Unknown,Unknown,0,0,Truck,0
DEL10754,Unknown,Unknown,0,0,Truck,0
DEL10755,Unknown,Unknown,0,0,Truck,0
DEL10756,Unknown,Unknown,0,0,Truck,0
DEL10757,Unknown,Unknown,0,0,Truck,0
DEL10758,Unknown,Unknown,0,0,Truck,0
DEL10759,Unknown,Unknown,0,0,Truck,0
DEL10760,Unknown,Unknown,0,0,Truck,0
DEL10761,Unknown,Unknown,0,0,Truck,0
DEL10762,Unknown,Unknown,0,0,Truck,0
DEL10763,Unknown,Unknown,0,0,Truck,0
DEL10764,Unknown,Unknown,0,0,Truck,0
DEL10765,Unknown,Unknown,0,0,Truck,0
DEL10766,Unknown,Unknown,0,0,Truck,0
DEL10767,Unknown,Unknown,0,0,Truck,0
DEL10768,Unknown,Unknown,0,0,Truck,0
DEL10769,Unknown,Unknown,0,0,Truck,0
DEL10770,Unknown,Unknown,0,0,Truck,0
DEL10771,Unknown,Unknown,0,0,Truck,0
DEL10772,Unknown,Unknown,0,0,Truck,0
DEL10773,Unknown,Unknown,0,0,Truck,0
DEL10774,Unknown,Unknown,0,0,Truck,0
DEL10775,Unknown,Unknown,0,0,Truck,0
DEL10776,Unknown,Unknown,0,0,Truck,0
DEL10777,Unknown,Unknown,0,0,Truck,0
DEL10778,Unknown,Unknown,0,0,Truck,0
DEL10779,Unknown,Unknown,0,0,Truck,0
DEL10780,Unknown,Unknown,0,0,Truck,0
DEL10781,Unknown,Unknown,0,0,Truck,0
DEL10782,Unknown,Unknown,0,0,Truck,0
DEL10783,Unknown,Unknown,0,0,Truck,0
DEL10784,Unknown,Unknown,0,0,Truck,0
DEL10785,Unknown,Unknown,0,0,Truck,0
DEL10786,Unknown,Unknown,0,0,Truck,0
DEL10787,Unknown,Unknown,0,0,Truck,0
DEL10788,Unknown,Unknown,0,0,Truck,0
DEL10789,Unknown,Unknown,0,0,Truck,0
DEL10790,Unknown,Unknown,0,0,Truck,0
DEL10791,Unknown,Unknown,0,0,Truck,0
DEL10792,Unknown,Unknown,0,0,Truck,0
DEL10793,Unknown,Unknown,0,0,Truck,0
DEL10794,Unknown,Unknown,0,0,Truck,0
DEL10795,Unknown,Unknown,0,0,Truck,0
DEL10796,Unknown,Unknown,0,0,Truck,0
DEL10797,Unknown,Unknown,0,0,Truck,0
DEL10798,Unknown,Unknown,0,0,Truck,0
DEL10799,Unknown,Unknown,0,0,Truck,0
DEL10800,Unknown,Unknown,0,0,Truck,0
DEL10801,Unknown,Unknown,0,0,Truck,0
DEL10802,Unknown,Unknown,0,0,Truck,0
DEL10803,Unknown,Unknown,0,0,Truck,0
DEL10804,Unknown,Unknown,0,0,Truck,0
DEL10805,Unknown,Unknown,0,0,Truck,0
DEL10806,Unknown,Unknown,0,0,Truck,0
DEL10807,Unknown,Unknown,0,0,Truck,0
DEL10808,Unknown,Unknown,0,0,Truck,0
DEL10809,Unknown,Unknown,0,0,Truck,0
DEL10810,Unknown,Unknown,0,0,Truck,0
DEL10811,Unknown,Unknown,0,0,Truck,0
DEL10812,Unknown,Unknown,0,0,Truck,0
DEL10813,Unknown,Unknown,0,0,Truck,0
DEL10814,Unknown,Unknown,0,0,Truck,0
DEL10815,Unknown,Unknown,0,0,Truck,0
DEL10816,Unknown,Unknown,0,0,Truck,0
DEL10817,Unknown,Unknown,0,0,Truck,0
DEL10818,Unknown,Unknown,0,0,Truck,0
DEL10819,Unknown,Unknown,0,0,Truck,0
DEL10820,Unknown,Unknown,0,0,Truck,0
DEL10821,Unknown,Unknown,0,0,Truck,0
DEL10822,Unknown,Unknown,0,0,Truck,0
DEL10823,Unknown,Unknown,0,0,Truck,0
DEL10824,Unknown,Unknown,0,0,Truck,0
DEL10825,Unknown,Unknown,0,0,Truck,0
DEL10826,Unknown,Unknown,0,0,Truck,0
DEL10827,Unknown,Unknown,0,0,Truck,0
DEL10828,Unknown,Unknown,0,0,Truck,0
DEL10829,Unknown,Unknown,0,0,Truck,0
DEL10830,Unknown,Unknown,0,0,Truck,0
DEL10831,Unknown,Unknown,0,0,Truck,0
DEL10832,Unknown,Unknown,0,0,Truck,0
DEL10833,Unknown,Unknown,0,0,Truck,0
DEL10834,Unknown,Unknown,0,0,Truck,0
DEL10835,Unknown,Unknown,0,0,Truck,0
DEL10836,Unknown,Unknown,0,0,Truck,0
DEL10837,Unknown,Unknown,0,0,Truck,0
DEL10838,Unknown,Unknown,0,0,Truck,0
DEL10839,Unknown,Unknown,0,0,Truck,0
DEL10840,Unknown,Unknown,0,0,Truck,0
DEL10841,Unknown,Unknown,0,0,Truck,0
DEL10842,Unknown,Unknown,0,0,Truck,0
DEL10843,Unknown,Unknown,0,0,Truck,0
DEL10844,Unknown,Unknown,0,0,Truck,0
DEL10845,Unknown,Unknown,0,0,Truck,0
DEL10846,Unknown,Unknown,0,0,Truck,0
DEL10847,Unknown,Unknown,0,0,Truck,0
DEL10848,Unknown,Unknown,0,0,Truck,0
DEL10849,Unknown,Unknown,0,0,Truck,0
DEL10850,Unknown,Unknown,0,0,Truck,0
DEL10851,Unknown,Unknown,0,0,Truck,0
DEL10852,Unknown,Unknown,0,0,Truck,0
DEL10853,Unknown,Unknown,0,0,Truck,0
DEL10854,Unknown,Unknown,0,0,Truck,0
DEL10855,Unknown,Unknown,0,0,Truck,0
DEL10856,Unknown,Unknown,0,0,Truck,0
DEL10857,Unknown,Unknown,0,0,Truck,0
DEL10858,Unknown,Unknown,0,0,Truck,0
DEL10859,Unknown,Unknown,0,0,Truck,0
DEL10860,Unknown,Unknown,0,0,Truck,0
DEL10861,Unknown,Unknown,0,0,Truck,0
DEL10862,Unknown,Unknown,0,0,Truck,0
DEL10863,Unknown,Unknown,0,0,Truck,0
DEL10864,Unknown,Unknown,0,0,Truck,0
DEL10865,Unknown,Unknown,0,0,Truck,0
DEL10866,Unknown,Unknown,0,0,Truck,0
DEL10867,Unknown,Unknown,0,0,Truck,0
DEL10868,Unknown,Unknown,0,0,Truck,0
DEL10869,Unknown,Unknown,0,0,Truck,0
DEL10870,Unknown,Unknown,0,0,Truck,0
DEL10871,Unknown,Unknown,0,0,Truck,0
DEL10872,Unknown,Unknown,0,0,Truck,0
DEL10873,Unknown,Unknown,0,0,Truck,0
DEL10874,Unknown,Unknown,0,0,Truck,0
DEL10875,Unknown,Unknown,0,0,Truck,0
DEL10876,Unknown,Unknown,0,0,Truck,0
DEL10877,Unknown,Unknown,0,0,Truck,0
DEL10878,Unknown,Unknown,0,0,Truck,0
DEL10879,Unknown,Unknown,0,0,Truck,0
DEL10880,Unknown,Unknown,0,0,Truck,0
DEL10881,Unknown,Unknown,0,0,Truck,0
DEL10882,Unknown,Unknown,0,0,Truck,0
DEL10883,Unknown,Unknown,0,0,Truck,0
DEL10884,Unknown,Unknown,0,0,Truck,0
DEL10885,Unknown,Unknown,0,0,Truck,0
DEL10886,Unknown,Unknown,0,0,Truck,0
DEL10887,Unknown,Unknown,0,0,Truck,0
DEL10888,Unknown,Unknown,0,0,Truck,0
DEL10889,Unknown,Unknown,0,0,Truck,0
DEL10890,Unknown,Unknown,0,0,Truck,0
DEL10891,Unknown,Unknown,0,0,Truck,0
DEL10892,Unknown,Unknown,0,0,Truck,0
DEL10893,Unknown,Unknown,0,0,Truck,0
DEL10894,Unknown,Unknown,0,0,Truck,0
DEL10895,Unknown,Unknown,0,0,Truck,0
DEL10896,Unknown,Unknown,0,0,Truck,0
DEL10897,Unknown,Unknown,0,0,Truck,0
DEL10898,Unknown,Unknown,0,0,Truck,0
DEL10899,Unknown,Unknown,0,0,Truck,0
DEL10900,Unknown,Unknown,0,0,Truck,0
DEL10901,Unknown,Unknown,0,0,Truck,0
DEL10902,Unknown,Unknown,0,0,Truck,0
DEL10903,Unknown,Unknown,0,0,Truck,0
DEL10904,Unknown,Unknown,0,0,Truck,0
DEL10905,Unknown,Unknown,0,0,Truck,0
DEL10906,Unknown,Unknown,0,0,Truck,0
DEL10907,Unknown,Unknown,0,0,Truck,0
DEL10908,Unknown,Unknown,0,0,Truck,0
DEL10909,Unknown,Unknown,0,0,Truck,0
DEL10910,Unknown,Unknown,0,0,Truck,0
DEL10911,Unknown,Unknown,0,0,Truck,0
DEL10912,Unknown,Unknown,0,0,Truck,0
DEL10913,Unknown,Unknown,0,0,Truck,0
DEL10914,Unknown,Unknown,0,0,Truck,0
DEL10915,Unknown,Unknown,0,0,Truck,0
DEL10916,Unknown,Unknown,0,0,Truck,0
DEL10917,Unknown,Unknown,0,0,Truck,0
DEL10918,Unknown,Unknown,0,0,Truck,0
DEL10919,Unknown,Unknown,0,0,Truck,0
DEL10920,Unknown,Unknown,0,0,Truck,0
DEL10921,Unknown,Unknown,0,0,Truck,0
DEL10922,Unknown,Unknown,0,0,Truck,0
DEL10923,Unknown,Unknown,0,0,Truck,0
DEL10924,Unknown,Unknown,0,0,Truck,0
DEL10925,Unknown,Unknown,0,0,Truck,0
DEL10926,Unknown,Unknown,0,0,Truck,0
DEL10927,Unknown,Unknown,0,0,Truck,0
DEL10928,Unknown,Unknown,0,0,Truck,0
DEL10929,Unknown,Unknown,0,0,Truck,0
DEL10930,Unknown,Unknown,0,0,Truck,0
DEL10931,Unknown,Unknown,0,0,Truck,0
DEL10932,Unknown,Unknown,0,0,Truck,0
DEL10933,Unknown,Unknown,0,0,Truck,0
DEL10934,Unknown,Unknown,0,0,Truck,0
DEL10935,Unknown,Unknown,0,0,Truck,0
DEL10936,Unknown,Unknown,0,0,Truck,0
DEL10937,Unknown,Unknown,0,0,Truck,0
DEL10938,Unknown,Unknown,0,0,Truck,0
DEL10939,Unknown,Unknown,0,0,Truck,0
DEL10940,Unknown,Unknown,0,0,Truck,0
DEL10941,Unknown,Unknown,0,0,Truck,0
DEL10942,Unknown,Unknown,0,0,Truck,0
DEL10943,Unknown,Unknown,0,0,Truck,0
DEL10944,Unknown,Unknown,0,0,Truck,0
DEL10945,Unknown,Unknown,0,0,Truck,0
DEL10946,Unknown,Unknown,0,0,Truck,0
DEL10947,Unknown,Unknown,0,0,Truck,0
DEL10948,Unknown,Unknown,0,0,Truck,0
DEL10949,Unknown,Unknown,0,0,Truck,0
DEL10950,Unknown,Unknown,0,0,Truck,0
DEL10951,Unknown,Unknown,0,0,Truck,0
DEL10952,Unknown,Unknown,0,0,Truck,0
DEL10953,Unknown,Unknown,0,0,Truck,0
DEL10954,Unknown,Unknown,0,0,Truck,0
DEL10955,Unknown,Unknown,0,0,Truck,0
DEL10956,Unknown,Unknown,0,0,Truck,0
DEL10957,Unknown,Unknown,0,0,Truck,0
DEL10958,Unknown,Unknown,0,0,Truck,0
DEL10959,Unknown,Unknown,0,0,Truck,0
DEL10960,Unknown,Unknown,0,0,Truck,0
DEL10961,Unknown,Unknown,0,0,Truck,0
DEL10962,Unknown,Unknown,0,0,Truck,0
DEL10963,Unknown,Unknown,0,0,Truck,0
DEL10964,Unknown,Unknown,0,0,Truck,0
DEL10965,Unknown,Unknown,0,0,Truck,0
DEL10966,Unknown,Unknown,0,0,Truck,0
DEL10967,Unknown,Unknown,0,0,Truck,0
DEL10968,Unknown,Unknown,0,0,Truck,0
DEL10969,Unknown,Unknown,0,0,Truck,0
DEL10970,Unknown,Unknown,0,0,Truck,0
DEL10971,Unknown,Unknown,0,0,Truck,0
DEL10972,Unknown,Unknown,0,0,Truck,0
DEL10973,Unknown,Unknown,0,0,Truck,0
DEL10974,Unknown,Unknown,0,0,Truck,0
DEL10975,Unknown,Unknown,0,0,Truck,0
DEL10976,Unknown,Unknown,0,0,Truck,0
DEL10977,Unknown,Unknown,0,0,Truck,0
DEL10978,Unknown,Unknown,0,0,Truck,0
DEL10979,Unknown,Unknown,0,0,Truck,0
DEL10980,Unknown,Unknown,0,0,Truck,0
DEL10981,Unknown,Unknown,0,0,Truck,0
DEL10982,Unknown,Unknown,0,0,Truck,0
DEL10983,Unknown,Unknown,0,0,Truck,0
DEL10984,Unknown,Unknown,0,0,Truck,0
DEL10985,Unknown,Unknown,0,0,Truck,0
DEL10986,Unknown,Unknown,0,0,Truck,0
DEL10987,Unknown,Unknown,0,0,Truck,0
DEL10988,Unknown,Unknown,0,0,Truck,0
DEL10989,Unknown,Unknown,0,0,Truck,0
DEL10990,Unknown,Unknown,0,0,Truck,0
DEL10991,Unknown,Unknown,0,0,Truck,0
DEL10992,Unknown,Unknown,0,0,Truck,0
DEL10993,Unknown,Unknown,0,0,Truck,0
DEL10994,Unknown,Unknown,0,0,Truck,0
DEL10995,Unknown,Unknown,0,0,Truck,0
DEL10996,Unknown,Unknown,0,0,Truck,0
DEL10997,Unknown,Unknown,0,0,Truck,0
DEL10998,Unknown,Unknown,0,0,Truck,0
DEL10999,Unknown,Unknown,0,0,Truck,0
DEL11000,Unknown,Unknown,0,0,Truck,0
DEL11001,Unknown,Unknown,0,0,Truck,0
DEL11002,Unknown,Unknown,0,0,Truck,0
DEL11003,Unknown,Unknown,0,0,Truck,0
DEL11004,Unknown,Unknown,0,0,Truck,0
DEL11005,Unknown,Unknown,0,0,Truck,0
DEL11006,Unknown,Unknown,0,0,Truck,0
DEL11007,Unknown,Unknown,0,0,Truck,0
DEL11008,Unknown,Unknown,0,0,Truck,0
DEL11009,Unknown,Unknown,0,0,Truck,0
DEL11010,Unknown,Unknown,0,0,Truck,0
DEL11011,Unknown,Unknown,0,0,Truck,0
DEL11012,Unknown,Unknown,0,0,Truck,0
DEL11013,Unknown,Unknown,0,0,Truck,0
DEL11014,Unknown,Unknown,0,0,Truck,0
DEL11015,Unknown,Unknown,0,0,Truck,0
DEL11016,Unknown,Unknown,0,0,Truck,0
DEL11017,Unknown,Unknown,0,0,Truck,0
DEL11018,Unknown,Unknown,0,0,Truck,0
DEL11019,Unknown,Unknown,0,0,Truck,0
DEL11020,Unknown,Unknown,0,0,Truck,0
DEL11021,Unknown,Unknown,0,0,Truck,0
DEL11022,Unknown,Unknown,0,0,Truck,0
DEL11023,Unknown,Unknown,0,0,Truck,0
DEL11024,Unknown,Unknown,0,0,Truck,0
DEL11025,Unknown,Unknown,0,0,Truck,0
DEL11026,Unknown,Unknown,0,0,Truck,0
DEL11027,Unknown,Unknown,0,0,Truck,0
DEL11028,Unknown,Unknown,0,0,Truck,0
DEL11029,Unknown,Unknown,0,0,Truck,0
DEL11030,Unknown,Unknown,0,0,Truck,0
DEL11031,Unknown,Unknown,0,0,Truck,0
DEL11032,Unknown,Unknown,0,0,Truck,0
DEL11033,Unknown,Unknown,0,0,Truck,0
DEL11034,Unknown,Unknown,0,0,Truck,0
DEL11035,Unknown,Unknown,0,0,Truck,0
DEL11036,Unknown,Unknown,0,0,Truck,0
DEL11037,Unknown,Unknown,0,0,Truck,0
DEL11038,Unknown,Unknown,0,0,Truck,0
DEL11039,Unknown,Unknown,0,0,Truck,0
DEL11040,Unknown,Unknown,0,0,Truck,0
DEL11041,Unknown,Unknown,0,0,Truck,0
DEL11042,Unknown,Unknown,0,0,Truck,0
DEL11043,Unknown,Unknown,0,0,Truck,0
DEL11044,Unknown,Unknown,0,0,Truck,0
DEL11045,Unknown,Unknown,0,0,Truck,0
DEL11046,Unknown,Unknown,0,0,Truck,0
DEL11047,Unknown,Unknown,0,0,Truck,0
DEL11048,Unknown,Unknown,0,0,Truck,0
DEL11049,Unknown,Unknown,0,0,Truck,0
DEL11050,Unknown,Unknown,0,0,Truck,0
DEL11051,Unknown,Unknown,0,0,Truck,0
DEL11052,Unknown,Unknown,0,0,Truck,0
DEL11053,Unknown,Unknown,0,0,Truck,0
DEL11054,Unknown,Unknown,0,0,Truck,0
DEL11055,Unknown,Unknown,0,0,Truck,0
DEL11056,Unknown,Unknown,0,0,Truck,0
DEL11057,Unknown,Unknown,0,0,Truck,0
DEL11058,Unknown,Unknown,0,0,Truck,0
DEL11059,Unknown,Unknown,0,0,Truck,0
DEL11060,Unknown,Unknown,0,0,Truck,0
DEL11061,Unknown,Unknown,0,0,Truck,0
DEL11062,Unknown,Unknown,0,0,Truck,0
DEL11063,Unknown,Unknown,0,0,Truck,0
DEL11064,Unknown,Unknown,0,0,Truck,0
DEL11065,Unknown,Unknown,0,0,Truck,0
DEL11066,Unknown,Unknown,0,0,Truck,0
DEL11067,Unknown,Unknown,0,0,Truck,0
DEL11068,Unknown,Unknown,0,0,Truck,0
DEL11069,Unknown,Unknown,0,0,Truck,0
DEL11070,Unknown,Unknown,0,0,Truck,0
DEL11071,Unknown,Unknown,0,0,Truck,0
DEL11072,Unknown,Unknown,0,0,Truck,0
DEL11073,Unknown,Unknown,0,0,Truck,0
DEL11074,Unknown,Unknown,0,0,Truck,0
DEL11075,Unknown,Unknown,0,0,Truck,0
DEL11076,Unknown,Unknown,0,0,Truck,0
DEL11077,Unknown,Unknown,0,0,Truck,0
DEL11078,Unknown,Unknown,0,0,Truck,0
DEL11079,Unknown,Unknown,0,0,Truck,0
DEL11080,Unknown,Unknown,0,0,Truck,0
DEL11081,Unknown,Unknown,0,0,Truck,0
DEL11082,Unknown,Unknown,0,0,Truck,0
DEL11083,Unknown,Unknown,0,0,Truck,0
DEL11084,Unknown,Unknown,0,0,Truck,0
DEL11085,Unknown,Unknown,0,0,Truck,0
DEL11086,Unknown,Unknown,0,0,Truck,0
DEL11087,Unknown,Unknown,0,0,Truck,0
DEL11088,Unknown,Unknown,0,0,Truck,0
DEL11089,Unknown,Unknown,0,0,Truck,0
DEL11090,Unknown,Unknown,0,0,Truck,0
DEL11091,Unknown,Unknown,0,0,Truck,0
DEL11092,Unknown,Unknown,0,0,Truck,0
DEL11093,Unknown,Unknown,0,0,Truck,0
DEL11094,Unknown,Unknown,0,0,Truck,0
DEL11095,Unknown,Unknown,0,0,Truck,0
DEL11096,Unknown,Unknown,0,0,Truck,0
DEL11097,Unknown,Unknown,0,0,Truck,0
DEL11098,Unknown,Unknown,0,0,Truck,0
DEL11099,Unknown,Unknown,0,0,Truck,0
DEL11100,Unknown,Unknown,0,0,Truck,0
DEL11101,Unknown,Unknown,0,0,Truck,0
DEL11102,Unknown,Unknown,0,0,Truck,0
DEL11103,Unknown,Unknown,0,0,Truck,0
DEL11104,Unknown,Unknown,0,0,Truck,0
DEL11105,Unknown,Unknown,0,0,Truck,0
DEL11106,Unknown,Unknown,0,0,Truck,0
DEL11107,Unknown,Unknown,0,0,Truck,0
DEL11108,Unknown,Unknown,0,0,Truck,0
DEL11109,Unknown,Unknown,0,0,Truck,0
DEL11110,Unknown,Unknown,0,0,Truck,0
DEL11111,Unknown,Unknown,0,0,Truck,0
DEL11112,Unknown,Unknown,0,0,Truck,0
DEL11113,Unknown,Unknown,0,0,Truck,0
DEL11114,Unknown,Unknown,0,0,Truck,0
DEL11115,Unknown,Unknown,0,0,Truck,0
DEL11116,Unknown,Unknown,0,0,Truck,0
DEL11117,Unknown,Unknown,0,0,Truck,0
DEL11118,Unknown,Unknown,0,0,Truck,0
DEL11119,Unknown,Unknown,0,0,Truck,0
DEL11120,Unknown,Unknown,0,0,Truck,0
DEL11121,Unknown,Unknown,0,0,Truck,0
DEL11122,Unknown,Unknown,0,0,Truck,0
DEL11123,Unknown,Unknown,0,0,Truck,0
DEL11124,Unknown,Unknown,0,0,Truck,0
DEL11125,Unknown,Unknown,0,0,Truck,0
DEL11126,Unknown,Unknown,0,0,Truck,0
DEL11127,Unknown,Unknown,0,0,Truck,0
DEL11128,Unknown,Unknown,0,0,Truck,0
DEL11129,Unknown,Unknown,0,0,Truck,0
DEL11130,Unknown,Unknown,0,0,Truck,0
DEL11131,Unknown,Unknown,0,0,Truck,0
DEL11132,Unknown,Unknown,0,0,Truck,0
DEL11133,Unknown,Unknown,0,0,Truck,0
DEL11134,Unknown,Unknown,0,0,Truck,0
DEL11135,Unknown,Unknown,0,0,Truck,0
DEL11136,Unknown,Unknown,0,0,Truck,0
DEL11137,Unknown,Unknown,0,0,Truck,0
DEL11138,Unknown,Unknown,0,0,Truck,0
DEL11139,Unknown,Unknown,0,0,Truck,0
DEL11140,Unknown,Unknown,0,0,Truck,0
DEL11141,Unknown,Unknown,0,0,Truck,0
DEL11142,Unknown,Unknown,0,0,Truck,0
DEL11143,Unknown,Unknown,0,0,Truck,0
DEL11144,Unknown,Unknown,0,0,Truck,0
DEL11145,Unknown,Unknown,0,0,Truck,0
DEL11146,Unknown,Unknown,0,0,Truck,0
DEL11147,Unknown,Unknown,0,0,Truck,0
DEL11148,Unknown,Unknown,0,0,Truck,0
DEL11149,Unknown,Unknown,0,0,Truck,0
DEL11150,Unknown,Unknown,0,0,Truck,0
DEL11151,Unknown,Unknown,0,0,Truck,0
DEL11152,Unknown,Unknown,0,0,Truck,0
DEL11153,Unknown,Unknown,0,0,Truck,0
DEL11154,Unknown,Unknown,0,0,Truck,0
DEL11155,Unknown,Unknown,0,0,Truck,0
DEL11156,Unknown,Unknown,0,0,Truck,0
DEL11157,Unknown,Unknown,0,0,Truck,0
DEL11158,Unknown,Unknown,0,0,Truck,0
DEL11159,Unknown,Unknown,0,0,Truck,0
DEL11160,Unknown,Unknown,0,0,Truck,0
DEL11161,Unknown,Unknown,0,0,Truck,0
DEL11162,Unknown,Unknown,0,0,Truck,0
DEL11163,Unknown,Unknown,0,0,Truck,0
DEL11164,Unknown,Unknown,0,0,Truck,0
DEL11165,Unknown,Unknown,0,0,Truck,0
DEL11166,Unknown,Unknown,0,0,Truck,0
DEL11167,Unknown,Unknown,0,0,Truck,0
DEL11168,Unknown,Unknown,0,0,Truck,0
DEL11169,Unknown,Unknown,0,0,Truck,0
DEL11170,Unknown,Unknown,0,0,Truck,0
DEL11171,Unknown,Unknown,0,0,Truck,0
DEL11172,Unknown,Unknown,0,0,Truck,0
DEL11173,Unknown,Unknown,0,0,Truck,0
DEL11174,Unknown,Unknown,0,0,Truck,0
DEL11175,Unknown,Unknown,0,0,Truck,0
DEL11176,Unknown,Unknown,0,0,Truck,0
DEL11177,Unknown,Unknown,0,0,Truck,0
DEL11178,Unknown,Unknown,0,0,Truck,0
DEL11179,Unknown,Unknown,0,0,Truck,0
DEL11180,Unknown,Unknown,0,0,Truck,0
DEL11181,Unknown,Unknown,0,0,Truck,0
DEL11182,Unknown,Unknown,0,0,Truck,0
DEL11183,Unknown,Unknown,0,0,Truck,0
DEL11184,Unknown,Unknown,0,0,Truck,0
DEL11185,Unknown,Unknown,0,0,Truck,0
DEL11186,Unknown,Unknown,0,0,Truck,0
DEL11187,Unknown,Unknown,0,0,Truck,0
DEL11188,Unknown,Unknown,0,0,Truck,0
DEL11189,Unknown,Unknown,0,0,Truck,0
DEL11190,Unknown,Unknown,0,0,Truck,0
DEL11191,Unknown,Unknown,0,0,Truck,0
DEL11192,Unknown,Unknown,0,0,Truck,0
DEL11193,Unknown,Unknown,0,0,Truck,0
DEL11194,Unknown,Unknown,0,0,Truck,0
DEL11195,Unknown,Unknown,0,0,Truck,0
DEL11196,Unknown,Unknown,0,0,Truck,0
DEL11197,Unknown,Unknown,0,0,Truck,0
DEL11198,Unknown,Unknown,0,0,Truck,0
DEL11199,Unknown,Unknown,0,0,Truck,0
DEL11200,Unknown,Unknown,0,0,Truck,0
DEL11201,Unknown,Unknown,0,0,Truck,0
DEL11202,Unknown,Unknown,0,0,Truck,0
DEL11203,Unknown,Unknown,0,0,Truck,0
DEL11204,Unknown,Unknown,0,0,Truck,0
DEL11205,Unknown,Unknown,0,0,Truck,0
DEL11206,Unknown,Unknown,0,0,Truck,0
DEL11207,Unknown,Unknown,0,0,Truck,0
DEL11208,Unknown,Unknown,0,0,Truck,0
DEL11209,Unknown,Unknown,0,0,Truck,0
DEL11210,Unknown,Unknown,0,0,Truck,0
DEL11211,Unknown,Unknown,0,0,Truck,0
DEL11212,Unknown,Unknown,0,0,Truck,0
DEL11213,Unknown,Unknown,0,0,Truck,0
DEL11214,Unknown,Unknown,0,0,Truck,0
DEL11215,Unknown,Unknown,0,0,Truck,0
DEL11216,Unknown,Unknown,0,0,Truck,0
DEL11217,Unknown,Unknown,0,0,Truck,0
DEL11218,Unknown,Unknown,0,0,Truck,0
DEL11219,Unknown,Unknown,0,0,Truck,0
DEL11220,Unknown,Unknown,0,0,Truck,0
DEL11221,Unknown,Unknown,0,0,Truck,0
DEL11222,Unknown,Unknown,0,0,Truck,0
DEL11223,Unknown,Unknown,0,0,Truck,0
DEL11224,Unknown,Unknown,0,0,Truck,0
DEL11225,Unknown,Unknown,0,0,Truck,0
DEL11226,Unknown,Unknown,0,0,Truck,0
DEL11227,Unknown,Unknown,0,0,Truck,0
DEL11228,Unknown,Unknown,0,0,Truck,0
DEL11229,Unknown,Unknown,0,0,Truck,0
DEL11230,Unknown,Unknown,0,0,Truck,0
DEL11231,Unknown,Unknown,0,0,Truck,0
DEL11232,Unknown,Unknown,0,0,Truck,0
DEL11233,Unknown,Unknown,0,0,Truck,0
DEL11234,Unknown,Unknown,0,0,Truck,0
DEL11235,Unknown,Unknown,0,0,Truck,0
DEL11236,Unknown,Unknown,0,0,Truck,0
DEL11237,Unknown,Unknown,0,0,Truck,0
DEL11238,Unknown,Unknown,0,0,Truck,0
DEL11239,Unknown,Unknown,0,0,Truck,0
DEL11240,Unknown,Unknown,0,0,Truck,0
DEL11241,Unknown,Unknown,0,0,Truck,0
DEL11242,Unknown,Unknown,0,0,Truck,0
DEL11243,Unknown,Unknown,0,0,Truck,0
DEL11244,Unknown,Unknown,0,0,Truck,0
DEL11245,Unknown,Unknown,0,0,Truck,0
DEL11246,Unknown,Unknown,0,0,Truck,0
DEL11247,Unknown,Unknown,0,0,Truck,0
DEL11248,Unknown,Unknown,0,0,Truck,0
DEL11249,Unknown,Unknown,0,0,Truck,0
DEL11250,Unknown,Unknown,0,0,Truck,0
DEL11251,Unknown,Unknown,0,0,Truck,0
DEL11252,Unknown,Unknown,0,0,Truck,0
DEL11253,Unknown,Unknown,0,0,Truck,0
DEL11254,Unknown,Unknown,0,0,Truck,0
DEL11255,Unknown,Unknown,0,0,Truck,0
DEL11256,Unknown,Unknown,0,0,Truck,0
DEL11257,Unknown,Unknown,0,0,Truck,0
DEL11258,Unknown,Unknown,0,0,Truck,0
DEL11259,Unknown,Unknown,0,0,Truck,0
DEL11260,Unknown,Unknown,0,0,Truck,0
DEL11261,Unknown,Unknown,0,0,Truck,0
DEL11262,Unknown,Unknown,0,0,Truck,0
DEL11263,Unknown,Unknown,0,0,Truck,0
DEL11264,Unknown,Unknown,0,0,Truck,0
DEL11265,Unknown,Unknown,0,0,Truck,0
DEL11266,Unknown,Unknown,0,0,Truck,0
DEL11267,Unknown,Unknown,0,0,Truck,0
DEL11268,Unknown,Unknown,0,0,Truck,0
DEL11269,Unknown,Unknown,0,0,Truck,0
DEL11270,Unknown,Unknown,0,0,Truck,0
DEL11271,Unknown,Unknown,0,0,Truck,0
DEL11272,Unknown,Unknown,0,0,Truck,0
DEL11273,Unknown,Unknown,0,0,Truck,0
DEL11274,Unknown,Unknown,0,0,Truck,0
DEL11275,Unknown,Unknown,0,0,Truck,0
DEL11276,Unknown,Unknown,0,0,Truck,0
DEL11277,Unknown,Unknown,0,0,Truck,0
DEL11278,Unknown,Unknown,0,0,Truck,0
DEL11279,Unknown,Unknown,0,0,Truck,0
DEL11280,Unknown,Unknown,0,0,Truck,0
DEL11281,Unknown,Unknown,0,0,Truck,0
DEL11282,Unknown,Unknown,0,0,Truck,0
DEL11283,Unknown,Unknown,0,0,Truck,0
DEL11284,Unknown,Unknown,0,0,Truck,0
DEL11285,Unknown,Unknown,0,0,Truck,0
DEL11286,Unknown,Unknown,0,0,Truck,0
DEL11287,Unknown,Unknown,0,0,Truck,0
DEL11288,Unknown,Unknown,0,0,Truck,0
DEL11289,Unknown,Unknown,0,0,Truck,0
DEL11290,Unknown,Unknown,0,0,Truck,0
DEL11291,Unknown,Unknown,0,0,Truck,0
DEL11292,Unknown,Unknown,0,0,Truck,0
DEL11293,Unknown,Unknown,0,0,Truck,0
DEL11294,Unknown,Unknown,0,0,Truck,0
DEL11295,Unknown,Unknown,0,0,Truck,0
DEL11296,Unknown,Unknown,0,0,Truck,0
DEL11297,Unknown,Unknown,0,0,Truck,0
DEL11298,Unknown,Unknown,0,0,Truck,0
DEL11299,Unknown,Unknown,0,0,Truck,0
DEL11300,Unknown,Unknown,0,0,Truck,0
DEL11301,Unknown,Unknown,0,0,Truck,0
DEL11302,Unknown,Unknown,0,0,Truck,0
DEL11303,Unknown,Unknown,0,0,Truck,0
DEL11304,Unknown,Unknown,0,0,Truck,0
DEL11305,Unknown,Unknown,0,0,Truck,0
DEL11306,Unknown,Unknown,0,0,Truck,0
DEL11307,Unknown,Unknown,0,0,Truck,0
DEL11308,Unknown,Unknown,0,0,Truck,0
DEL11309,Unknown,Unknown,0,0,Truck,0
DEL11310,Unknown,Unknown,0,0,Truck,0
DEL11311,Unknown,Unknown,0,0,Truck,0
DEL11312,Unknown,Unknown,0,0,Truck,0
DEL11313,Unknown,Unknown,0,0,Truck,0
DEL11314,Unknown,Unknown,0,0,Truck,0
DEL11315,Unknown,Unknown,0,0,Truck,0
DEL11316,Unknown,Unknown,0,0,Truck,0
DEL11317,Unknown,Unknown,0,0,Truck,0
DEL11318,Unknown,Unknown,0,0,Truck,0
DEL11319,Unknown,Unknown,0,0,Truck,0
DEL11320,Unknown,Unknown,0,0,Truck,0
DEL11321,Unknown,Unknown,0,0,Truck,0
DEL11322,Unknown,Unknown,0,0,Truck,0
DEL11323,Unknown,Unknown,0,0,Truck,0
DEL11324,Unknown,Unknown,0,0,Truck,0
DEL11325,Unknown,Unknown,0,0,Truck,0
DEL11326,Unknown,Unknown,0,0,Truck,0
DEL11327,Unknown,Unknown,0,0,Truck,0
DEL11328,Unknown,Unknown,0,0,Truck,0
DEL11329,Unknown,Unknown,0,0,Truck,0
DEL11330,Unknown,Unknown,0,0,Truck,0
DEL11331,Unknown,Unknown,0,0,Truck,0
DEL11332,Unknown,Unknown,0,0,Truck,0
DEL11333,Unknown,Unknown,0,0,Truck,0
DEL11334,Unknown,Unknown,0,0,Truck,0
DEL11335,Unknown,Unknown,0,0,Truck,0
DEL11336,Unknown,Unknown,0,0,Truck,0
DEL11337,Unknown,Unknown,0,0,Truck,0
DEL11338,Unknown,Unknown,0,0,Truck,0
DEL11339,Unknown,Unknown,0,0,Truck,0
DEL11340,Unknown,Unknown,0,0,Truck,0
DEL11341,Unknown,Unknown,0,0,Truck,0
DEL11342,Unknown,Unknown,0,0,Truck,0
DEL11343,Unknown,Unknown,0,0,Truck,0
DEL11344,Unknown,Unknown,0,0,Truck,0
DEL11345,Unknown,Unknown,0,0,Truck,0
DEL11346,Unknown,Unknown,0,0,Truck,0
DEL11347,Unknown,Unknown,0,0,Truck,0
DEL11348,Unknown,Unknown,0,0,Truck,0
DEL11349,Unknown,Unknown,0,0,Truck,0
DEL11350,Unknown,Unknown,0,0,Truck,0
DEL11351,Unknown,Unknown,0,0,Truck,0
DEL11352,Unknown,Unknown,0,0,Truck,0
DEL11353,Unknown,Unknown,0,0,Truck,0
DEL11354,Unknown,Unknown,0,0,Truck,0
DEL11355,Unknown,Unknown,0,0,Truck,0
DEL11356,Unknown,Unknown,0,0,Truck,0
DEL11357,Unknown,Unknown,0,0,Truck,0
DEL11358,Unknown,Unknown,0,0,Truck,0
DEL11359,Unknown,Unknown,0,0,Truck,0
DEL11360,Unknown,Unknown,0,0,Truck,0
DEL11361,Unknown,Unknown,0,0,Truck,0
DEL11362,Unknown,Unknown,0,0,Truck,0
DEL11363,Unknown,Unknown,0,0,Truck,0
DEL11364,Unknown,Unknown,0,0,Truck,0
DEL11365,Unknown,Unknown,0,0,Truck,0
DEL11366,Unknown,Unknown,0,0,Truck,0
DEL11367,Unknown,Unknown,0,0,Truck,0
DEL11368,Unknown,Unknown,0,0,Truck,0
DEL11369,Unknown,Unknown,0,0,Truck,0
DEL11370,Unknown,Unknown,0,0,Truck,0
DEL11371,Unknown,Unknown,0,0,Truck,0
DEL11372,Unknown,Unknown,0,0,Truck,0
DEL11373,Unknown,Unknown,0,0,Truck,0
DEL11374,Unknown,Unknown,0,0,Truck,0
DEL11375,Unknown,Unknown,0,0,Truck,0
DEL11376,Unknown,Unknown,0,0,Truck,0
DEL11377,Unknown,Unknown,0,0,Truck,0
DEL11378,Unknown,Unknown,0,0,Truck,0
DEL11379,Unknown,Unknown,0,0,Truck,0
DEL11380,Unknown,Unknown,0,0,Truck,0
DEL11381,Unknown,Unknown,0,0,Truck,0
DEL11382,Unknown,Unknown,0,0,Truck,0
DEL11383,Unknown,Unknown,0,0,Truck,0
DEL11384,Unknown,Unknown,0,0,Truck,0
DEL11385,Unknown,Unknown,0,0,Truck,0
DEL11386,Unknown,Unknown,0,0,Truck,0
DEL11387,Unknown,Unknown,0,0,Truck,0
DEL11388,Unknown,Unknown,0,0,Truck,0
DEL11389,Unknown,Unknown,0,0,Truck,0
DEL11390,Unknown,Unknown,0,0,Truck,0
DEL11391,Unknown,Unknown,0,0,Truck,0
DEL11392,Unknown,Unknown,0,0,Truck,0
DEL11393,Unknown,Unknown,0,0,Truck,0
DEL11394,Unknown,Unknown,0,0,Truck,0
DEL11395,Unknown,Unknown,0,0,Truck,0
DEL11396,Unknown,Unknown,0,0,Truck,0
DEL11397,Unknown,Unknown,0,0,Truck,0
DEL11398,Unknown,Unknown,0,0,Truck,0
DEL11399,Unknown,Unknown,0,0,Truck,0
DEL11400,Unknown,Unknown,0,0,Truck,0
DEL11401,Unknown,Unknown,0,0,Truck,0
DEL11402,Unknown,Unknown,0,0,Truck,0
DEL11403,Unknown,Unknown,0,0,Truck,0
DEL11404,Unknown,Unknown,0,0,Truck,0
DEL11405,Unknown,Unknown,0,0,Truck,0
DEL11406,Unknown,Unknown,0,0,Truck,0
DEL11407,Unknown,Unknown,0,0,Truck,0
DEL11408,Unknown,Unknown,0,0,Truck,0
DEL11409,Unknown,Unknown,0,0,Truck,0
DEL11410,Unknown,Unknown,0,0,Truck,0
DEL11411,Unknown,Unknown,0,0,Truck,0
DEL11412,Unknown,Unknown,0,0,Truck,0
DEL11413,Unknown,Unknown,0,0,Truck,0
DEL11414,Unknown,Unknown,0,0,Truck,0
DEL11415,Unknown,Unknown,0,0,Truck,0
DEL11416,Unknown,Unknown,0,0,Truck,0
DEL11417,Unknown,Unknown,0,0,Truck,0
DEL11418,Unknown,Unknown,0,0,Truck,0
DEL11419,Unknown,Unknown,0,0,Truck,0
DEL11420,Unknown,Unknown,0,0,Truck,0
DEL11421,Unknown,Unknown,0,0,Truck,0
DEL11422,Unknown,Unknown,0,0,Truck,0
DEL11423,Unknown,Unknown,0,0,Truck,0
DEL11424,Unknown,Unknown,0,0,Truck,0
DEL11425,Unknown,Unknown,0,0,Truck,0
DEL11426,Unknown,Unknown,0,0,Truck,0
DEL11427,Unknown,Unknown,0,0,Truck,0
DEL11428,Unknown,Unknown,0,0,Truck,0
DEL11429,Unknown,Unknown,0,0,Truck,0
DEL11430,Unknown,Unknown,0,0,Truck,0
DEL11431,Unknown,Unknown,0,0,Truck,0
DEL11432,Unknown,Unknown,0,0,Truck,0
DEL11433,Unknown,Unknown,0,0,Truck,0
DEL11434,Unknown,Unknown,0,0,Truck,0
DEL11435,Unknown,Unknown,0,0,Truck,0
DEL11436,Unknown,Unknown,0,0,Truck,0
DEL11437,Unknown,Unknown,0,0,Truck,0
DEL11438,Unknown,Unknown,0,0,Truck,0
DEL11439,Unknown,Unknown,0,0,Truck,0
DEL11440,Unknown,Unknown,0,0,Truck,0
DEL11441,Unknown,Unknown,0,0,Truck,0
DEL11442,Unknown,Unknown,0,0,Truck,0
DEL11443,Unknown,Unknown,0,0,Truck,0
DEL11444,Unknown,Unknown,0,0,Truck,0
DEL11445,Unknown,Unknown,0,0,Truck,0
DEL11446,Unknown,Unknown,0,0,Truck,0
DEL11447,Unknown,Unknown,0,0,Truck,0
DEL11448,Unknown,Unknown,0,0,Truck,0
DEL11449,Unknown,Unknown,0,0,Truck,0
DEL11450,Unknown,Unknown,0,0,Truck,0
DEL11451,Unknown,Unknown,0,0,Truck,0
DEL11452,Unknown,Unknown,0,0,Truck,0
DEL11453,Unknown,Unknown,0,0,Truck,0
DEL11454,Unknown,Unknown,0,0,Truck,0
DEL11455,Unknown,Unknown,0,0,Truck,0
DEL11456,Unknown,Unknown,0,0,Truck,0
DEL11457,Unknown,Unknown,0,0,Truck,0
DEL11458,Unknown,Unknown,0,0,Truck,0
DEL11459,Unknown,Unknown,0,0,Truck,0
DEL11460,Unknown,Unknown,0,0,Truck,0
DEL11461,Unknown,Unknown,0,0,Truck,0
DEL11462,Unknown,Unknown,0,0,Truck,0
DEL11463,Unknown,Unknown,0,0,Truck,0
DEL11464,Unknown,Unknown,0,0,Truck,0
DEL11465,Unknown,Unknown,0,0,Truck,0
DEL11466,Unknown,Unknown,0,0,Truck,0
DEL11467,Unknown,Unknown,0,0,Truck,0
DEL11468,Unknown,Unknown,0,0,Truck,0
DEL11469,Unknown,Unknown,0,0,Truck,0
DEL11470,Unknown,Unknown,0,0,Truck,0
DEL11471,Unknown,Unknown,0,0,Truck,0
DEL11472,Unknown,Unknown,0,0,Truck,0
DEL11473,Unknown,Unknown,0,0,Truck,0
DEL11474,Unknown,Unknown,0,0,Truck,0
DEL11475,Unknown,Unknown,0,0,Truck,0
DEL11476,Unknown,Unknown,0,0,Truck,0
DEL11477,Unknown,Unknown,0,0,Truck,0
DEL11478,Unknown,Unknown,0,0,Truck,0
DEL11479,Unknown,Unknown,0,0,Truck,0
DEL11480,Unknown,Unknown,0,0,Truck,0
DEL11481,Unknown,Unknown,0,0,Truck,0
DEL11482,Unknown,Unknown,0,0,Truck,0
DEL11483,Unknown,Unknown,0,0,Truck,0
DEL11484,Unknown,Unknown,0,0,Truck,0
DEL11485,Unknown,Unknown,0,0,Truck,0
DEL11486,Unknown,Unknown,0,0,Truck,0
DEL11487,Unknown,Unknown,0,0,Truck,0
DEL11488,Unknown,Unknown,0,0,Truck,0
DEL11489,Unknown,Unknown,0,0,Truck,0
DEL11490,Unknown,Unknown,0,0,Truck,0
DEL11491,Unknown,Unknown,0,0,Truck,0
DEL11492,Unknown,Unknown,0,0,Truck,0
DEL11493,Unknown,Unknown,0,0,Truck,0
DEL11494,Unknown,Unknown,0,0,Truck,0
DEL11495,Unknown,Unknown,0,0,Truck,0
DEL11496,Unknown,Unknown,0,0,Truck,0
DEL11497,Unknown,Unknown,0,0,Truck,0
DEL11498,Unknown,Unknown,0,0,Truck,0
DEL11499,Unknown,Unknown,0,0,Truck,0
DEL11500,Unknown,Unknown,0,0,Truck,0
DEL11501,Unknown,Unknown,0,0,Truck,0
DEL11502,Unknown,Unknown,0,0,Truck,0
DEL11503,Unknown,Unknown,0,0,Truck,0
DEL11504,Unknown,Unknown,0,0,Truck,0
DEL11505,Unknown,Unknown,0,0,Truck,0
DEL11506,Unknown,Unknown,0,0,Truck,0
DEL11507,Unknown,Unknown,0,0,Truck,0
DEL11508,Unknown,Unknown,0,0,Truck,0
DEL11509,Unknown,Unknown,0,0,Truck,0
DEL11510,Unknown,Unknown,0,0,Truck,0
DEL11511,Unknown,Unknown,0,0,Truck,0
DEL11512,Unknown,Unknown,0,0,Truck,0
DEL11513,Unknown,Unknown,0,0,Truck,0
DEL11514,Unknown,Unknown,0,0,Truck,0
DEL11515,Unknown,Unknown,0,0,Truck,0
DEL11516,Unknown,Unknown,0,0,Truck,0
DEL11517,Unknown,Unknown,0,0,Truck,0
DEL11518,Unknown,Unknown,0,0,Truck,0
DEL11519,Unknown,Unknown,0,0,Truck,0
DEL11520,Unknown,Unknown,0,0,Truck,0
DEL11521,Unknown,Unknown,0,0,Truck,0
DEL11522,Unknown,Unknown,0,0,Truck,0
DEL11523,Unknown,Unknown,0,0,Truck,0
DEL11524,Unknown,Unknown,0,0,Truck,0
DEL11525,Unknown,Unknown,0,0,Truck,0
DEL11526,Unknown,Unknown,0,0,Truck,0
DEL11527,Unknown,Unknown,0,0,Truck,0
DEL11528,Unknown,Unknown,0,0,Truck,0
DEL11529,Unknown,Unknown,0,0,Truck,0
DEL11530,Unknown,Unknown,0,0,Truck,0
DEL11531,Unknown,Unknown,0,0,Truck,0
DEL11532,Unknown,Unknown,0,0,Truck,0
DEL11533,Unknown,Unknown,0,0,Truck,0
DEL11534,Unknown,Unknown,0,0,Truck,0
DEL11535,Unknown,Unknown,0,0,Truck,0
DEL11536,Unknown,Unknown,0,0,Truck,0
DEL11537,Unknown,Unknown,0,0,Truck,0
DEL11538,Unknown,Unknown,0,0,Truck,0
DEL11539,Unknown,Unknown,0,0,Truck,0
DEL11540,Unknown,Unknown,0,0,Truck,0
DEL11541,Unknown,Unknown,0,0,Truck,0
DEL11542,Unknown,Unknown,0,0,Truck,0
DEL11543,Unknown,Unknown,0,0,Truck,0
DEL11544,Unknown,Unknown,0,0,Truck,0
DEL11545,Unknown,Unknown,0,0,Truck,0
DEL11546,Unknown,Unknown,0,0,Truck,0
DEL11547,Unknown,Unknown,0,0,Truck,0
DEL11548,Unknown,Unknown,0,0,Truck,0
DEL11549,Unknown,Unknown,0,0,Truck,0
DEL11550,Unknown,Unknown,0,0,Truck,0
DEL11551,Unknown,Unknown,0,0,Truck,0
DEL11552,Unknown,Unknown,0,0,Truck,0
DEL11553,Unknown,Unknown,0,0,Truck,0
DEL11554,Unknown,Unknown,0,0,Truck,0
DEL11555,Unknown,Unknown,0,0,Truck,0
DEL11556,Unknown,Unknown,0,0,Truck,0
DEL11557,Unknown,Unknown,0,0,Truck,0
DEL11558,Unknown,Unknown,0,0,Truck,0
DEL11559,Unknown,Unknown,0,0,Truck,0
DEL11560,Unknown,Unknown,0,0,Truck,0
DEL11561,Unknown,Unknown,0,0,Truck,0
DEL11562,Unknown,Unknown,0,0,Truck,0
DEL11563,Unknown,Unknown,0,0,Truck,0
DEL11564,Unknown,Unknown,0,0,Truck,0
DEL11565,Unknown,Unknown,0,0,Truck,0
DEL11566,Unknown,Unknown,0,0,Truck,0
DEL11567,Unknown,Unknown,0,0,Truck,0
DEL11568,Unknown,Unknown,0,0,Truck,0
DEL11569,Unknown,Unknown,0,0,Truck,0
DEL11570,Unknown,Unknown,0,0,Truck,0
DEL11571,Unknown,Unknown,0,0,Truck,0
DEL11572,Unknown,Unknown,0,0,Truck,0
DEL11573,Unknown,Unknown,0,0,Truck,0
DEL11574,Unknown,Unknown,0,0,Truck,0
DEL11575,Unknown,Unknown,0,0,Truck,0
DEL11576,Unknown,Unknown,0,0,Truck,0
DEL11577,Unknown,Unknown,0,0,Truck,0
DEL11578,Unknown,Unknown,0,0,Truck,0
DEL11579,Unknown,Unknown,0,0,Truck,0
DEL11580,Unknown,Unknown,0,0,Truck,0
DEL11581,Unknown,Unknown,0,0,Truck,0
DEL11582,Unknown,Unknown,0,0,Truck,0
DEL11583,Unknown,Unknown,0,0,Truck,0
DEL11584,Unknown,Unknown,0,0,Truck,0
DEL11585,Unknown,Unknown,0,0,Truck,0
DEL11586,Unknown,Unknown,0,0,Truck,0
DEL11587,Unknown,Unknown,0,0,Truck,0
DEL11588,Unknown,Unknown,0,0,Truck,0
DEL11589,Unknown,Unknown,0,0,Truck,0
DEL11590,Unknown,Unknown,0,0,Truck,0
DEL11591,Unknown,Unknown,0,0,Truck,0
DEL11592,Unknown,Unknown,0,0,Truck,0
DEL11593,Unknown,Unknown,0,0,Truck,0
DEL11594,Unknown,Unknown,0,0,Truck,0
DEL11595,Unknown,Unknown,0,0,Truck,0
DEL11596,Unknown,Unknown,0,0,Truck,0
DEL11597,Unknown,Unknown,0,0,Truck,0
DEL11598,Unknown,Unknown,0,0,Truck,0
DEL11599,Unknown,Unknown,0,0,Truck,0
DEL11600,Unknown,Unknown,0,0,Truck,0
DEL11601,Unknown,Unknown,0,0,Truck,0
DEL11602,Unknown,Unknown,0,0,Truck,0
DEL11603,Unknown,Unknown,0,0,Truck,0
DEL11604,Unknown,Unknown,0,0,Truck,0
DEL11605,Unknown,Unknown,0,0,Truck,0
DEL11606,Unknown,Unknown,0,0,Truck,0
DEL11607,Unknown,Unknown,0,0,Truck,0
DEL11608,Unknown,Unknown,0,0,Truck,0
DEL11609,Unknown,Unknown,0,0,Truck,0
DEL11610,Unknown,Unknown,0,0,Truck,0
DEL11611,Unknown,Unknown,0,0,Truck,0
DEL11612,Unknown,Unknown,0,0,Truck,0
DEL11613,Unknown,Unknown,0,0,Truck,0
DEL11614,Unknown,Unknown,0,0,Truck,0
DEL11615,Unknown,Unknown,0,0,Truck,0
DEL11616,Unknown,Unknown,0,0,Truck,0
DEL11617,Unknown,Unknown,0,0,Truck,0
DEL11618,Unknown,Unknown,0,0,Truck,0
DEL11619,Unknown,Unknown,0,0,Truck,0
DEL11620,Unknown,Unknown,0,0,Truck,0
DEL11621,Unknown,Unknown,0,0,Truck,0
DEL11622,Unknown,Unknown,0,0,Truck,0
DEL11623,Unknown,Unknown,0,0,Truck,0
DEL11624,Unknown,Unknown,0,0,Truck,0
DEL11625,Unknown,Unknown,0,0,Truck,0
DEL11626,Unknown,Unknown,0,0,Truck,0
DEL11627,Unknown,Unknown,0,0,Truck,0
DEL11628,Unknown,Unknown,0,0,Truck,0
DEL11629,Unknown,Unknown,0,0,Truck,0
DEL11630,Unknown,Unknown,0,0,Truck,0
DEL11631,Unknown,Unknown,0,0,Truck,0
DEL11632,Unknown,Unknown,0,0,Truck,0
DEL11633,Unknown,Unknown,0,0,Truck,0
DEL11634,Unknown,Unknown,0,0,Truck,0
DEL11635,Unknown,Unknown,0,0,Truck,0
DEL11636,Unknown,Unknown,0,0,Truck,0
DEL11637,Unknown,Unknown,0,0,Truck,0
DEL11638,Unknown,Unknown,0,0,Truck,0
DEL11639,Unknown,Unknown,0,0,Truck,0
DEL11640,Unknown,Unknown,0,0,Truck,0
DEL11641,Unknown,Unknown,0,0,Truck,0
DEL11642,Unknown,Unknown,0,0,Truck,0
DEL11643,Unknown,Unknown,0,0,Truck,0
DEL11644,Unknown,Unknown,0,0,Truck,0
DEL11645,Unknown,Unknown,0,0,Truck,0
DEL11646,Unknown,Unknown,0,0,Truck,0
DEL11647,Unknown,Unknown,0,0,Truck,0
DEL11648,Unknown,Unknown,0,0,Truck,0
DEL11649,Unknown,Unknown,0,0,Truck,0
DEL11650,Unknown,Unknown,0,0,Truck,0
DEL11651,Unknown,Unknown,0,0,Truck,0
DEL11652,Unknown,Unknown,0,0,Truck,0
DEL11653,Unknown,Unknown,0,0,Truck,0
DEL11654,Unknown,Unknown,0,0,Truck,0
DEL11655,Unknown,Unknown,0,0,Truck,0
DEL11656,Unknown,Unknown,0,0,Truck,0
DEL11657,Unknown,Unknown,0,0,Truck,0
DEL11658,Unknown,Unknown,0,0,Truck,0
DEL11659,Unknown,Unknown,0,0,Truck,0
DEL11660,Unknown,Unknown,0,0,Truck,0
DEL11661,Unknown,Unknown,0,0,Truck,0
DEL11662,Unknown,Unknown,0,0,Truck,0
DEL11663,Unknown,Unknown,0,0,Truck,0
DEL11664,Unknown,Unknown,0,0,Truck,0
DEL11665,Unknown,Unknown,0,0,Truck,0
DEL11666,Unknown,Unknown,0,0,Truck,0
DEL11667,Unknown,Unknown,0,0,Truck,0
DEL11668,Unknown,Unknown,0,0,Truck,0
DEL11669,Unknown,Unknown,0,0,Truck,0
DEL11670,Unknown,Unknown,0,0,Truck,0
DEL11671,Unknown,Unknown,0,0,Truck,0
DEL11672,Unknown,Unknown,0,0,Truck,0
DEL11673,Unknown,Unknown,0,0,Truck,0
DEL11674,Unknown,Unknown,0,0,Truck,0
DEL11675,Unknown,Unknown,0,0,Truck,0
DEL11676,Unknown,Unknown,0,0,Truck,0
DEL11677,Unknown,Unknown,0,0,Truck,0
DEL11678,Unknown,Unknown,0,0,Truck,0
DEL11679,Unknown,Unknown,0,0,Truck,0
DEL11680,Unknown,Unknown,0,0,Truck,0
DEL11681,Unknown,Unknown,0,0,Truck,0
DEL11682,Unknown,Unknown,0,0,Truck,0
DEL11683,Unknown,Unknown,0,0,Truck,0
DEL11684,Unknown,Unknown,0,0,Truck,0
DEL11685,Unknown,Unknown,0,0,Truck,0
DEL11686,Unknown,Unknown,0,0,Truck,0
DEL11687,Unknown,Unknown,0,0,Truck,0
DEL11688,Unknown,Unknown,0,0,Truck,0
DEL11689,Unknown,Unknown,0,0,Truck,0
DEL11690,Unknown,Unknown,0,0,Truck,0
DEL11691,Unknown,Unknown,0,0,Truck,0
DEL11692,Unknown,Unknown,0,0,Truck,0
DEL11693,Unknown,Unknown,0,0,Truck,0
DEL11694,Unknown,Unknown,0,0,Truck,0
DEL11695,Unknown,Unknown,0,0,Truck,0
DEL11696,Unknown,Unknown,0,0,Truck,0
DEL11697,Unknown,Unknown,0,0,Truck,0
DEL11698,Unknown,Unknown,0,0,Truck,0
DEL11699,Unknown,Unknown,0,0,Truck,0
DEL11700,Unknown,Unknown,0,0,Truck,0
DEL11701,Unknown,Unknown,0,0,Truck,0
DEL11702,Unknown,Unknown,0,0,Truck,0
DEL11703,Unknown,Unknown,0,0,Truck,0
DEL11704,Unknown,Unknown,0,0,Truck,0
DEL11705,Unknown,Unknown,0,0,Truck,0
DEL11706,Unknown,Unknown,0,0,Truck,0
DEL11707,Unknown,Unknown,0,0,Truck,0
DEL11708,Unknown,Unknown,0,0,Truck,0
DEL11709,Unknown,Unknown,0,0,Truck,0
DEL11710,Unknown,Unknown,0,0,Truck,0
DEL11711,Unknown,Unknown,0,0,Truck,0
DEL11712,Unknown,Unknown,0,0,Truck,0
DEL11713,Unknown,Unknown,0,0,Truck,0
DEL11714,Unknown,Unknown,0,0,Truck,0
DEL11715,Unknown,Unknown,0,0,Truck,0
DEL11716,Unknown,Unknown,0,0,Truck,0
DEL11717,Unknown,Unknown,0,0,Truck,0
DEL11718,Unknown,Unknown,0,0,Truck,0
DEL11719,Unknown,Unknown,0,0,Truck,0
DEL11720,Unknown,Unknown,0,0,Truck,0
DEL11721,Unknown,Unknown,0,0,Truck,0
DEL11722,Unknown,Unknown,0,0,Truck,0
DEL11723,Unknown,Unknown,0,0,Truck,0
DEL11724,Unknown,Unknown,0,0,Truck,0
DEL11725,Unknown,Unknown,0,0,Truck,0
DEL11726,Unknown,Unknown,0,0,Truck,0
DEL11727,Unknown,Unknown,0,0,Truck,0
DEL11728,Unknown,Unknown,0,0,Truck,0
DEL11729,Unknown,Unknown,0,0,Truck,0
DEL11730,Unknown,Unknown,0,0,Truck,0
DEL11731,Unknown,Unknown,0,0,Truck,0
DEL11732,Unknown,Unknown,0,0,Truck,0
DEL11733,Unknown,Unknown,0,0,Truck,0
DEL11734,Unknown,Unknown,0,0,Truck,0
DEL11735,Unknown,Unknown,0,0,Truck,0
DEL11736,Unknown,Unknown,0,0,Truck,0
DEL11737,Unknown,Unknown,0,0,Truck,0
DEL11738,Unknown,Unknown,0,0,Truck,0
DEL11739,Unknown,Unknown,0,0,Truck,0
DEL11740,Unknown,Unknown,0,0,Truck,0
DEL11741,Unknown,Unknown,0,0,Truck,0
DEL11742,Unknown,Unknown,0,0,Truck,0
DEL11743,Unknown,Unknown,0,0,Truck,0
DEL11744,Unknown,Unknown,0,0,Truck,0
DEL11745,Unknown,Unknown,0,0,Truck,0
DEL11746,Unknown,Unknown,0,0,Truck,0
DEL11747,Unknown,Unknown,0,0,Truck,0
DEL11748,Unknown,Unknown,0,0,Truck,0
DEL11749,Unknown,Unknown,0,0,Truck,0
DEL11750,Unknown,Unknown,0,0,Truck,0
DEL11751,Unknown,Unknown,0,0,Truck,0
DEL11752,Unknown,Unknown,0,0,Truck,0
DEL11753,Unknown,Unknown,0,0,Truck,0
DEL11754,Unknown,Unknown,0,0,Truck,0
DEL11755,Unknown,Unknown,0,0,Truck,0
DEL11756,Unknown,Unknown,0,0,Truck,0
DEL11757,Unknown,Unknown,0,0,Truck,0
DEL11758,Unknown,Unknown,0,0,Truck,0
DEL11759,Unknown,Unknown,0,0,Truck,0
DEL11760,Unknown,Unknown,0,0,Truck,0
DEL11761,Unknown,Unknown,0,0,Truck,0
DEL11762,Unknown,Unknown,0,0,Truck,0
DEL11763,Unknown,Unknown,0,0,Truck,0
DEL11764,Unknown,Unknown,0,0,Truck,0
DEL11765,Unknown,Unknown,0,0,Truck,0
DEL11766,Unknown,Unknown,0,0,Truck,0
DEL11767,Unknown,Unknown,0,0,Truck,0
DEL11768,Unknown,Unknown,0,0,Truck,0
DEL11769,Unknown,Unknown,0,0,Truck,0
DEL11770,Unknown,Unknown,0,0,Truck,0
DEL11771,Unknown,Unknown,0,0,Truck,0
DEL11772,Unknown,Unknown,0,0,Truck,0
DEL11773,Unknown,Unknown,0,0,Truck,0
DEL11774,Unknown,Unknown,0,0,Truck,0
DEL11775,Unknown,Unknown,0,0,Truck,0
DEL11776,Unknown,Unknown,0,0,Truck,0
DEL11777,Unknown,Unknown,0,0,Truck,0
DEL11778,Unknown,Unknown,0,0,Truck,0
DEL11779,Unknown,Unknown,0,0,Truck,0
DEL11780,Unknown,Unknown,0,0,Truck,0
DEL11781,Unknown,Unknown,0,0,Truck,0
DEL11782,Unknown,Unknown,0,0,Truck,0
DEL11783,Unknown,Unknown,0,0,Truck,0
DEL11784,Unknown,Unknown,0,0,Truck,0
DEL11785,Unknown,Unknown,0,0,Truck,0
DEL11786,Unknown,Unknown,0,0,Truck,0
DEL11787,Unknown,Unknown,0,0,Truck,0
DEL11788,Unknown,Unknown,0,0,Truck,0
DEL11789,Unknown,Unknown,0,0,Truck,0
DEL11790,Unknown,Unknown,0,0,Truck,0
DEL11791,Unknown,Unknown,0,0,Truck,0
DEL11792,Unknown,Unknown,0,0,Truck,0
DEL11793,Unknown,Unknown,0,0,Truck,0
DEL11794,Unknown,Unknown,0,0,Truck,0
DEL11795,Unknown,Unknown,0,0,Truck,0
DEL11796,Unknown,Unknown,0,0,Truck,0
DEL11797,Unknown,Unknown,0,0,Truck,0
DEL11798,Unknown,Unknown,0,0,Truck,0
DEL11799,Unknown,Unknown,0,0,Truck,0
DEL11800,Unknown,Unknown,0,0,Truck,0
DEL11801,Unknown,Unknown,0,0,Truck,0
DEL11802,Unknown,Unknown,0,0,Truck,0
DEL11803,Unknown,Unknown,0,0,Truck,0
DEL11804,Unknown,Unknown,0,0,Truck,0
DEL11805,Unknown,Unknown,0,0,Truck,0
DEL11806,Unknown,Unknown,0,0,Truck,0
DEL11807,Unknown,Unknown,0,0,Truck,0
DEL11808,Unknown,Unknown,0,0,Truck,0
DEL11809,Unknown,Unknown,0,0,Truck,0
DEL11810,Unknown,Unknown,0,0,Truck,0
DEL11811,Unknown,Unknown,0,0,Truck,0
DEL11812,Unknown,Unknown,0,0,Truck,0
DEL11813,Unknown,Unknown,0,0,Truck,0
DEL11814,Unknown,Unknown,0,0,Truck,0
DEL11815,Unknown,Unknown,0,0,Truck,0
DEL11816,Unknown,Unknown,0,0,Truck,0
DEL11817,Unknown,Unknown,0,0,Truck,0
DEL11818,Unknown,Unknown,0,0,Truck,0
DEL11819,Unknown,Unknown,0,0,Truck,0
DEL11820,Unknown,Unknown,0,0,Truck,0
DEL11821,Unknown,Unknown,0,0,Truck,0
DEL11822,Unknown,Unknown,0,0,Truck,0
DEL11823,Unknown,Unknown,0,0,Truck,0
DEL11824,Unknown,Unknown,0,0,Truck,0
DEL11825,Unknown,Unknown,0,0,Truck,0
DEL11826,Unknown,Unknown,0,0,Truck,0
DEL11827,Unknown,Unknown,0,0,Truck,0
DEL11828,Unknown,Unknown,0,0,Truck,0
DEL11829,Unknown,Unknown,0,0,Truck,0
DEL11830,Unknown,Unknown,0,0,Truck,0
DEL11831,Unknown,Unknown,0,0,Truck,0
DEL11832,Unknown,Unknown,0,0,Truck,0
DEL11833,Unknown,Unknown,0,0,Truck,0
DEL11834,Unknown,Unknown,0,0,Truck,0
DEL11835,Unknown,Unknown,0,0,Truck,0
DEL11836,Unknown,Unknown,0,0,Truck,0
DEL11837,Unknown,Unknown,0,0,Truck,0
DEL11838,Unknown,Unknown,0,0,Truck,0
DEL11839,Unknown,Unknown,0,0,Truck,0
DEL11840,Unknown,Unknown,0,0,Truck,0
DEL11841,Unknown,Unknown,0,0,Truck,0
DEL11842,Unknown,Unknown,0,0,Truck,0
DEL11843,Unknown,Unknown,0,0,Truck,0
DEL11844,Unknown,Unknown,0,0,Truck,0
DEL11845,Unknown,Unknown,0,0,Truck,0
DEL11846,Unknown,Unknown,0,0,Truck,0
DEL11847,Unknown,Unknown,0,0,Truck,0
DEL11848,Unknown,Unknown,0,0,Truck,0
DEL11849,Unknown,Unknown,0,0,Truck,0
DEL11850,Unknown,Unknown,0,0,Truck,0
DEL11851,Unknown,Unknown,0,0,Truck,0
DEL11852,Unknown,Unknown,0,0,Truck,0
DEL11853,Unknown,Unknown,0,0,Truck,0
DEL11854,Unknown,Unknown,0,0,Truck,0
DEL11855,Unknown,Unknown,0,0,Truck,0
DEL11856,Unknown,Unknown,0,0,Truck,0
DEL11857,Unknown,Unknown,0,0,Truck,0
DEL11858,Unknown,Unknown,0,0,Truck,0
DEL11859,Unknown,Unknown,0,0,Truck,0
DEL11860,Unknown,Unknown,0,0,Truck,0
DEL11861,Unknown,Unknown,0,0,Truck,0
DEL11862,Unknown,Unknown,0,0,Truck,0
DEL11863,Unknown,Unknown,0,0,Truck,0
DEL11864,Unknown,Unknown,0,0,Truck,0
DEL11865,Unknown,Unknown,0,0,Truck,0
DEL11866,Unknown,Unknown,0,0,Truck,0
DEL11867,Unknown,Unknown,0,0,Truck,0
DEL11868,Unknown,Unknown,0,0,Truck,0
DEL11869,Unknown,Unknown,0,0,Truck,0
DEL11870,Unknown,Unknown,0,0,Truck,0
DEL11871,Unknown,Unknown,0,0,Truck,0
DEL11872,Unknown,Unknown,0,0,Truck,0
DEL11873,Unknown,Unknown,0,0,Truck,0
DEL11874,Unknown,Unknown,0,0,Truck,0
DEL11875,Unknown,Unknown,0,0,Truck,0
DEL11876,Unknown,Unknown,0,0,Truck,0
DEL11877,Unknown,Unknown,0,0,Truck,0
DEL11878,Unknown,Unknown,0,0,Truck,0
DEL11879,Unknown,Unknown,0,0,Truck,0
DEL11880,Unknown,Unknown,0,0,Truck,0
DEL11881,Unknown,Unknown,0,0,Truck,0
DEL11882,Unknown,Unknown,0,0,Truck,0
DEL11883,Unknown,Unknown,0,0,Truck,0
DEL11884,Unknown,Unknown,0,0,Truck,0
DEL11885,Unknown,Unknown,0,0,Truck,0
DEL11886,Unknown,Unknown,0,0,Truck,0
DEL11887,Unknown,Unknown,0,0,Truck,0
DEL11888,Unknown,Unknown,0,0,Truck,0
DEL11889,Unknown,Unknown,0,0,Truck,0
DEL11890,Unknown,Unknown,0,0,Truck,0
DEL11891,Unknown,Unknown,0,0,Truck,0
DEL11892,Unknown,Unknown,0,0,Truck,0
DEL11893,Unknown,Unknown,0,0,Truck,0
DEL11894,Unknown,Unknown,0,0,Truck,0
DEL11895,Unknown,Unknown,0,0,Truck,0
DEL11896,Unknown,Unknown,0,0,Truck,0
DEL11897,Unknown,Unknown,0,0,Truck,0
DEL11898,Unknown,Unknown,0,0,Truck,0
DEL11899,Unknown,Unknown,0,0,Truck,0
DEL11900,Unknown,Unknown,0,0,Truck,0
DEL11901,Unknown,Unknown,0,0,Truck,0
DEL11902,Unknown,Unknown,0,0,Truck,0
DEL11903,Unknown,Unknown,0,0,Truck,0
DEL11904,Unknown,Unknown,0,0,Truck,0
DEL11905,Unknown,Unknown,0,0,Truck,0
DEL11906,Unknown,Unknown,0,0,Truck,0
DEL11907,Unknown,Unknown,0,0,Truck,0
DEL11908,Unknown,Unknown,0,0,Truck,0
DEL11909,Unknown,Unknown,0,0,Truck,0
DEL11910,Unknown,Unknown,0,0,Truck,0
DEL11911,Unknown,Unknown,0,0,Truck,0
DEL11912,Unknown,Unknown,0,0,Truck,0
DEL11913,Unknown,Unknown,0,0,Truck,0
DEL11914,Unknown,Unknown,0,0,Truck,0
DEL11915,Unknown,Unknown,0,0,Truck,0
DEL11916,Unknown,Unknown,0,0,Truck,0
DEL11917,Unknown,Unknown,0,0,Truck,0
DEL11918,Unknown,Unknown,0,0,Truck,0
DEL11919,Unknown,Unknown,0,0,Truck,0
DEL11920,Unknown,Unknown,0,0,Truck,0
DEL11921,Unknown,Unknown,0,0,Truck,0
DEL11922,Unknown,Unknown,0,0,Truck,0
DEL11923,Unknown,Unknown,0,0,Truck,0
DEL11924,Unknown,Unknown,0,0,Truck,0
DEL11925,Unknown,Unknown,0,0,Truck,0
DEL11926,Unknown,Unknown,0,0,Truck,0
DEL11927,Unknown,Unknown,0,0,Truck,0
DEL11928,Unknown,Unknown,0,0,Truck,0
DEL11929,Unknown,Unknown,0,0,Truck,0
DEL11930,Unknown,Unknown,0,0,Truck,0
DEL11931,Unknown,Unknown,0,0,Truck,0
DEL11932,Unknown,Unknown,0,0,Truck,0
DEL11933,Unknown,Unknown,0,0,Truck,0
DEL11934,Unknown,Unknown,0,0,Truck,0
DEL11935,Unknown,Unknown,0,0,Truck,0
DEL11936,Unknown,Unknown,0,0,Truck,0
DEL11937,Unknown,Unknown,0,0,Truck,0
DEL11938,Unknown,Unknown,0,0,Truck,0
DEL11939,Unknown,Unknown,0,0,Truck,0
DEL11940,Unknown,Unknown,0,0,Truck,0
DEL11941,Unknown,Unknown,0,0,Truck,0
DEL11942,Unknown,Unknown,0,0,Truck,0
DEL11943,Unknown,Unknown,0,0,Truck,0
DEL11944,Unknown,Unknown,0,0,Truck,0
DEL11945,Unknown,Unknown,0,0,Truck,0
DEL11946,Unknown,Unknown,0,0,Truck,0
DEL11947,Unknown,Unknown,0,0,Truck,0
DEL11948,Unknown,Unknown,0,0,Truck,0
DEL11949,Unknown,Unknown,0,0,Truck,0
DEL11950,Unknown,Unknown,0,0,Truck,0
DEL11951,Unknown,Unknown,0,0,Truck,0
DEL11952,Unknown,Unknown,0,0,Truck,0
DEL11953,Unknown,Unknown,0,0,Truck,0
DEL11954,Unknown,Unknown,0,0,Truck,0
DEL11955,Unknown,Unknown,0,0,Truck,0
DEL11956,Unknown,Unknown,0,0,Truck,0
DEL11957,Unknown,Unknown,0,0,Truck,0
DEL11958,Unknown,Unknown,0,0,Truck,0
DEL11959,Unknown,Unknown,0,0,Truck,0
DEL11960,Unknown,Unknown,0,0,Truck,0
DEL11961,Unknown,Unknown,0,0,Truck,0
DEL11962,Unknown,Unknown,0,0,Truck,0
DEL11963,Unknown,Unknown,0,0,Truck,0
DEL11964,Unknown,Unknown,0,0,Truck,0
DEL11965,Unknown,Unknown,0,0,Truck,0
DEL11966,Unknown,Unknown,0,0,Truck,0
DEL11967,Unknown,Unknown,0,0,Truck,0
DEL11968,Unknown,Unknown,0,0,Truck,0
DEL11969,Unknown,Unknown,0,0,Truck,0
DEL11970,Unknown,Unknown,0,0,Truck,0
DEL11971,Unknown,Unknown,0,0,Truck,0
DEL11972,Unknown,Unknown,0,0,Truck,0
DEL11973,Unknown,Unknown,0,0,Truck,0
DEL11974,Unknown,Unknown,0,0,Truck,0
DEL11975,Unknown,Unknown,0,0,Truck,0
DEL11976,Unknown,Unknown,0,0,Truck,0
DEL11977,Unknown,Unknown,0,0,Truck,0
DEL11978,Unknown,Unknown,0,0,Truck,0
DEL11979,Unknown,Unknown,0,0,Truck,0
DEL11980,Unknown,Unknown,0,0,Truck,0
DEL11981,Unknown,Unknown,0,0,Truck,0
DEL11982,Unknown,Unknown,0,0,Truck,0
DEL11983,Unknown,Unknown,0,0,Truck,0
DEL11984,Unknown,Unknown,0,0,Truck,0
DEL11985,Unknown,Unknown,0,0,Truck,0
DEL11986,Unknown,Unknown,0,0,Truck,0
DEL11987,Unknown,Unknown,0,0,Truck,0
DEL11988,Unknown,Unknown,0,0,Truck,0
DEL11989,Unknown,Unknown,0,0,Truck,0
DEL11990,Unknown,Unknown,0,0,Truck,0
DEL11991,Unknown,Unknown,0,0,Truck,0
DEL11992,Unknown,Unknown,0,0,Truck,0
DEL11993,Unknown,Unknown,0,0,Truck,0
DEL11994,Unknown,Unknown,0,0,Truck,0
DEL11995,Unknown,Unknown,0,0,Truck,0
DEL11996,Unknown,Unknown,0,0,Truck,0
DEL11997,Unknown,Unknown,0,0,Truck,0
DEL11998,Unknown,Unknown,0,0,Truck,0
DEL11999,Unknown,Unknown,0,0,Truck,0
DEL12000,Unknown,Unknown,0,0,Truck,0
DEL12001,Unknown,Unknown,0,0,Truck,0
DEL12002,Unknown,Unknown,0,0,Truck,0
DEL12003,Unknown,Unknown,0,0,Truck,0
DEL12004,Unknown,Unknown,0,0,Truck,0
DEL12005,Unknown,Unknown,0,0,Truck,0
DEL12006,Unknown,Unknown,0,0,Truck,0
DEL12007,Unknown,Unknown,0,0,Truck,0
DEL12008,Unknown,Unknown,0,0,Truck,0
DEL12009,Unknown,Unknown,0,0,Truck,0
DEL12010,Unknown,Unknown,0,0,Truck,0
DEL12011,Unknown,Unknown,0,0,Truck,0
DEL12012,Unknown,Unknown,0,0,Truck,0
DEL12013,Unknown,Unknown,0,0,Truck,0
DEL12014,Unknown,Unknown,0,0,Truck,0
DEL12015,Unknown,Unknown,0,0,Truck,0
DEL12016,Unknown,Unknown,0,0,Truck,0
DEL12017,Unknown,Unknown,0,0,Truck,0
DEL12018,Unknown,Unknown,0,0,Truck,0
DEL12019,Unknown,Unknown,0,0,Truck,0
DEL12020,Unknown,Unknown,0,0,Truck,0
DEL12021,Unknown,Unknown,0,0,Truck,0
DEL12022,Unknown,Unknown,0,0,Truck,0
DEL12023,Unknown,Unknown,0,0,Truck,0
DEL12024,Unknown,Unknown,0,0,Truck,0
DEL12025,Unknown,Unknown,0,0,Truck,0
DEL12026,Unknown,Unknown,0,0,Truck,0
DEL12027,Unknown,Unknown,0,0,Truck,0
DEL12028,Unknown,Unknown,0,0,Truck,0
DEL12029,Unknown,Unknown,0,0,Truck,0
DEL12030,Unknown,Unknown,0,0,Truck,0
DEL12031,Unknown,Unknown,0,0,Truck,0
DEL12032,Unknown,Unknown,0,0,Truck,0
DEL12033,Unknown,Unknown,0,0,Truck,0
DEL12034,Unknown,Unknown,0,0,Truck,0
DEL12035,Unknown,Unknown,0,0,Truck,0
DEL12036,Unknown,Unknown,0,0,Truck,0
DEL12037,Unknown,Unknown,0,0,Truck,0
DEL12038,Unknown,Unknown,0,0,Truck,0
DEL12039,Unknown,Unknown,0,0,Truck,0
DEL12040,Unknown,Unknown,0,0,Truck,0
DEL12041,Unknown,Unknown,0,0,Truck,0
DEL12042,Unknown,Unknown,0,0,Truck,0
DEL12043,Unknown,Unknown,0,0,Truck,0
DEL12044,Unknown,Unknown,0,0,Truck,0
DEL12045,Unknown,Unknown,0,0,Truck,0
DEL12046,Unknown,Unknown,0,0,Truck,0
DEL12047,Unknown,Unknown,0,0,Truck,0
DEL12048,Unknown,Unknown,0,0,Truck,0
DEL12049,Unknown,Unknown,0,0,Truck,0
DEL12050,Unknown,Unknown,0,0,Truck,0
DEL12051,Unknown,Unknown,0,0,Truck,0
DEL12052,Unknown,Unknown,0,0,Truck,0
DEL12053,Unknown,Unknown,0,0,Truck,0
DEL12054,Unknown,Unknown,0,0,Truck,0
DEL12055,Unknown,Unknown,0,0,Truck,0
DEL12056,Unknown,Unknown,0,0,Truck,0
DEL12057,Unknown,Unknown,0,0,Truck,0
DEL12058,Unknown,Unknown,0,0,Truck,0
DEL12059,Unknown,Unknown,0,0,Truck,0
DEL12060,Unknown,Unknown,0,0,Truck,0
DEL12061,Unknown,Unknown,0,0,Truck,0
DEL12062,Unknown,Unknown,0,0,Truck,0
DEL12063,Unknown,Unknown,0,0,Truck,0
DEL12064,Unknown,Unknown,0,0,Truck,0
DEL12065,Unknown,Unknown,0,0,Truck,0
DEL12066,Unknown,Unknown,0,0,Truck,0
DEL12067,Unknown,Unknown,0,0,Truck,0
DEL12068,Unknown,Unknown,0,0,Truck,0
DEL12069,Unknown,Unknown,0,0,Truck,0
DEL12070,Unknown,Unknown,0,0,Truck,0
DEL12071,Unknown,Unknown,0,0,Truck,0
DEL12072,Unknown,Unknown,0,0,Truck,0
DEL12073,Unknown,Unknown,0,0,Truck,0
DEL12074,Unknown,Unknown,0,0,Truck,0
DEL12075,Unknown,Unknown,0,0,Truck,0
DEL12076,Unknown,Unknown,0,0,Truck,0
DEL12077,Unknown,Unknown,0,0,Truck,0
DEL12078,Unknown,Unknown,0,0,Truck,0
DEL12079,Unknown,Unknown,0,0,Truck,0
DEL12080,Unknown,Unknown,0,0,Truck,0
DEL12081,Unknown,Unknown,0,0,Truck,0
DEL12082,Unknown,Unknown,0,0,Truck,0
DEL12083,Unknown,Unknown,0,0,Truck,0
DEL12084,Unknown,Unknown,0,0,Truck,0
DEL12085,Unknown,Unknown,0,0,Truck,0
DEL12086,Unknown,Unknown,0,0,Truck,0
DEL12087,Unknown,Unknown,0,0,Truck,0
DEL12088,Unknown,Unknown,0,0,Truck,0
DEL12089,Unknown,Unknown,0,0,Truck,0
DEL12090,Unknown,Unknown,0,0,Truck,0
DEL12091,Unknown,Unknown,0,0,Truck,0
DEL12092,Unknown,Unknown,0,0,Truck,0
DEL12093,Unknown,Unknown,0,0,Truck,0
DEL12094,Unknown,Unknown,0,0,Truck,0
DEL12095,Unknown,Unknown,0,0,Truck,0
DEL12096,Unknown,Unknown,0,0,Truck,0
DEL12097,Unknown,Unknown,0,0,Truck,0
DEL12098,Unknown,Unknown,0,0,Truck,0
DEL12099,Unknown,Unknown,0,0,Truck,0
DEL12100,Unknown,Unknown,0,0,Truck,0
DEL12101,Unknown,Unknown,0,0,Truck,0
DEL12102,Unknown,Unknown,0,0,Truck,0
DEL12103,Unknown,Unknown,0,0,Truck,0
DEL12104,Unknown,Unknown,0,0,Truck,0
DEL12105,Unknown,Unknown,0,0,Truck,0
DEL12106,Unknown,Unknown,0,0,Truck,0
DEL12107,Unknown,Unknown,0,0,Truck,0
DEL12108,Unknown,Unknown,0,0,Truck,0
DEL12109,Unknown,Unknown,0,0,Truck,0
DEL12110,Unknown,Unknown,0,0,Truck,0
DEL12111,Unknown,Unknown,0,0,Truck,0
DEL12112,Unknown,Unknown,0,0,Truck,0
DEL12113,Unknown,Unknown,0,0,Truck,0
DEL12114,Unknown,Unknown,0,0,Truck,0
DEL12115,Unknown,Unknown,0,0,Truck,0
DEL12116,Unknown,Unknown,0,0,Truck,0
DEL12117,Unknown,Unknown,0,0,Truck,0
DEL12118,Unknown,Unknown,0,0,Truck,0
DEL12119,Unknown,Unknown,0,0,Truck,0
DEL12120,Unknown,Unknown,0,0,Truck,0
DEL12121,Unknown,Unknown,0,0,Truck,0
DEL12122,Unknown,Unknown,0,0,Truck,0
DEL12123,Unknown,Unknown,0,0,Truck,0
DEL12124,Unknown,Unknown,0,0,Truck,0
DEL12125,Unknown,Unknown,0,0,Truck,0
DEL12126,Unknown,Unknown,0,0,Truck,0
DEL12127,Unknown,Unknown,0,0,Truck,0
DEL12128,Unknown,Unknown,0,0,Truck,0
DEL12129,Unknown,Unknown,0,0,Truck,0
DEL12130,Unknown,Unknown,0,0,Truck,0
DEL12131,Unknown,Unknown,0,0,Truck,0
DEL12132,Unknown,Unknown,0,0,Truck,0
DEL12133,Unknown,Unknown,0,0,Truck,0
DEL12134,Unknown,Unknown,0,0,Truck,0
DEL12135,Unknown,Unknown,0,0,Truck,0
DEL12136,Unknown,Unknown,0,0,Truck,0
DEL12137,Unknown,Unknown,0,0,Truck,0
DEL12138,Unknown,Unknown,0,0,Truck,0
DEL12139,Unknown,Unknown,0,0,Truck,0
DEL12140,Unknown,Unknown,0,0,Truck,0
DEL12141,Unknown,Unknown,0,0,Truck,0
DEL12142,Unknown,Unknown,0,0,Truck,0
DEL12143,Unknown,Unknown,0,0,Truck,0
DEL12144,Unknown,Unknown,0,0,Truck,0
DEL12145,Unknown,Unknown,0,0,Truck,0
DEL12146,Unknown,Unknown,0,0,Truck,0
DEL12147,Unknown,Unknown,0,0,Truck,0
DEL12148,Unknown,Unknown,0,0,Truck,0
DEL12149,Unknown,Unknown,0,0,Truck,0
DEL12150,Unknown,Unknown,0,0,Truck,0
DEL12151,Unknown,Unknown,0,0,Truck,0
DEL12152,Unknown,Unknown,0,0,Truck,0
DEL12153,Unknown,Unknown,0,0,Truck,0
DEL12154,Unknown,Unknown,0,0,Truck,0
DEL12155,Unknown,Unknown,0,0,Truck,0
DEL12156,Unknown,Unknown,0,0,Truck,0
DEL12157,Unknown,Unknown,0,0,Truck,0
DEL12158,Unknown,Unknown,0,0,Truck,0
DEL12159,Unknown,Unknown,0,0,Truck,0
DEL12160,Unknown,Unknown,0,0,Truck,0
DEL12161,Unknown,Unknown,0,0,Truck,0
DEL12162,Unknown,Unknown,0,0,Truck,0
DEL12163,Unknown,Unknown,0,0,Truck,0
DEL12164,Unknown,Unknown,0,0,Truck,0
DEL12165,Unknown,Unknown,0,0,Truck,0
DEL12166,Unknown,Unknown,0,0,Truck,0
DEL12167,Unknown,Unknown,0,0,Truck,0
DEL12168,Unknown,Unknown,0,0,Truck,0
DEL12169,Unknown,Unknown,0,0,Truck,0
DEL12170,Unknown,Unknown,0,0,Truck,0
DEL12171,Unknown,Unknown,0,0,Truck,0
DEL12172,Unknown,Unknown,0,0,Truck,0
DEL12173,Unknown,Unknown,0,0,Truck,0
DEL12174,Unknown,Unknown,0,0,Truck,0
DEL12175,Unknown,Unknown,0,0,Truck,0
DEL12176,Unknown,Unknown,0,0,Truck,0
DEL12177,Unknown,Unknown,0,0,Truck,0
DEL12178,Unknown,Unknown,0,0,Truck,0
DEL12179,Unknown,Unknown,0,0,Truck,0
DEL12180,Unknown,Unknown,0,0,Truck,0
DEL12181,Unknown,Unknown,0,0,Truck,0
DEL12182,Unknown,Unknown,0,0,Truck,0
DEL12183,Unknown,Unknown,0,0,Truck,0
DEL12184,Unknown,Unknown,0,0,Truck,0
DEL12185,Unknown,Unknown,0,0,Truck,0
DEL12186,Unknown,Unknown,0,0,Truck,0
DEL12187,Unknown,Unknown,0,0,Truck,0
DEL12188,Unknown,Unknown,0,0,Truck,0
DEL12189,Unknown,Unknown,0,0,Truck,0
DEL12190,Unknown,Unknown,0,0,Truck,0
DEL12191,Unknown,Unknown,0,0,Truck,0
DEL12192,Unknown,Unknown,0,0,Truck,0
DEL12193,Unknown,Unknown,0,0,Truck,0
DEL12194,Unknown,Unknown,0,0,Truck,0
DEL12195,Unknown,Unknown,0,0,Truck,0
DEL12196,Unknown,Unknown,0,0,Truck,0
DEL12197,Unknown,Unknown,0,0,Truck,0
DEL12198,Unknown,Unknown,0,0,Truck,0
DEL12199,Unknown,Unknown,0,0,Truck,0
DEL12200,Unknown,Unknown,0,0,Truck,0
DEL12201,Unknown,Unknown,0,0,Truck,0
DEL12202,Unknown,Unknown,0,0,Truck,0
DEL12203,Unknown,Unknown,0,0,Truck,0
DEL12204,Unknown,Unknown,0,0,Truck,0
DEL12205,Unknown,Unknown,0,0,Truck,0
DEL12206,Unknown,Unknown,0,0,Truck,0
DEL12207,Unknown,Unknown,0,0,Truck,0
DEL12208,Unknown,Unknown,0,0,Truck,0
DEL12209,Unknown,Unknown,0,0,Truck,0
DEL12210,Unknown,Unknown,0,0,Truck,0
DEL12211,Unknown,Unknown,0,0,Truck,0
DEL12212,Unknown,Unknown,0,0,Truck,0
DEL12213,Unknown,Unknown,0,0,Truck,0
DEL12214,Unknown,Unknown,0,0,Truck,0
DEL12215,Unknown,Unknown,0,0,Truck,0
DEL12216,Unknown,Unknown,0,0,Truck,0
DEL12217,Unknown,Unknown,0,0,Truck,0
DEL12218,Unknown,Unknown,0,0,Truck,0
DEL12219,Unknown,Unknown,0,0,Truck,0
DEL12220,Unknown,Unknown,0,0,Truck,0
DEL12221,Unknown,Unknown,0,0,Truck,0
DEL12222,Unknown,Unknown,0,0,Truck,0
DEL12223,Unknown,Unknown,0,0,Truck,0
DEL12224,Unknown,Unknown,0,0,Truck,0
DEL12225,Unknown,Unknown,0,0,Truck,0
DEL12226,Unknown,Unknown,0,0,Truck,0
DEL12227,Unknown,Unknown,0,0,Truck,0
DEL12228,Unknown,Unknown,0,0,Truck,0
DEL12229,Unknown,Unknown,0,0,Truck,0
DEL12230,Unknown,Unknown,0,0,Truck,0
DEL12231,Unknown,Unknown,0,0,Truck,0
DEL12232,Unknown,Unknown,0,0,Truck,0
DEL12233,Unknown,Unknown,0,0,Truck,0
DEL12234,Unknown,Unknown,0,0,Truck,0
DEL12235,Unknown,Unknown,0,0,Truck,0
DEL12236,Unknown,Unknown,0,0,Truck,0
DEL12237,Unknown,Unknown,0,0,Truck,0
DEL12238,Unknown,Unknown,0,0,Truck,0
DEL12239,Unknown,Unknown,0,0,Truck,0
DEL12240,Unknown,Unknown,0,0,Truck,0
DEL12241,Unknown,Unknown,0,0,Truck,0
DEL12242,Unknown,Unknown,0,0,Truck,0
DEL12243,Unknown,Unknown,0,0,Truck,0
DEL12244,Unknown,Unknown,0,0,Truck,0
DEL12245,Unknown,Unknown,0,0,Truck,0
DEL12246,Unknown,Unknown,0,0,Truck,0
DEL12247,Unknown,Unknown,0,0,Truck,0
DEL12248,Unknown,Unknown,0,0,Truck,0
DEL12249,Unknown,Unknown,0,0,Truck,0
DEL12250,Unknown,Unknown,0,0,Truck,0
DEL12251,Unknown,Unknown,0,0,Truck,0
DEL12252,Unknown,Unknown,0,0,Truck,0
DEL12253,Unknown,Unknown,0,0,Truck,0
DEL12254,Unknown,Unknown,0,0,Truck,0
DEL12255,Unknown,Unknown,0,0,Truck,0
DEL12256,Unknown,Unknown,0,0,Truck,0
DEL12257,Unknown,Unknown,0,0,Truck,0
DEL12258,Unknown,Unknown,0,0,Truck,0
DEL12259,Unknown,Unknown,0,0,Truck,0
DEL12260,Unknown,Unknown,0,0,Truck,0
DEL12261,Unknown,Unknown,0,0,Truck,0
DEL12262,Unknown,Unknown,0,0,Truck,0
DEL12263,Unknown,Unknown,0,0,Truck,0
DEL12264,Unknown,Unknown,0,0,Truck,0
DEL12265,Unknown,Unknown,0,0,Truck,0
DEL12266,Unknown,Unknown,0,0,Truck,0
DEL12267,Unknown,Unknown,0,0,Truck,0
DEL12268,Unknown,Unknown,0,0,Truck,0
DEL12269,Unknown,Unknown,0,0,Truck,0
DEL12270,Unknown,Unknown,0,0,Truck,0
DEL12271,Unknown,Unknown,0,0,Truck,0
DEL12272,Unknown,Unknown,0,0,Truck,0
DEL12273,Unknown,Unknown,0,0,Truck,0
DEL12274,Unknown,Unknown,0,0,Truck,0
DEL12275,Unknown,Unknown,0,0,Truck,0
DEL12276,Unknown,Unknown,0,0,Truck,0
DEL12277,Unknown,Unknown,0,0,Truck,0
DEL12278,Unknown,Unknown,0,0,Truck,0
DEL12279,Unknown,Unknown,0,0,Truck,0
DEL12280,Unknown,Unknown,0,0,Truck,0
DEL12281,Unknown,Unknown,0,0,Truck,0
DEL12282,Unknown,Unknown,0,0,Truck,0
DEL12283,Unknown,Unknown,0,0,Truck,0
DEL12284,Unknown,Unknown,0,0,Truck,0
DEL12285,Unknown,Unknown,0,0,Truck,0
DEL12286,Unknown,Unknown,0,0,Truck,0
DEL12287,Unknown,Unknown,0,0,Truck,0
DEL12288,Unknown,Unknown,0,0,Truck,0
DEL12289,Unknown,Unknown,0,0,Truck,0
DEL12290,Unknown,Unknown,0,0,Truck,0
DEL12291,Unknown,Unknown,0,0,Truck,0
DEL12292,Unknown,Unknown,0,0,Truck,0
DEL12293,Unknown,Unknown,0,0,Truck,0
DEL12294,Unknown,Unknown,0,0,Truck,0
DEL12295,Unknown,Unknown,0,0,Truck,0
DEL12296,Unknown,Unknown,0,0,Truck,0
DEL12297,Unknown,Unknown,0,0,Truck,0
DEL12298,Unknown,Unknown,0,0,Truck,0
DEL12299,Unknown,Unknown,0,0,Truck,0
DEL12300,Unknown,Unknown,0,0,Truck,0
DEL12301,Unknown,Unknown,0,0,Truck,0
DEL12302,Unknown,Unknown,0,0,Truck,0
DEL12303,Unknown,Unknown,0,0,Truck,0
DEL12304,Unknown,Unknown,0,0,Truck,0
DEL12305,Unknown,Unknown,0,0,Truck,0
DEL12306,Unknown,Unknown,0,0,Truck,0
DEL12307,Unknown,Unknown,0,0,Truck,0
DEL12308,Unknown,Unknown,0,0,Truck,0
DEL12309,Unknown,Unknown,0,0,Truck,0
DEL12310,Unknown,Unknown,0,0,Truck,0
DEL12311,Unknown,Unknown,0,0,Truck,0
DEL12312,Unknown,Unknown,0,0,Truck,0
DEL12313,Unknown,Unknown,0,0,Truck,0
DEL12314,Unknown,Unknown,0,0,Truck,0
DEL12315,Unknown,Unknown,0,0,Truck,0
DEL12316,Unknown,Unknown,0,0,Truck,0
DEL12317,Unknown,Unknown,0,0,Truck,0
DEL12318,Unknown,Unknown,0,0,Truck,0
DEL12319,Unknown,Unknown,0,0,Truck,0
DEL12320,Unknown,Unknown,0,0,Truck,0
DEL12321,Unknown,Unknown,0,0,Truck,0
DEL12322,Unknown,Unknown,0,0,Truck,0
DEL12323,Unknown,Unknown,0,0,Truck,0
DEL12324,Unknown,Unknown,0,0,Truck,0
DEL12325,Unknown,Unknown,0,0,Truck,0
DEL12326,Unknown,Unknown,0,0,Truck,0
DEL12327,Unknown,Unknown,0,0,Truck,0
DEL12328,Unknown,Unknown,0,0,Truck,0
DEL12329,Unknown,Unknown,0,0,Truck,0
DEL12330,Unknown,Unknown,0,0,Truck,0
DEL12331,Unknown,Unknown,0,0,Truck,0
DEL12332,Unknown,Unknown,0,0,Truck,0
DEL12333,Unknown,Unknown,0,0,Truck,0
DEL12334,Unknown,Unknown,0,0,Truck,0
DEL12335,Unknown,Unknown,0,0,Truck,0
DEL12336,Unknown,Unknown,0,0,Truck,0
DEL12337,Unknown,Unknown,0,0,Truck,0
DEL12338,Unknown,Unknown,0,0,Truck,0
DEL12339,Unknown,Unknown,0,0,Truck,0
DEL12340,Unknown,Unknown,0,0,Truck,0
DEL12341,Unknown,Unknown,0,0,Truck,0
DEL12342,Unknown,Unknown,0,0,Truck,0
DEL12343,Unknown,Unknown,0,0,Truck,0
DEL12344,Unknown,Unknown,0,0,Truck,0
DEL12345,Unknown,Unknown,0,0,Truck,0
DEL12346,Unknown,Unknown,0,0,Truck,0
DEL12347,Unknown,Unknown,0,0,Truck,0
DEL12348,Unknown,Unknown,0,0,Truck,0
DEL12349,Unknown,Unknown,0,0,Truck,0
DEL12350,Unknown,Unknown,0,0,Truck,0
DEL12351,Unknown,Unknown,0,0,Truck,0
DEL12352,Unknown,Unknown,0,0,Truck,0
DEL12353,Unknown,Unknown,0,0,Truck,0
DEL12354,Unknown,Unknown,0,0,Truck,0
DEL12355,Unknown,Unknown,0,0,Truck,0
DEL12356,Unknown,Unknown,0,0,Truck,0
DEL12357,Unknown,Unknown,0,0,Truck,0
DEL12358,Unknown,Unknown,0,0,Truck,0
DEL12359,Unknown,Unknown,0,0,Truck,0
DEL12360,Unknown,Unknown,0,0,Truck,0
DEL12361,Unknown,Unknown,0,0,Truck,0
DEL12362,Unknown,Unknown,0,0,Truck,0
DEL12363,Unknown,Unknown,0,0,Truck,0
DEL12364,Unknown,Unknown,0,0,Truck,0
DEL12365,Unknown,Unknown,0,0,Truck,0
DEL12366,Unknown,Unknown,0,0,Truck,0
DEL12367,Unknown,Unknown,0,0,Truck,0
DEL12368,Unknown,Unknown,0,0,Truck,0
DEL12369,Unknown,Unknown,0,0,Truck,0
DEL12370,Unknown,Unknown,0,0,Truck,0
DEL12371,Unknown,Unknown,0,0,Truck,0
DEL12372,Unknown,Unknown,0,0,Truck,0
DEL12373,Unknown,Unknown,0,0,Truck,0
DEL12374,Unknown,Unknown,0,0,Truck,0
DEL12375,Unknown,Unknown,0,0,Truck,0
DEL12376,Unknown,Unknown,0,0,Truck,0
DEL12377,Unknown,Unknown,0,0,Truck,0
DEL12378,Unknown,Unknown,0,0,Truck,0
DEL12379,Unknown,Unknown,0,0,Truck,0
DEL12380,Unknown,Unknown,0,0,Truck,0
DEL12381,Unknown,Unknown,0,0,Truck,0
DEL12382,Unknown,Unknown,0,0,Truck,0
DEL12383,Unknown,Unknown,0,0,Truck,0
DEL12384,Unknown,Unknown,0,0,Truck,0
DEL12385,Unknown,Unknown,0,0,Truck,0
DEL12386,Unknown,Unknown,0,0,Truck,0
DEL12387,Unknown,Unknown,0,0,Truck,0
DEL12388,Unknown,Unknown,0,0,Truck,0
DEL12389,Unknown,Unknown,0,0,Truck,0
DEL12390,Unknown,Unknown,0,0,Truck,0
DEL12391,Unknown,Unknown,0,0,Truck,0
DEL12392,Unknown,Unknown,0,0,Truck,0
DEL12393,Unknown,Unknown,0,0,Truck,0
DEL12394,Unknown,Unknown,0,0,Truck,0
DEL12395,Unknown,Unknown,0,0,Truck,0
DEL12396,Unknown,Unknown,0,0,Truck,0
DEL12397,Unknown,Unknown,0,0,Truck,0
DEL12398,Unknown,Unknown,0,0,Truck,0
DEL12399,Unknown,Unknown,0,0,Truck,0
DEL12400,Unknown,Unknown,0,0,Truck,0
DEL12401,Unknown,Unknown,0,0,Truck,0
DEL12402,Unknown,Unknown,0,0,Truck,0
DEL12403,Unknown,Unknown,0,0,Truck,0
DEL12404,Unknown,Unknown,0,0,Truck,0
DEL12405,Unknown,Unknown,0,0,Truck,0
DEL12406,Unknown,Unknown,0,0,Truck,0
DEL12407,Unknown,Unknown,0,0,Truck,0
DEL12408,Unknown,Unknown,0,0,Truck,0
DEL12409,Unknown,Unknown,0,0,Truck,0
DEL12410,Unknown,Unknown,0,0,Truck,0
DEL12411,Unknown,Unknown,0,0,Truck,0
DEL12412,Unknown,Unknown,0,0,Truck,0
DEL12413,Unknown,Unknown,0,0,Truck,0
DEL12414,Unknown,Unknown,0,0,Truck,0
DEL12415,Unknown,Unknown,0,0,Truck,0
DEL12416,Unknown,Unknown,0,0,Truck,0
DEL12417,Unknown,Unknown,0,0,Truck,0
DEL12418,Unknown,Unknown,0,0,Truck,0
DEL12419,Unknown,Unknown,0,0,Truck,0
DEL12420,Unknown,Unknown,0,0,Truck,0
DEL12421,Unknown,Unknown,0,0,Truck,0
DEL12422,Unknown,Unknown,0,0,Truck,0
DEL12423,Unknown,Unknown,0,0,Truck,0
DEL12424,Unknown,Unknown,0,0,Truck,0
DEL12425,Unknown,Unknown,0,0,Truck,0
DEL12426,Unknown,Unknown,0,0,Truck,0
DEL12427,Unknown,Unknown,0,0,Truck,0
DEL12428,Unknown,Unknown,0,0,Truck,0
DEL12429,Unknown,Unknown,0,0,Truck,0
DEL12430,Unknown,Unknown,0,0,Truck,0
DEL12431,Unknown,Unknown,0,0,Truck,0
DEL12432,Unknown,Unknown,0,0,Truck,0
DEL12433,Unknown,Unknown,0,0,Truck,0
DEL12434,Unknown,Unknown,0,0,Truck,0
DEL12435,Unknown,Unknown,0,0,Truck,0
DEL12436,Unknown,Unknown,0,0,Truck,0
DEL12437,Unknown,Unknown,0,0,Truck,0
DEL12438,Unknown,Unknown,0,0,Truck,0
DEL12439,Unknown,Unknown,0,0,Truck,0
DEL12440,Unknown,Unknown,0,0,Truck,0
DEL12441,Unknown,Unknown,0,0,Truck,0
DEL12442,Unknown,Unknown,0,0,Truck,0
DEL12443,Unknown,Unknown,0,0,Truck,0
DEL12444,Unknown,Unknown,0,0,Truck,0
DEL12445,Unknown,Unknown,0,0,Truck,0
DEL12446,Unknown,Unknown,0,0,Truck,0
DEL12447,Unknown,Unknown,0,0,Truck,0
DEL12448,Unknown,Unknown,0,0,Truck,0
DEL12449,Unknown,Unknown,0,0,Truck,0
DEL12450,Unknown,Unknown,0,0,Truck,0
DEL12451,Unknown,Unknown,0,0,Truck,0
DEL12452,Unknown,Unknown,0,0,Truck,0
DEL12453,Unknown,Unknown,0,0,Truck,0
DEL12454,Unknown,Unknown,0,0,Truck,0
DEL12455,Unknown,Unknown,0,0,Truck,0
DEL12456,Unknown,Unknown,0,0,Truck,0
DEL12457,Unknown,Unknown,0,0,Truck,0
DEL12458,Unknown,Unknown,0,0,Truck,0
DEL12459,Unknown,Unknown,0,0,Truck,0
DEL12460,Unknown,Unknown,0,0,Truck,0
DEL12461,Unknown,Unknown,0,0,Truck,0
DEL12462,Unknown,Unknown,0,0,Truck,0
DEL12463,Unknown,Unknown,0,0,Truck,0
DEL12464,Unknown,Unknown,0,0,Truck,0
DEL12465,Unknown,Unknown,0,0,Truck,0
DEL12466,Unknown,Unknown,0,0,Truck,0
DEL12467,Unknown,Unknown,0,0,Truck,0
DEL12468,Unknown,Unknown,0,0,Truck,0
DEL12469,Unknown,Unknown,0,0,Truck,0
DEL12470,Unknown,Unknown,0,0,Truck,0
DEL12471,Unknown,Unknown,0,0,Truck,0
DEL12472,Unknown,Unknown,0,0,Truck,0
DEL12473,Unknown,Unknown,0,0,Truck,0
DEL12474,Unknown,Unknown,0,0,Truck,0
DEL12475,Unknown,Unknown,0,0,Truck,0
DEL12476,Unknown,Unknown,0,0,Truck,0
DEL12477,Unknown,Unknown,0,0,Truck,0
DEL12478,Unknown,Unknown,0,0,Truck,0
DEL12479,Unknown,Unknown,0,0,Truck,0
DEL12480,Unknown,Unknown,0,0,Truck,0
DEL12481,Unknown,Unknown,0,0,Truck,0
DEL12482,Unknown,Unknown,0,0,Truck,0
DEL12483,Unknown,Unknown,0,0,Truck,0
DEL12484,Unknown,Unknown,0,0,Truck,0
DEL12485,Unknown,Unknown,0,0,Truck,0
DEL12486,Unknown,Unknown,0,0,Truck,0
DEL12487,Unknown,Unknown,0,0,Truck,0
DEL12488,Unknown,Unknown,0,0,Truck,0
DEL12489,Unknown,Unknown,0,0,Truck,0
DEL12490,Unknown,Unknown,0,0,Truck,0
DEL12491,Unknown,Unknown,0,0,Truck,0
DEL12492,Unknown,Unknown,0,0,Truck,0
DEL12493,Unknown,Unknown,0,0,Truck,0
DEL12494,Unknown,Unknown,0,0,Truck,0
DEL12495,Unknown,Unknown,0,0,Truck,0
DEL12496,Unknown,Unknown,0,0,Truck,0
DEL12497,Unknown,Unknown,0,0,Truck,0
DEL12498,Unknown,Unknown,0,0,Truck,0
DEL12499,Unknown,Unknown,0,0,Truck,0
DEL12500,Unknown,Unknown,0,0,Truck,0
DEL12501,Unknown,Unknown,0,0,Truck,0
DEL12502,Unknown,Unknown,0,0,Truck,0
DEL12503,Unknown,Unknown,0,0,Truck,0
DEL12504,Unknown,Unknown,0,0,Truck,0
DEL12505,Unknown,Unknown,0,0,Truck,0
DEL12506,Unknown,Unknown,0,0,Truck,0
DEL12507,Unknown,Unknown,0,0,Truck,0
DEL12508,Unknown,Unknown,0,0,Truck,0
DEL12509,Unknown,Unknown,0,0,Truck,0
DEL12510,Unknown,Unknown,0,0,Truck,0
DEL12511,Unknown,Unknown,0,0,Truck,0
DEL12512,Unknown,Unknown,0,0,Truck,0
DEL12513,Unknown,Unknown,0,0,Truck,0
DEL12514,Unknown,Unknown,0,0,Truck,0
DEL12515,Unknown,Unknown,0,0,Truck,0
DEL12516,Unknown,Unknown,0,0,Truck,0
DEL12517,Unknown,Unknown,0,0,Truck,0
DEL12518,Unknown,Unknown,0,0,Truck,0
DEL12519,Unknown,Unknown,0,0,Truck,0
DEL12520,Unknown,Unknown,0,0,Truck,0
DEL12521,Unknown,Unknown,0,0,Truck,0
DEL12522,Unknown,Unknown,0,0,Truck,0
DEL12523,Unknown,Unknown,0,0,Truck,0
DEL12524,Unknown,Unknown,0,0,Truck,0
DEL12525,Unknown,Unknown,0,0,Truck,0
DEL12526,Unknown,Unknown,0,0,Truck,0
DEL12527,Unknown,Unknown,0,0,Truck,0
DEL12528,Unknown,Unknown,0,0,Truck,0
DEL12529,Unknown,Unknown,0,0,Truck,0
DEL12530,Unknown,Unknown,0,0,Truck,0
DEL12531,Unknown,Unknown,0,0,Truck,0
DEL12532,Unknown,Unknown,0,0,Truck,0
DEL12533,Unknown,Unknown,0,0,Truck,0
DEL12534,Unknown,Unknown,0,0,Truck,0
DEL12535,Unknown,Unknown,0,0,Truck,0
DEL12536,Unknown,Unknown,0,0,Truck,0
DEL12537,Unknown,Unknown,0,0,Truck,0
DEL12538,Unknown,Unknown,0,0,Truck,0
DEL12539,Unknown,Unknown,0,0,Truck,0
DEL12540,Unknown,Unknown,0,0,Truck,0
DEL12541,Unknown,Unknown,0,0,Truck,0
DEL12542,Unknown,Unknown,0,0,Truck,0
DEL12543,Unknown,Unknown,0,0,Truck,0
DEL12544,Unknown,Unknown,0,0,Truck,0
DEL12545,Unknown,Unknown,0,0,Truck,0
DEL12546,Unknown,Unknown,0,0,Truck,0
DEL12547,Unknown,Unknown,0,0,Truck,0
DEL12548,Unknown,Unknown,0,0,Truck,0
DEL12549,Unknown,Unknown,0,0,Truck,0
DEL12550,Unknown,Unknown,0,0,Truck,0
DEL12551,Unknown,Unknown,0,0,Truck,0
DEL12552,Unknown,Unknown,0,0,Truck,0
DEL12553,Unknown,Unknown,0,0,Truck,0
DEL12554,Unknown,Unknown,0,0,Truck,0
DEL12555,Unknown,Unknown,0,0,Truck,0
DEL12556,Unknown,Unknown,0,0,Truck,0
DEL12557,Unknown,Unknown,0,0,Truck,0
DEL12558,Unknown,Unknown,0,0,Truck,0
DEL12559,Unknown,Unknown,0,0,Truck,0
DEL12560,Unknown,Unknown,0,0,Truck,0
DEL12561,Unknown,Unknown,0,0,Truck,0
DEL12562,Unknown,Unknown,0,0,Truck,0
DEL12563,Unknown,Unknown,0,0,Truck,0
DEL12564,Unknown,Unknown,0,0,Truck,0
DEL12565,Unknown,Unknown,0,0,Truck,0
DEL12566,Unknown,Unknown,0,0,Truck,0
DEL12567,Unknown,Unknown,0,0,Truck,0
DEL12568,Unknown,Unknown,0,0,Truck,0
DEL12569,Unknown,Unknown,0,0,Truck,0
DEL12570,Unknown,Unknown,0,0,Truck,0
DEL12571,Unknown,Unknown,0,0,Truck,0
DEL12572,Unknown,Unknown,0,0,Truck,0
DEL12573,Unknown,Unknown,0,0,Truck,0
DEL12574,Unknown,Unknown,0,0,Truck,0
DEL12575,Unknown,Unknown,0,0,Truck,0
DEL12576,Unknown,Unknown,0,0,Truck,0
DEL12577,Unknown,Unknown,0,0,Truck,0
DEL12578,Unknown,Unknown,0,0,Truck,0
DEL12579,Unknown,Unknown,0,0,Truck,0
DEL12580,Unknown,Unknown,0,0,Truck,0
DEL12581,Unknown,Unknown,0,0,Truck,0
DEL12582,Unknown,Unknown,0,0,Truck,0
DEL12583,Unknown,Unknown,0,0,Truck,0
DEL12584,Unknown,Unknown,0,0,Truck,0
DEL12585,Unknown,Unknown,0,0,Truck,0
DEL12586,Unknown,Unknown,0,0,Truck,0
DEL12587,Unknown,Unknown,0,0,Truck,0
DEL12588,Unknown,Unknown,0,0,Truck,0
DEL12589,Unknown,Unknown,0,0,Truck,0
DEL12590,Unknown,Unknown,0,0,Truck,0
DEL12591,Unknown,Unknown,0,0,Truck,0
DEL12592,Unknown,Unknown,0,0,Truck,0
DEL12593,Unknown,Unknown,0,0,Truck,0
DEL12594,Unknown,Unknown,0,0,Truck,0
DEL12595,Unknown,Unknown,0,0,Truck,0
DEL12596,Unknown,Unknown,0,0,Truck,0
DEL12597,Unknown,Unknown,0,0,Truck,0
DEL12598,Unknown,Unknown,0,0,Truck,0
DEL12599,Unknown,Unknown,0,0,Truck,0
DEL12600,Unknown,Unknown,0,0,Truck,0
DEL12601,Unknown,Unknown,0,0,Truck,0
DEL12602,Unknown,Unknown,0,0,Truck,0
DEL12603,Unknown,Unknown,0,0,Truck,0
DEL12604,Unknown,Unknown,0,0,Truck,0
DEL12605,Unknown,Unknown,0,0,Truck,0
DEL12606,Unknown,Unknown,0,0,Truck,0
DEL12607,Unknown,Unknown,0,0,Truck,0
DEL12608,Unknown,Unknown,0,0,Truck,0
DEL12609,Unknown,Unknown,0,0,Truck,0
DEL12610,Unknown,Unknown,0,0,Truck,0
DEL12611,Unknown,Unknown,0,0,Truck,0
DEL12612,Unknown,Unknown,0,0,Truck,0
DEL12613,Unknown,Unknown,0,0,Truck,0
DEL12614,Unknown,Unknown,0,0,Truck,0
DEL12615,Unknown,Unknown,0,0,Truck,0
DEL12616,Unknown,Unknown,0,0,Truck,0
DEL12617,Unknown,Unknown,0,0,Truck,0
DEL12618,Unknown,Unknown,0,0,Truck,0
DEL12619,Unknown,Unknown,0,0,Truck,0
DEL12620,Unknown,Unknown,0,0,Truck,0
DEL12621,Unknown,Unknown,0,0,Truck,0
DEL12622,Unknown,Unknown,0,0,Truck,0
DEL12623,Unknown,Unknown,0,0,Truck,0
DEL12624,Unknown,Unknown,0,0,Truck,0
DEL12625,Unknown,Unknown,0,0,Truck,0
DEL12626,Unknown,Unknown,0,0,Truck,0
DEL12627,Unknown,Unknown,0,0,Truck,0
DEL12628,Unknown,Unknown,0,0,Truck,0
DEL12629,Unknown,Unknown,0,0,Truck,0
DEL12630,Unknown,Unknown,0,0,Truck,0
DEL12631,Unknown,Unknown,0,0,Truck,0
DEL12632,Unknown,Unknown,0,0,Truck,0
DEL12633,Unknown,Unknown,0,0,Truck,0
DEL12634,Unknown,Unknown,0,0,Truck,0
DEL12635,Unknown,Unknown,0,0,Truck,0
DEL12636,Unknown,Unknown,0,0,Truck,0
DEL12637,Unknown,Unknown,0,0,Truck,0
DEL12638,Unknown,Unknown,0,0,Truck,0
DEL12639,Unknown,Unknown,0,0,Truck,0
DEL12640,Unknown,Unknown,0,0,Truck,0
DEL12641,Unknown,Unknown,0,0,Truck,0
DEL12642,Unknown,Unknown,0,0,Truck,0
DEL12643,Unknown,Unknown,0,0,Truck,0
DEL12644,Unknown,Unknown,0,0,Truck,0
DEL12645,Unknown,Unknown,0,0,Truck,0
DEL12646,Unknown,Unknown,0,0,Truck,0
DEL12647,Unknown,Unknown,0,0,Truck,0
DEL12648,Unknown,Unknown,0,0,Truck,0
DEL12649,Unknown,Unknown,0,0,Truck,0
DEL12650,Unknown,Unknown,0,0,Truck,0
DEL12651,Unknown,Unknown,0,0,Truck,0
DEL12652,Unknown,Unknown,0,0,Truck,0
DEL12653,Unknown,Unknown,0,0,Truck,0
DEL12654,Unknown,Unknown,0,0,Truck,0
DEL12655,Unknown,Unknown,0,0,Truck,0
DEL12656,Unknown,Unknown,0,0,Truck,0
DEL12657,Unknown,Unknown,0,0,Truck,0
DEL12658,Unknown,Unknown,0,0,Truck,0
DEL12659,Unknown,Unknown,0,0,Truck,0
DEL12660,Unknown,Unknown,0,0,Truck,0
DEL12661,Unknown,Unknown,0,0,Truck,0
DEL12662,Unknown,Unknown,0,0,Truck,0
DEL12663,Unknown,Unknown,0,0,Truck,0
DEL12664,Unknown,Unknown,0,0,Truck,0
DEL12665,Unknown,Unknown,0,0,Truck,0
DEL12666,Unknown,Unknown,0,0,Truck,0
DEL12667,Unknown,Unknown,0,0,Truck,0
DEL12668,Unknown,Unknown,0,0,Truck,0
DEL12669,Unknown,Unknown,0,0,Truck,0
DEL12670,Unknown,Unknown,0,0,Truck,0
DEL12671,Unknown,Unknown,0,0,Truck,0
DEL12672,Unknown,Unknown,0,0,Truck,0
DEL12673,Unknown,Unknown,0,0,Truck,0
DEL12674,Unknown,Unknown,0,0,Truck,0
DEL12675,Unknown,Unknown,0,0,Truck,0
DEL12676,Unknown,Unknown,0,0,Truck,0
DEL12677,Unknown,Unknown,0,0,Truck,0
DEL12678,Unknown,Unknown,0,0,Truck,0
DEL12679,Unknown,Unknown,0,0,Truck,0
DEL12680,Unknown,Unknown,0,0,Truck,0
DEL12681,Unknown,Unknown,0,0,Truck,0
DEL12682,Unknown,Unknown,0,0,Truck,0
DEL12683,Unknown,Unknown,0,0,Truck,0
DEL12684,Unknown,Unknown,0,0,Truck,0
DEL12685,Unknown,Unknown,0,0,Truck,0
DEL12686,Unknown,Unknown,0,0,Truck,0
DEL12687,Unknown,Unknown,0,0,Truck,0
DEL12688,Unknown,Unknown,0,0,Truck,0
DEL12689,Unknown,Unknown,0,0,Truck,0
DEL12690,Unknown,Unknown,0,0,Truck,0
DEL12691,Unknown,Unknown,0,0,Truck,0
DEL12692,Unknown,Unknown,0,0,Truck,0
DEL12693,Unknown,Unknown,0,0,Truck,0
DEL12694,Unknown,Unknown,0,0,Truck,0
DEL12695,Unknown,Unknown,0,0,Truck,0
DEL12696,Unknown,Unknown,0,0,Truck,0
DEL12697,Unknown,Unknown,0,0,Truck,0
DEL12698,Unknown,Unknown,0,0,Truck,0
DEL12699,Unknown,Unknown,0,0,Truck,0
DEL12700,Unknown,Unknown,0,0,Truck,0
DEL12701,Unknown,Unknown,0,0,Truck,0
DEL12702,Unknown,Unknown,0,0,Truck,0
DEL12703,Unknown,Unknown,0,0,Truck,0
DEL12704,Unknown,Unknown,0,0,Truck,0
DEL12705,Unknown,Unknown,0,0,Truck,0
DEL12706,Unknown,Unknown,0,0,Truck,0
DEL12707,Unknown,Unknown,0,0,Truck,0
DEL12708,Unknown,Unknown,0,0,Truck,0
DEL12709,Unknown,Unknown,0,0,Truck,0
DEL12710,Unknown,Unknown,0,0,Truck,0
DEL12711,Unknown,Unknown,0,0,Truck,0
DEL12712,Unknown,Unknown,0,0,Truck,0
DEL12713,Unknown,Unknown,0,0,Truck,0
DEL12714,Unknown,Unknown,0,0,Truck,0
DEL12715,Unknown,Unknown,0,0,Truck,0
DEL12716,Unknown,Unknown,0,0,Truck,0
DEL12717,Unknown,Unknown,0,0,Truck,0
DEL12718,Unknown,Unknown,0,0,Truck,0
DEL12719,Unknown,Unknown,0,0,Truck,0
DEL12720,Unknown,Unknown,0,0,Truck,0
DEL12721,Unknown,Unknown,0,0,Truck,0
DEL12722,Unknown,Unknown,0,0,Truck,0
DEL12723,Unknown,Unknown,0,0,Truck,0
DEL12724,Unknown,Unknown,0,0,Truck,0
DEL12725,Unknown,Unknown,0,0,Truck,0
DEL12726,Unknown,Unknown,0,0,Truck,0
DEL12727,Unknown,Unknown,0,0,Truck,0
DEL12728,Unknown,Unknown,0,0,Truck,0
DEL12729,Unknown,Unknown,0,0,Truck,0
DEL12730,Unknown,Unknown,0,0,Truck,0
DEL12731,Unknown,Unknown,0,0,Truck,0
DEL12732,Unknown,Unknown,0,0,Truck,0
DEL12733,Unknown,Unknown,0,0,Truck,0
DEL12734,Unknown,Unknown,0,0,Truck,0
DEL12735,Unknown,Unknown,0,0,Truck,0
DEL12736,Unknown,Unknown,0,0,Truck,0
DEL12737,Unknown,Unknown,0,0,Truck,0
DEL12738,Unknown,Unknown,0,0,Truck,0
DEL12739,Unknown,Unknown,0,0,Truck,0
DEL12740,Unknown,Unknown,0,0,Truck,0
DEL12741,Unknown,Unknown,0,0,Truck,0
DEL12742,Unknown,Unknown,0,0,Truck,0
DEL12743,Unknown,Unknown,0,0,Truck,0
DEL12744,Unknown,Unknown,0,0,Truck,0
DEL12745,Unknown,Unknown,0,0,Truck,0
DEL12746,Unknown,Unknown,0,0,Truck,0
DEL12747,Unknown,Unknown,0,0,Truck,0
DEL12748,Unknown,Unknown,0,0,Truck,0
DEL12749,Unknown,Unknown,0,0,Truck,0
DEL12750,Unknown,Unknown,0,0,Truck,0
DEL12751,Unknown,Unknown,0,0,Truck,0
DEL12752,Unknown,Unknown,0,0,Truck,0
DEL12753,Unknown,Unknown,0,0,Truck,0
DEL12754,Unknown,Unknown,0,0,Truck,0
DEL12755,Unknown,Unknown,0,0,Truck,0
DEL12756,Unknown,Unknown,0,0,Truck,0
DEL12757,Unknown,Unknown,0,0,Truck,0
DEL12758,Unknown,Unknown,0,0,Truck,0
DEL12759,Unknown,Unknown,0,0,Truck,0
DEL12760,Unknown,Unknown,0,0,Truck,0
DEL12761,Unknown,Unknown,0,0,Truck,0
DEL12762,Unknown,Unknown,0,0,Truck,0
DEL12763,Unknown,Unknown,0,0,Truck,0
DEL12764,Unknown,Unknown,0,0,Truck,0
DEL12765,Unknown,Unknown,0,0,Truck,0
DEL12766,Unknown,Unknown,0,0,Truck,0
DEL12767,Unknown,Unknown,0,0,Truck,0
DEL12768,Unknown,Unknown,0,0,Truck,0
DEL12769,Unknown,Unknown,0,0,Truck,0
DEL12770,Unknown,Unknown,0,0,Truck,0
DEL12771,Unknown,Unknown,0,0,Truck,0
DEL12772,Unknown,Unknown,0,0,Truck,0
DEL12773,Unknown,Unknown,0,0,Truck,0
DEL12774,Unknown,Unknown,0,0,Truck,0
DEL12775,Unknown,Unknown,0,0,Truck,0
DEL12776,Unknown,Unknown,0,0,Truck,0
DEL12777,Unknown,Unknown,0,0,Truck,0
DEL12778,Unknown,Unknown,0,0,Truck,0
DEL12779,Unknown,Unknown,0,0,Truck,0
DEL12780,Unknown,Unknown,0,0,Truck,0
DEL12781,Unknown,Unknown,0,0,Truck,0
DEL12782,Unknown,Unknown,0,0,Truck,0
DEL12783,Unknown,Unknown,0,0,Truck,0
DEL12784,Unknown,Unknown,0,0,Truck,0
DEL12785,Unknown,Unknown,0,0,Truck,0
DEL12786,Unknown,Unknown,0,0,Truck,0
DEL12787,Unknown,Unknown,0,0,Truck,0
DEL12788,Unknown,Unknown,0,0,Truck,0
DEL12789,Unknown,Unknown,0,0,Truck,0
DEL12790,Unknown,Unknown,0,0,Truck,0
DEL12791,Unknown,Unknown,0,0,Truck,0
DEL12792,Unknown,Unknown,0,0,Truck,0
DEL12793,Unknown,Unknown,0,0,Truck,0
DEL12794,Unknown,Unknown,0,0,Truck,0
DEL12795,Unknown,Unknown,0,0,Truck,0
DEL12796,Unknown,Unknown,0,0,Truck,0
DEL12797,Unknown,Unknown,0,0,Truck,0
DEL12798,Unknown,Unknown,0,0,Truck,0
DEL12799,Unknown,Unknown,0,0,Truck,0
DEL12800,Unknown,Unknown,0,0,Truck,0
DEL12801,Unknown,Unknown,0,0,Truck,0
DEL12802,Unknown,Unknown,0,0,Truck,0
DEL12803,Unknown,Unknown,0,0,Truck,0
DEL12804,Unknown,Unknown,0,0,Truck,0
DEL12805,Unknown,Unknown,0,0,Truck,0
DEL12806,Unknown,Unknown,0,0,Truck,0
DEL12807,Unknown,Unknown,0,0,Truck,0
DEL12808,Unknown,Unknown,0,0,Truck,0
DEL12809,Unknown,Unknown,0,0,Truck,0
DEL12810,Unknown,Unknown,0,0,Truck,0
DEL12811,Unknown,Unknown,0,0,Truck,0
DEL12812,Unknown,Unknown,0,0,Truck,0
DEL12813,Unknown,Unknown,0,0,Truck,0
DEL12814,Unknown,Unknown,0,0,Truck,0
DEL12815,Unknown,Unknown,0,0,Truck,0
DEL12816,Unknown,Unknown,0,0,Truck,0
DEL12817,Unknown,Unknown,0,0,Truck,0
DEL12818,Unknown,Unknown,0,0,Truck,0
DEL12819,Unknown,Unknown,0,0,Truck,0
DEL12820,Unknown,Unknown,0,0,Truck,0
DEL12821,Unknown,Unknown,0,0,Truck,0
DEL12822,Unknown,Unknown,0,0,Truck,0
DEL12823,Unknown,Unknown,0,0,Truck,0
DEL12824,Unknown,Unknown,0,0,Truck,0
DEL12825,Unknown,Unknown,0,0,Truck,0
DEL12826,Unknown,Unknown,0,0,Truck,0
DEL12827,Unknown,Unknown,0,0,Truck,0
DEL12828,Unknown,Unknown,0,0,Truck,0
DEL12829,Unknown,Unknown,0,0,Truck,0
DEL12830,Unknown,Unknown,0,0,Truck,0
DEL12831,Unknown,Unknown,0,0,Truck,0
DEL12832,Unknown,Unknown,0,0,Truck,0
DEL12833,Unknown,Unknown,0,0,Truck,0
DEL12834,Unknown,Unknown,0,0,Truck,0
DEL12835,Unknown,Unknown,0,0,Truck,0
DEL12836,Unknown,Unknown,0,0,Truck,0
DEL12837,Unknown,Unknown,0,0,Truck,0
DEL12838,Unknown,Unknown,0,0,Truck,0
DEL12839,Unknown,Unknown,0,0,Truck,0
DEL12840,Unknown,Unknown,0,0,Truck,0
DEL12841,Unknown,Unknown,0,0,Truck,0
DEL12842,Unknown,Unknown,0,0,Truck,0
DEL12843,Unknown,Unknown,0,0,Truck,0
DEL12844,Unknown,Unknown,0,0,Truck,0
DEL12845,Unknown,Unknown,0,0,Truck,0
DEL12846,Unknown,Unknown,0,0,Truck,0
DEL12847,Unknown,Unknown,0,0,Truck,0
DEL12848,Unknown,Unknown,0,0,Truck,0
DEL12849,Unknown,Unknown,0,0,Truck,0
DEL12850,Unknown,Unknown,0,0,Truck,0
DEL12851,Unknown,Unknown,0,0,Truck,0
DEL12852,Unknown,Unknown,0,0,Truck,0
DEL12853,Unknown,Unknown,0,0,Truck,0
DEL12854,Unknown,Unknown,0,0,Truck,0
DEL12855,Unknown,Unknown,0,0,Truck,0
DEL12856,Unknown,Unknown,0,0,Truck,0
DEL12857,Unknown,Unknown,0,0,Truck,0
DEL12858,Unknown,Unknown,0,0,Truck,0
DEL12859,Unknown,Unknown,0,0,Truck,0
DEL12860,Unknown,Unknown,0,0,Truck,0
DEL12861,Unknown,Unknown,0,0,Truck,0
DEL12862,Unknown,Unknown,0,0,Truck,0
DEL12863,Unknown,Unknown,0,0,Truck,0
DEL12864,Unknown,Unknown,0,0,Truck,0
DEL12865,Unknown,Unknown,0,0,Truck,0
DEL12866,Unknown,Unknown,0,0,Truck,0
DEL12867,Unknown,Unknown,0,0,Truck,0
DEL12868,Unknown,Unknown,0,0,Truck,0
DEL12869,Unknown,Unknown,0,0,Truck,0
DEL12870,Unknown,Unknown,0,0,Truck,0
DEL12871,Unknown,Unknown,0,0,Truck,0
DEL12872,Unknown,Unknown,0,0,Truck,0
DEL12873,Unknown,Unknown,0,0,Truck,0
DEL12874,Unknown,Unknown,0,0,Truck,0
DEL12875,Unknown,Unknown,0,0,Truck,0
DEL12876,Unknown,Unknown,0,0,Truck,0
DEL12877,Unknown,Unknown,0,0,Truck,0
DEL12878,Unknown,Unknown,0,0,Truck,0
DEL12879,Unknown,Unknown,0,0,Truck,0
DEL12880,Unknown,Unknown,0,0,Truck,0
DEL12881,Unknown,Unknown,0,0,Truck,0
DEL12882,Unknown,Unknown,0,0,Truck,0
DEL12883,Unknown,Unknown,0,0,Truck,0
DEL12884,Unknown,Unknown,0,0,Truck,0
DEL12885,Unknown,Unknown,0,0,Truck,0
DEL12886,Unknown,Unknown,0,0,Truck,0
DEL12887,Unknown,Unknown,0,0,Truck,0
DEL12888,Unknown,Unknown,0,0,Truck,0
DEL12889,Unknown,Unknown,0,0,Truck,0
DEL12890,Unknown,Unknown,0,0,Truck,0
DEL12891,Unknown,Unknown,0,0,Truck,0
DEL12892,Unknown,Unknown,0,0,Truck,0
DEL12893,Unknown,Unknown,0,0,Truck,0
DEL12894,Unknown,Unknown,0,0,Truck,0
DEL12895,Unknown,Unknown,0,0,Truck,0
DEL12896,Unknown,Unknown,0,0,Truck,0
DEL12897,Unknown,Unknown,0,0,Truck,0
DEL12898,Unknown,Unknown,0,0,Truck,0
DEL12899,Unknown,Unknown,0,0,Truck,0
DEL12900,Unknown,Unknown,0,0,Truck,0
DEL12901,Unknown,Unknown,0,0,Truck,0
DEL12902,Unknown,Unknown,0,0,Truck,0
DEL12903,Unknown,Unknown,0,0,Truck,0
DEL12904,Unknown,Unknown,0,0,Truck,0
DEL12905,Unknown,Unknown,0,0,Truck,0
DEL12906,Unknown,Unknown,0,0,Truck,0
DEL12907,Unknown,Unknown,0,0,Truck,0
DEL12908,Unknown,Unknown,0,0,Truck,0
DEL12909,Unknown,Unknown,0,0,Truck,0
DEL12910,Unknown,Unknown,0,0,Truck,0
DEL12911,Unknown,Unknown,0,0,Truck,0
DEL12912,Unknown,Unknown,0,0,Truck,0
DEL12913,Unknown,Unknown,0,0,Truck,0
DEL12914,Unknown,Unknown,0,0,Truck,0
DEL12915,Unknown,Unknown,0,0,Truck,0
DEL12916,Unknown,Unknown,0,0,Truck,0
DEL12917,Unknown,Unknown,0,0,Truck,0
DEL12918,Unknown,Unknown,0,0,Truck,0
DEL12919,Unknown,Unknown,0,0,Truck,0
DEL12920,Unknown,Unknown,0,0,Truck,0
DEL12921,Unknown,Unknown,0,0,Truck,0
DEL12922,Unknown,Unknown,0,0,Truck,0
DEL12923,Unknown,Unknown,0,0,Truck,0
DEL12924,Unknown,Unknown,0,0,Truck,0
DEL12925,Unknown,Unknown,0,0,Truck,0
DEL12926,Unknown,Unknown,0,0,Truck,0
DEL12927,Unknown,Unknown,0,0,Truck,0
DEL12928,Unknown,Unknown,0,0,Truck,0
DEL12929,Unknown,Unknown,0,0,Truck,0
DEL12930,Unknown,Unknown,0,0,Truck,0
DEL12931,Unknown,Unknown,0,0,Truck,0
DEL12932,Unknown,Unknown,0,0,Truck,0
DEL12933,Unknown,Unknown,0,0,Truck,0
DEL12934,Unknown,Unknown,0,0,Truck,0
DEL12935,Unknown,Unknown,0,0,Truck,0
DEL12936,Unknown,Unknown,0,0,Truck,0
DEL12937,Unknown,Unknown,0,0,Truck,0
DEL12938,Unknown,Unknown,0,0,Truck,0
DEL12939,Unknown,Unknown,0,0,Truck,0
DEL12940,Unknown,Unknown,0,0,Truck,0
DEL12941,Unknown,Unknown,0,0,Truck,0
DEL12942,Unknown,Unknown,0,0,Truck,0
DEL12943,Unknown,Unknown,0,0,Truck,0
DEL12944,Unknown,Unknown,0,0,Truck,0
DEL12945,Unknown,Unknown,0,0,Truck,0
DEL12946,Unknown,Unknown,0,0,Truck,0
DEL12947,Unknown,Unknown,0,0,Truck,0
DEL12948,Unknown,Unknown,0,0,Truck,0
DEL12949,Unknown,Unknown,0,0,Truck,0
DEL12950,Unknown,Unknown,0,0,Truck,0
DEL12951,Unknown,Unknown,0,0,Truck,0
DEL12952,Unknown,Unknown,0,0,Truck,0
DEL12953,Unknown,Unknown,0,0,Truck,0
DEL12954,Unknown,Unknown,0,0,Truck,0
DEL12955,Unknown,Unknown,0,0,Truck,0
DEL12956,Unknown,Unknown,0,0,Truck,0
DEL12957,Unknown,Unknown,0,0,Truck,0
DEL12958,Unknown,Unknown,0,0,Truck,0
DEL12959,Unknown,Unknown,0,0,Truck,0
DEL12960,Unknown,Unknown,0,0,Truck,0
DEL12961,Unknown,Unknown,0,0,Truck,0
DEL12962,Unknown,Unknown,0,0,Truck,0
DEL12963,Unknown,Unknown,0,0,Truck,0
DEL12964,Unknown,Unknown,0,0,Truck,0
DEL12965,Unknown,Unknown,0,0,Truck,0
DEL12966,Unknown,Unknown,0,0,Truck,0
DEL12967,Unknown,Unknown,0,0,Truck,0
DEL12968,Unknown,Unknown,0,0,Truck,0
DEL12969,Unknown,Unknown,0,0,Truck,0
DEL12970,Unknown,Unknown,0,0,Truck,0
DEL12971,Unknown,Unknown,0,0,Truck,0
DEL12972,Unknown,Unknown,0,0,Truck,0
DEL12973,Unknown,Unknown,0,0,Truck,0
DEL12974,Unknown,Unknown,0,0,Truck,0
DEL12975,Unknown,Unknown,0,0,Truck,0
DEL12976,Unknown,Unknown,0,0,Truck,0
DEL12977,Unknown,Unknown,0,0,Truck,0
DEL12978,Unknown,Unknown,0,0,Truck,0
DEL12979,Unknown,Unknown,0,0,Truck,0
DEL12980,Unknown,Unknown,0,0,Truck,0
DEL12981,Unknown,Unknown,0,0,Truck,0
DEL12982,Unknown,Unknown,0,0,Truck,0
DEL12983,Unknown,Unknown,0,0,Truck,0
DEL12984,Unknown,Unknown,0,0,Truck,0
DEL12985,Unknown,Unknown,0,0,Truck,0
DEL12986,Unknown,Unknown,0,0,Truck,0
DEL12987,Unknown,Unknown,0,0,Truck,0
DEL12988,Unknown,Unknown,0,0,Truck,0
DEL12989,Unknown,Unknown,0,0,Truck,0
DEL12990,Unknown,Unknown,0,0,Truck,0
DEL12991,Unknown,Unknown,0,0,Truck,0
DEL12992,Unknown,Unknown,0,0,Truck,0
DEL12993,Unknown,Unknown,0,0,Truck,0
DEL12994,Unknown,Unknown,0,0,Truck,0
DEL12995,Unknown,Unknown,0,0,Truck,0
DEL12996,Unknown,Unknown,0,0,Truck,0
DEL12997,Unknown,Unknown,0,0,Truck,0
DEL12998,Unknown,Unknown,0,0,Truck,0
DEL12999,Unknown,Unknown,0,0,Truck,0
DEL13000,Unknown,Unknown,0,0,Truck,0
DEL13001,Unknown,Unknown,0,0,Truck,0
DEL13002,Unknown,Unknown,0,0,Truck,0
DEL13003,Unknown,Unknown,0,0,Truck,0
DEL13004,Unknown,Unknown,0,0,Truck,0
DEL13005,Unknown,Unknown,0,0,Truck,0
DEL13006,Unknown,Unknown,0,0,Truck,0
DEL13007,Unknown,Unknown,0,0,Truck,0
DEL13008,Unknown,Unknown,0,0,Truck,0
DEL13009,Unknown,Unknown,0,0,Truck,0
DEL13010,Unknown,Unknown,0,0,Truck,0
DEL13011,Unknown,Unknown,0,0,Truck,0
DEL13012,Unknown,Unknown,0,0,Truck,0
DEL13013,Unknown,Unknown,0,0,Truck,0
DEL13014,Unknown,Unknown,0,0,Truck,0
DEL13015,Unknown,Unknown,0,0,Truck,0
DEL13016,Unknown,Unknown,0,0,Truck,0
DEL13017,Unknown,Unknown,0,0,Truck,0
DEL13018,Unknown,Unknown,0,0,Truck,0
DEL13019,Unknown,Unknown,0,0,Truck,0
DEL13020,Unknown,Unknown,0,0,Truck,0
DEL13021,Unknown,Unknown,0,0,Truck,0
DEL13022,Unknown,Unknown,0,0,Truck,0
DEL13023,Unknown,Unknown,0,0,Truck,0
DEL13024,Unknown,Unknown,0,0,Truck,0
DEL13025,Unknown,Unknown,0,0,Truck,0
DEL13026,Unknown,Unknown,0,0,Truck,0
DEL13027,Unknown,Unknown,0,0,Truck,0
DEL13028,Unknown,Unknown,0,0,Truck,0
DEL13029,Unknown,Unknown,0,0,Truck,0
DEL13030,Unknown,Unknown,0,0,Truck,0
DEL13031,Unknown,Unknown,0,0,Truck,0
DEL13032,Unknown,Unknown,0,0,Truck,0
DEL13033,Unknown,Unknown,0,0,Truck,0
DEL13034,Unknown,Unknown,0,0,Truck,0
DEL13035,Unknown,Unknown,0,0,Truck,0
DEL13036,Unknown,Unknown,0,0,Truck,0
DEL13037,Unknown,Unknown,0,0,Truck,0
DEL13038,Unknown,Unknown,0,0,Truck,0
DEL13039,Unknown,Unknown,0,0,Truck,0
DEL13040,Unknown,Unknown,0,0,Truck,0
DEL13041,Unknown,Unknown,0,0,Truck,0
DEL13042,Unknown,Unknown,0,0,Truck,0
DEL13043,Unknown,Unknown,0,0,Truck,0
DEL13044,Unknown,Unknown,0,0,Truck,0
DEL13045,Unknown,Unknown,0,0,Truck,0
DEL13046,Unknown,Unknown,0,0,Truck,0
DEL13047,Unknown,Unknown,0,0,Truck,0
DEL13048,Unknown,Unknown,0,0,Truck,0
DEL13049,Unknown,Unknown,0,0,Truck,0
DEL13050,Unknown,Unknown,0,0,Truck,0
DEL13051,Unknown,Unknown,0,0,Truck,0
DEL13052,Unknown,Unknown,0,0,Truck,0
DEL13053,Unknown,Unknown,0,0,Truck,0
DEL13054,Unknown,Unknown,0,0,Truck,0
DEL13055,Unknown,Unknown,0,0,Truck,0
DEL13056,Unknown,Unknown,0,0,Truck,0
DEL13057,Unknown,Unknown,0,0,Truck,0
DEL13058,Unknown,Unknown,0,0,Truck,0
DEL13059,Unknown,Unknown,0,0,Truck,0
DEL13060,Unknown,Unknown,0,0,Truck,0
DEL13061,Unknown,Unknown,0,0,Truck,0
DEL13062,Unknown,Unknown,0,0,Truck,0
DEL13063,Unknown,Unknown,0,0,Truck,0
DEL13064,Unknown,Unknown,0,0,Truck,0
DEL13065,Unknown,Unknown,0,0,Truck,0
DEL13066,Unknown,Unknown,0,0,Truck,0
DEL13067,Unknown,Unknown,0,0,Truck,0
DEL13068,Unknown,Unknown,0,0,Truck,0
DEL13069,Unknown,Unknown,0,0,Truck,0
DEL13070,Unknown,Unknown,0,0,Truck,0
DEL13071,Unknown,Unknown,0,0,Truck,0
DEL13072,Unknown,Unknown,0,0,Truck,0
DEL13073,Unknown,Unknown,0,0,Truck,0
DEL13074,Unknown,Unknown,0,0,Truck,0
DEL13075,Unknown,Unknown,0,0,Truck,0
DEL13076,Unknown,Unknown,0,0,Truck,0
DEL13077,Unknown,Unknown,0,0,Truck,0
DEL13078,Unknown,Unknown,0,0,Truck,0
DEL13079,Unknown,Unknown,0,0,Truck,0
DEL13080,Unknown,Unknown,0,0,Truck,0
DEL13081,Unknown,Unknown,0,0,Truck,0
DEL13082,Unknown,Unknown,0,0,Truck,0
DEL13083,Unknown,Unknown,0,0,Truck,0
DEL13084,Unknown,Unknown,0,0,Truck,0
DEL13085,Unknown,Unknown,0,0,Truck,0
DEL13086,Unknown,Unknown,0,0,Truck,0
DEL13087,Unknown,Unknown,0,0,Truck,0
DEL13088,Unknown,Unknown,0,0,Truck,0
DEL13089,Unknown,Unknown,0,0,Truck,0
DEL13090,Unknown,Unknown,0,0,Truck,0
DEL13091,Unknown,Unknown,0,0,Truck,0
DEL13092,Unknown,Unknown,0,0,Truck,0
DEL13093,Unknown,Unknown,0,0,Truck,0
DEL13094,Unknown,Unknown,0,0,Truck,0
DEL13095,Unknown,Unknown,0,0,Truck,0
DEL13096,Unknown,Unknown,0,0,Truck,0
DEL13097,Unknown,Unknown,0,0,Truck,0
DEL13098,Unknown,Unknown,0,0,Truck,0
DEL13099,Unknown,Unknown,0,0,Truck,0
DEL13100,Unknown,Unknown,0,0,Truck,0
DEL13101,Unknown,Unknown,0,0,Truck,0
DEL13102,Unknown,Unknown,0,0,Truck,0
DEL13103,Unknown,Unknown,0,0,Truck,0
DEL13104,Unknown,Unknown,0,0,Truck,0
DEL13105,Unknown,Unknown,0,0,Truck,0
DEL13106,Unknown,Unknown,0,0,Truck,0
DEL13107,Unknown,Unknown,0,0,Truck,0
DEL13108,Unknown,Unknown,0,0,Truck,0
DEL13109,Unknown,Unknown,0,0,Truck,0
DEL13110,Unknown,Unknown,0,0,Truck,0
DEL13111,Unknown,Unknown,0,0,Truck,0
DEL13112,Unknown,Unknown,0,0,Truck,0
DEL13113,Unknown,Unknown,0,0,Truck,0
DEL13114,Unknown,Unknown,0,0,Truck,0
DEL13115,Unknown,Unknown,0,0,Truck,0
DEL13116,Unknown,Unknown,0,0,Truck,0
DEL13117,Unknown,Unknown,0,0,Truck,0
DEL13118,Unknown,Unknown,0,0,Truck,0
DEL13119,Unknown,Unknown,0,0,Truck,0
DEL13120,Unknown,Unknown,0,0,Truck,0
DEL13121,Unknown,Unknown,0,0,Truck,0
DEL13122,Unknown,Unknown,0,0,Truck,0
DEL13123,Unknown,Unknown,0,0,Truck,0
DEL13124,Unknown,Unknown,0,0,Truck,0
DEL13125,Unknown,Unknown,0,0,Truck,0
DEL13126,Unknown,Unknown,0,0,Truck,0
DEL13127,Unknown,Unknown,0,0,Truck,0
DEL13128,Unknown,Unknown,0,0,Truck,0
DEL13129,Unknown,Unknown,0,0,Truck,0
DEL13130,Unknown,Unknown,0,0,Truck,0
DEL13131,Unknown,Unknown,0,0,Truck,0
DEL13132,Unknown,Unknown,0,0,Truck,0
DEL13133,Unknown,Unknown,0,0,Truck,0
DEL13134,Unknown,Unknown,0,0,Truck,0
DEL13135,Unknown,Unknown,0,0,Truck,0
DEL13136,Unknown,Unknown,0,0,Truck,0
DEL13137,Unknown,Unknown,0,0,Truck,0
DEL13138,Unknown,Unknown,0,0,Truck,0
DEL13139,Unknown,Unknown,0,0,Truck,0
DEL13140,Unknown,Unknown,0,0,Truck,0
DEL13141,Unknown,Unknown,0,0,Truck,0
DEL13142,Unknown,Unknown,0,0,Truck,0
DEL13143,Unknown,Unknown,0,0,Truck,0
DEL13144,Unknown,Unknown,0,0,Truck,0
DEL13145,Unknown,Unknown,0,0,Truck,0
DEL13146,Unknown,Unknown,0,0,Truck,0
DEL13147,Unknown,Unknown,0,0,Truck,0
DEL13148,Unknown,Unknown,0,0,Truck,0
DEL13149,Unknown,Unknown,0,0,Truck,0
DEL13150,Unknown,Unknown,0,0,Truck,0
DEL13151,Unknown,Unknown,0,0,Truck,0
DEL13152,Unknown,Unknown,0,0,Truck,0
DEL13153,Unknown,Unknown,0,0,Truck,0
DEL13154,Unknown,Unknown,0,0,Truck,0
DEL13155,Unknown,Unknown,0,0,Truck,0
DEL13156,Unknown,Unknown,0,0,Truck,0
DEL13157,Unknown,Unknown,0,0,Truck,0
DEL13158,Unknown,Unknown,0,0,Truck,0
DEL13159,Unknown,Unknown,0,0,Truck,0
DEL13160,Unknown,Unknown,0,0,Truck,0
DEL13161,Unknown,Unknown,0,0,Truck,0
DEL13162,Unknown,Unknown,0,0,Truck,0
DEL13163,Unknown,Unknown,0,0,Truck,0
DEL13164,Unknown,Unknown,0,0,Truck,0
DEL13165,Unknown,Unknown,0,0,Truck,0
DEL13166,Unknown,Unknown,0,0,Truck,0
DEL13167,Unknown,Unknown,0,0,Truck,0
DEL13168,Unknown,Unknown,0,0,Truck,0
DEL13169,Unknown,Unknown,0,0,Truck,0
DEL13170,Unknown,Unknown,0,0,Truck,0
DEL13171,Unknown,Unknown,0,0,Truck,0
DEL13172,Unknown,Unknown,0,0,Truck,0
DEL13173,Unknown,Unknown,0,0,Truck,0
DEL13174,Unknown,Unknown,0,0,Truck,0
DEL13175,Unknown,Unknown,0,0,Truck,0
DEL13176,Unknown,Unknown,0,0,Truck,0
DEL13177,Unknown,Unknown,0,0,Truck,0
DEL13178,Unknown,Unknown,0,0,Truck,0
DEL13179,Unknown,Unknown,0,0,Truck,0
DEL13180,Unknown,Unknown,0,0,Truck,0
DEL13181,Unknown,Unknown,0,0,Truck,0
DEL13182,Unknown,Unknown,0,0,Truck,0
DEL13183,Unknown,Unknown,0,0,Truck,0
DEL13184,Unknown,Unknown,0,0,Truck,0
DEL13185,Unknown,Unknown,0,0,Truck,0
DEL13186,Unknown,Unknown,0,0,Truck,0
DEL13187,Unknown,Unknown,0,0,Truck,0
DEL13188,Unknown,Unknown,0,0,Truck,0
DEL13189,Unknown,Unknown,0,0,Truck,0
DEL13190,Unknown,Unknown,0,0,Truck,0
DEL13191,Unknown,Unknown,0,0,Truck,0
DEL13192,Unknown,Unknown,0,0,Truck,0
DEL13193,Unknown,Unknown,0,0,Truck,0
DEL13194,Unknown,Unknown,0,0,Truck,0
DEL13195,Unknown,Unknown,0,0,Truck,0
DEL13196,Unknown,Unknown,0,0,Truck,0
DEL13197,Unknown,Unknown,0,0,Truck,0
DEL13198,Unknown,Unknown,0,0,Truck,0
DEL13199,Unknown,Unknown,0,0,Truck,0
DEL13200,Unknown,Unknown,0,0,Truck,0
DEL13201,Unknown,Unknown,0,0,Truck,0
DEL13202,Unknown,Unknown,0,0,Truck,0
DEL13203,Unknown,Unknown,0,0,Truck,0
DEL13204,Unknown,Unknown,0,0,Truck,0
DEL13205,Unknown,Unknown,0,0,Truck,0
DEL13206,Unknown,Unknown,0,0,Truck,0
DEL13207,Unknown,Unknown,0,0,Truck,0
DEL13208,Unknown,Unknown,0,0,Truck,0
DEL13209,Unknown,Unknown,0,0,Truck,0
DEL13210,Unknown,Unknown,0,0,Truck,0
DEL13211,Unknown,Unknown,0,0,Truck,0
DEL13212,Unknown,Unknown,0,0,Truck,0
DEL13213,Unknown,Unknown,0,0,Truck,0
DEL13214,Unknown,Unknown,0,0,Truck,0
DEL13215,Unknown,Unknown,0,0,Truck,0
DEL13216,Unknown,Unknown,0,0,Truck,0
DEL13217,Unknown,Unknown,0,0,Truck,0
DEL13218,Unknown,Unknown,0,0,Truck,0
DEL13219,Unknown,Unknown,0,0,Truck,0
DEL13220,Unknown,Unknown,0,0,Truck,0
DEL13221,Unknown,Unknown,0,0,Truck,0
DEL13222,Unknown,Unknown,0,0,Truck,0
DEL13223,Unknown,Unknown,0,0,Truck,0
DEL13224,Unknown,Unknown,0,0,Truck,0
DEL13225,Unknown,Unknown,0,0,Truck,0
DEL13226,Unknown,Unknown,0,0,Truck,0
DEL13227,Unknown,Unknown,0,0,Truck,0
DEL13228,Unknown,Unknown,0,0,Truck,0
DEL13229,Unknown,Unknown,0,0,Truck,0
DEL13230,Unknown,Unknown,0,0,Truck,0
DEL13231,Unknown,Unknown,0,0,Truck,0
DEL13232,Unknown,Unknown,0,0,Truck,0
DEL13233,Unknown,Unknown,0,0,Truck,0
DEL13234,Unknown,Unknown,0,0,Truck,0
DEL13235,Unknown,Unknown,0,0,Truck,0
DEL13236,Unknown,Unknown,0,0,Truck,0
DEL13237,Unknown,Unknown,0,0,Truck,0
DEL13238,Unknown,Unknown,0,0,Truck,0
DEL13239,Unknown,Unknown,0,0,Truck,0
DEL13240,Unknown,Unknown,0,0,Truck,0
DEL13241,Unknown,Unknown,0,0,Truck,0
DEL13242,Unknown,Unknown,0,0,Truck,0
DEL13243,Unknown,Unknown,0,0,Truck,0
DEL13244,Unknown,Unknown,0,0,Truck,0
DEL13245,Unknown,Unknown,0,0,Truck,0
DEL13246,Unknown,Unknown,0,0,Truck,0
DEL13247,Unknown,Unknown,0,0,Truck,0
DEL13248,Unknown,Unknown,0,0,Truck,0
DEL13249,Unknown,Unknown,0,0,Truck,0
DEL13250,Unknown,Unknown,0,0,Truck,0
DEL13251,Unknown,Unknown,0,0,Truck,0
DEL13252,Unknown,Unknown,0,0,Truck,0
DEL13253,Unknown,Unknown,0,0,Truck,0
DEL13254,Unknown,Unknown,0,0,Truck,0
DEL13255,Unknown,Unknown,0,0,Truck,0
DEL13256,Unknown,Unknown,0,0,Truck,0
DEL13257,Unknown,Unknown,0,0,Truck,0
DEL13258,Unknown,Unknown,0,0,Truck,0
DEL13259,Unknown,Unknown,0,0,Truck,0
DEL13260,Unknown,Unknown,0,0,Truck,0
DEL13261,Unknown,Unknown,0,0,Truck,0
DEL13262,Unknown,Unknown,0,0,Truck,0
DEL13263,Unknown,Unknown,0,0,Truck,0
DEL13264,Unknown,Unknown,0,0,Truck,0
DEL13265,Unknown,Unknown,0,0,Truck,0
DEL13266,Unknown,Unknown,0,0,Truck,0
DEL13267,Unknown,Unknown,0,0,Truck,0
DEL13268,Unknown,Unknown,0,0,Truck,0
DEL13269,Unknown,Unknown,0,0,Truck,0
DEL13270,Unknown,Unknown,0,0,Truck,0
DEL13271,Unknown,Unknown,0,0,Truck,0
DEL13272,Unknown,Unknown,0,0,Truck,0
DEL13273,Unknown,Unknown,0,0,Truck,0
DEL13274,Unknown,Unknown,0,0,Truck,0
DEL13275,Unknown,Unknown,0,0,Truck,0
DEL13276,Unknown,Unknown,0,0,Truck,0
DEL13277,Unknown,Unknown,0,0,Truck,0
DEL13278,Unknown,Unknown,0,0,Truck,0
DEL13279,Unknown,Unknown,0,0,Truck,0
DEL13280,Unknown,Unknown,0,0,Truck,0
DEL13281,Unknown,Unknown,0,0,Truck,0
DEL13282,Unknown,Unknown,0,0,Truck,0
DEL13283,Unknown,Unknown,0,0,Truck,0
DEL13284,Unknown,Unknown,0,0,Truck,0
DEL13285,Unknown,Unknown,0,0,Truck,0
DEL13286,Unknown,Unknown,0,0,Truck,0
DEL13287,Unknown,Unknown,0,0,Truck,0
DEL13288,Unknown,Unknown,0,0,Truck,0
DEL13289,Unknown,Unknown,0,0,Truck,0
DEL13290,Unknown,Unknown,0,0,Truck,0
DEL13291,Unknown,Unknown,0,0,Truck,0
DEL13292,Unknown,Unknown,0,0,Truck,0
DEL13293,Unknown,Unknown,0,0,Truck,0
DEL13294,Unknown,Unknown,0,0,Truck,0
DEL13295,Unknown,Unknown,0,0,Truck,0
DEL13296,Unknown,Unknown,0,0,Truck,0
DEL13297,Unknown,Unknown,0,0,Truck,0
DEL13298,Unknown,Unknown,0,0,Truck,0
DEL13299,Unknown,Unknown,0,0,Truck,0
DEL13300,Unknown,Unknown,0,0,Truck,0
DEL13301,Unknown,Unknown,0,0,Truck,0
DEL13302,Unknown,Unknown,0,0,Truck,0
DEL13303,Unknown,Unknown,0,0,Truck,0
DEL13304,Unknown,Unknown,0,0,Truck,0
DEL13305,Unknown,Unknown,0,0,Truck,0
DEL13306,Unknown,Unknown,0,0,Truck,0
DEL13307,Unknown,Unknown,0,0,Truck,0
DEL13308,Unknown,Unknown,0,0,Truck,0
DEL13309,Unknown,Unknown,0,0,Truck,0
DEL13310,Unknown,Unknown,0,0,Truck,0
DEL13311,Unknown,Unknown,0,0,Truck,0
DEL13312,Unknown,Unknown,0,0,Truck,0
DEL13313,Unknown,Unknown,0,0,Truck,0
DEL13314,Unknown,Unknown,0,0,Truck,0
DEL13315,Unknown,Unknown,0,0,Truck,0
DEL13316,Unknown,Unknown,0,0,Truck,0
DEL13317,Unknown,Unknown,0,0,Truck,0
DEL13318,Unknown,Unknown,0,0,Truck,0
DEL13319,Unknown,Unknown,0,0,Truck,0
DEL13320,Unknown,Unknown,0,0,Truck,0
DEL13321,Unknown,Unknown,0,0,Truck,0
DEL13322,Unknown,Unknown,0,0,Truck,0
DEL13323,Unknown,Unknown,0,0,Truck,0
DEL13324,Unknown,Unknown,0,0,Truck,0
DEL13325,Unknown,Unknown,0,0,Truck,0
DEL13326,Unknown,Unknown,0,0,Truck,0
DEL13327,Unknown,Unknown,0,0,Truck,0
DEL13328,Unknown,Unknown,0,0,Truck,0
DEL13329,Unknown,Unknown,0,0,Truck,0
DEL13330,Unknown,Unknown,0,0,Truck,0
DEL13331,Unknown,Unknown,0,0,Truck,0
DEL13332,Unknown,Unknown,0,0,Truck,0
DEL13333,Unknown,Unknown,0,0,Truck,0
DEL13334,Unknown,Unknown,0,0,Truck,0
DEL13335,Unknown,Unknown,0,0,Truck,0
DEL13336,Unknown,Unknown,0,0,Truck,0
DEL13337,Unknown,Unknown,0,0,Truck,0
DEL13338,Unknown,Unknown,0,0,Truck,0
DEL13339,Unknown,Unknown,0,0,Truck,0
DEL13340,Unknown,Unknown,0,0,Truck,0
DEL13341,Unknown,Unknown,0,0,Truck,0
DEL13342,Unknown,Unknown,0,0,Truck,0
DEL13343,Unknown,Unknown,0,0,Truck,0
DEL13344,Unknown,Unknown,0,0,Truck,0
DEL13345,Unknown,Unknown,0,0,Truck,0
DEL13346,Unknown,Unknown,0,0,Truck,0
DEL13347,Unknown,Unknown,0,0,Truck,0
DEL13348,Unknown,Unknown,0,0,Truck,0
DEL13349,Unknown,Unknown,0,0,Truck,0
DEL13350,Unknown,Unknown,0,0,Truck,0
DEL13351,Unknown,Unknown,0,0,Truck,0
DEL13352,Unknown,Unknown,0,0,Truck,0
DEL13353,Unknown,Unknown,0,0,Truck,0
DEL13354,Unknown,Unknown,0,0,Truck,0
DEL13355,Unknown,Unknown,0,0,Truck,0
DEL13356,Unknown,Unknown,0,0,Truck,0
DEL13357,Unknown,Unknown,0,0,Truck,0
DEL13358,Unknown,Unknown,0,0,Truck,0
DEL13359,Unknown,Unknown,0,0,Truck,0
DEL13360,Unknown,Unknown,0,0,Truck,0
DEL13361,Unknown,Unknown,0,0,Truck,0
DEL13362,Unknown,Unknown,0,0,Truck,0
DEL13363,Unknown,Unknown,0,0,Truck,0
DEL13364,Unknown,Unknown,0,0,Truck,0
DEL13365,Unknown,Unknown,0,0,Truck,0
DEL13366,Unknown,Unknown,0,0,Truck,0
DEL13367,Unknown,Unknown,0,0,Truck,0
DEL13368,Unknown,Unknown,0,0,Truck,0
DEL13369,Unknown,Unknown,0,0,Truck,0
DEL13370,Unknown,Unknown,0,0,Truck,0
DEL13371,Unknown,Unknown,0,0,Truck,0
DEL13372,Unknown,Unknown,0,0,Truck,0
DEL13373,Unknown,Unknown,0,0,Truck,0
DEL13374,Unknown,Unknown,0,0,Truck,0
DEL13375,Unknown,Unknown,0,0,Truck,0
DEL13376,Unknown,Unknown,0,0,Truck,0
DEL13377,Unknown,Unknown,0,0,Truck,0
DEL13378,Unknown,Unknown,0,0,Truck,0
DEL13379,Unknown,Unknown,0,0,Truck,0
DEL13380,Unknown,Unknown,0,0,Truck,0
DEL13381,Unknown,Unknown,0,0,Truck,0
DEL13382,Unknown,Unknown,0,0,Truck,0
DEL13383,Unknown,Unknown,0,0,Truck,0
DEL13384,Unknown,Unknown,0,0,Truck,0
DEL13385,Unknown,Unknown,0,0,Truck,0
DEL13386,Unknown,Unknown,0,0,Truck,0
DEL13387,Unknown,Unknown,0,0,Truck,0
DEL13388,Unknown,Unknown,0,0,Truck,0
DEL13389,Unknown,Unknown,0,0,Truck,0
DEL13390,Unknown,Unknown,0,0,Truck,0
DEL13391,Unknown,Unknown,0,0,Truck,0
DEL13392,Unknown,Unknown,0,0,Truck,0
DEL13393,Unknown,Unknown,0,0,Truck,0
DEL13394,Unknown,Unknown,0,0,Truck,0
DEL13395,Unknown,Unknown,0,0,Truck,0
DEL13396,Unknown,Unknown,0,0,Truck,0
DEL13397,Unknown,Unknown,0,0,Truck,0
DEL13398,Unknown,Unknown,0,0,Truck,0
DEL13399,Unknown,Unknown,0,0,Truck,0
DEL13400,Unknown,Unknown,0,0,Truck,0
DEL13401,Unknown,Unknown,0,0,Truck,0
DEL13402,Unknown,Unknown,0,0,Truck,0
DEL13403,Unknown,Unknown,0,0,Truck,0
DEL13404,Unknown,Unknown,0,0,Truck,0
DEL13405,Unknown,Unknown,0,0,Truck,0
DEL13406,Unknown,Unknown,0,0,Truck,0
DEL13407,Unknown,Unknown,0,0,Truck,0
DEL13408,Unknown,Unknown,0,0,Truck,0
DEL13409,Unknown,Unknown,0,0,Truck,0
DEL13410,Unknown,Unknown,0,0,Truck,0
DEL13411,Unknown,Unknown,0,0,Truck,0
DEL13412,Unknown,Unknown,0,0,Truck,0
DEL13413,Unknown,Unknown,0,0,Truck,0
DEL13414,Unknown,Unknown,0,0,Truck,0
DEL13415,Unknown,Unknown,0,0,Truck,0
DEL13416,Unknown,Unknown,0,0,Truck,0
DEL13417,Unknown,Unknown,0,0,Truck,0
DEL13418,Unknown,Unknown,0,0,Truck,0
DEL13419,Unknown,Unknown,0,0,Truck,0
DEL13420,Unknown,Unknown,0,0,Truck,0
DEL13421,Unknown,Unknown,0,0,Truck,0
DEL13422,Unknown,Unknown,0,0,Truck,0
DEL13423,Unknown,Unknown,0,0,Truck,0
DEL13424,Unknown,Unknown,0,0,Truck,0
DEL13425,Unknown,Unknown,0,0,Truck,0
DEL13426,Unknown,Unknown,0,0,Truck,0
DEL13427,Unknown,Unknown,0,0,Truck,0
DEL13428,Unknown,Unknown,0,0,Truck,0
DEL13429,Unknown,Unknown,0,0,Truck,0
DEL13430,Unknown,Unknown,0,0,Truck,0
DEL13431,Unknown,Unknown,0,0,Truck,0
DEL13432,Unknown,Unknown,0,0,Truck,0
DEL13433,Unknown,Unknown,0,0,Truck,0
DEL13434,Unknown,Unknown,0,0,Truck,0
DEL13435,Unknown,Unknown,0,0,Truck,0
DEL13436,Unknown,Unknown,0,0,Truck,0
DEL13437,Unknown,Unknown,0,0,Truck,0
DEL13438,Unknown,Unknown,0,0,Truck,0
DEL13439,Unknown,Unknown,0,0,Truck,0
DEL13440,Unknown,Unknown,0,0,Truck,0
DEL13441,Unknown,Unknown,0,0,Truck,0
DEL13442,Unknown,Unknown,0,0,Truck,0
DEL13443,Unknown,Unknown,0,0,Truck,0
DEL13444,Unknown,Unknown,0,0,Truck,0
DEL13445,Unknown,Unknown,0,0,Truck,0
DEL13446,Unknown,Unknown,0,0,Truck,0
DEL13447,Unknown,Unknown,0,0,Truck,0
DEL13448,Unknown,Unknown,0,0,Truck,0
DEL13449,Unknown,Unknown,0,0,Truck,0
DEL13450,Unknown,Unknown,0,0,Truck,0
DEL13451,Unknown,Unknown,0,0,Truck,0
DEL13452,Unknown,Unknown,0,0,Truck,0
DEL13453,Unknown,Unknown,0,0,Truck,0
DEL13454,Unknown,Unknown,0,0,Truck,0
DEL13455,Unknown,Unknown,0,0,Truck,0
DEL13456,Unknown,Unknown,0,0,Truck,0
DEL13457,Unknown,Unknown,0,0,Truck,0
DEL13458,Unknown,Unknown,0,0,Truck,0
DEL13459,Unknown,Unknown,0,0,Truck,0
DEL13460,Unknown,Unknown,0,0,Truck,0
DEL13461,Unknown,Unknown,0,0,Truck,0
DEL13462,Unknown,Unknown,0,0,Truck,0
DEL13463,Unknown,Unknown,0,0,Truck,0
DEL13464,Unknown,Unknown,0,0,Truck,0
DEL13465,Unknown,Unknown,0,0,Truck,0
DEL13466,Unknown,Unknown,0,0,Truck,0
DEL13467,Unknown,Unknown,0,0,Truck,0
DEL13468,Unknown,Unknown,0,0,Truck,0
DEL13469,Unknown,Unknown,0,0,Truck,0
DEL13470,Unknown,Unknown,0,0,Truck,0
DEL13471,Unknown,Unknown,0,0,Truck,0
DEL13472,Unknown,Unknown,0,0,Truck,0
DEL13473,Unknown,Unknown,0,0,Truck,0
DEL13474,Unknown,Unknown,0,0,Truck,0
DEL13475,Unknown,Unknown,0,0,Truck,0
DEL13476,Unknown,Unknown,0,0,Truck,0
DEL13477,Unknown,Unknown,0,0,Truck,0
DEL13478,Unknown,Unknown,0,0,Truck,0
DEL13479,Unknown,Unknown,0,0,Truck,0
DEL13480,Unknown,Unknown,0,0,Truck,0
DEL13481,Unknown,Unknown,0,0,Truck,0
DEL13482,Unknown,Unknown,0,0,Truck,0
DEL13483,Unknown,Unknown,0,0,Truck,0
DEL13484,Unknown,Unknown,0,0,Truck,0
DEL13485,Unknown,Unknown,0,0,Truck,0
DEL13486,Unknown,Unknown,0,0,Truck,0
DEL13487,Unknown,Unknown,0,0,Truck,0
DEL13488,Unknown,Unknown,0,0,Truck,0
DEL13489,Unknown,Unknown,0,0,Truck,0
DEL13490,Unknown,Unknown,0,0,Truck,0
DEL13491,Unknown,Unknown,0,0,Truck,0
DEL13492,Unknown,Unknown,0,0,Truck,0
DEL13493,Unknown,Unknown,0,0,Truck,0
DEL13494,Unknown,Unknown,0,0,Truck,0
DEL13495,Unknown,Unknown,0,0,Truck,0
DEL13496,Unknown,Unknown,0,0,Truck,0
DEL13497,Unknown,Unknown,0,0,Truck,0
DEL13498,Unknown,Unknown,0,0,Truck,0
DEL13499,Unknown,Unknown,0,0,Truck,0
DEL13500,Unknown,Unknown,0,0,Truck,0
DEL13501,Unknown,Unknown,0,0,Truck,0
DEL13502,Unknown,Unknown,0,0,Truck,0
DEL13503,Unknown,Unknown,0,0,Truck,0
DEL13504,Unknown,Unknown,0,0,Truck,0
DEL13505,Unknown,Unknown,0,0,Truck,0
DEL13506,Unknown,Unknown,0,0,Truck,0
DEL13507,Unknown,Unknown,0,0,Truck,0
DEL13508,Unknown,Unknown,0,0,Truck,0
DEL13509,Unknown,Unknown,0,0,Truck,0
DEL13510,Unknown,Unknown,0,0,Truck,0
DEL13511,Unknown,Unknown,0,0,Truck,0
DEL13512,Unknown,Unknown,0,0,Truck,0
DEL13513,Unknown,Unknown,0,0,Truck,0
DEL13514,Unknown,Unknown,0,0,Truck,0
DEL13515,Unknown,Unknown,0,0,Truck,0
DEL13516,Unknown,Unknown,0,0,Truck,0
DEL13517,Unknown,Unknown,0,0,Truck,0
DEL13518,Unknown,Unknown,0,0,Truck,0
DEL13519,Unknown,Unknown,0,0,Truck,0
DEL13520,Unknown,Unknown,0,0,Truck,0
DEL13521,Unknown,Unknown,0,0,Truck,0
DEL13522,Unknown,Unknown,0,0,Truck,0
DEL13523,Unknown,Unknown,0,0,Truck,0
DEL13524,Unknown,Unknown,0,0,Truck,0
DEL13525,Unknown,Unknown,0,0,Truck,0
DEL13526,Unknown,Unknown,0,0,Truck,0
DEL13527,Unknown,Unknown,0,0,Truck,0
DEL13528,Unknown,Unknown,0,0,Truck,0
DEL13529,Unknown,Unknown,0,0,Truck,0
DEL13530,Unknown,Unknown,0,0,Truck,0
DEL13531,Unknown,Unknown,0,0,Truck,0
DEL13532,Unknown,Unknown,0,0,Truck,0
DEL13533,Unknown,Unknown,0,0,Truck,0
DEL13534,Unknown,Unknown,0,0,Truck,0
DEL13535,Unknown,Unknown,0,0,Truck,0
DEL13536,Unknown,Unknown,0,0,Truck,0
DEL13537,Unknown,Unknown,0,0,Truck,0
DEL13538,Unknown,Unknown,0,0,Truck,0
DEL13539,Unknown,Unknown,0,0,Truck,0
DEL13540,Unknown,Unknown,0,0,Truck,0
DEL13541,Unknown,Unknown,0,0,Truck,0
DEL13542,Unknown,Unknown,0,0,Truck,0
DEL13543,Unknown,Unknown,0,0,Truck,0
DEL13544,Unknown,Unknown,0,0,Truck,0
DEL13545,Unknown,Unknown,0,0,Truck,0
DEL13546,Unknown,Unknown,0,0,Truck,0
DEL13547,Unknown,Unknown,0,0,Truck,0
DEL13548,Unknown,Unknown,0,0,Truck,0
DEL13549,Unknown,Unknown,0,0,Truck,0
DEL13550,Unknown,Unknown,0,0,Truck,0
DEL13551,Unknown,Unknown,0,0,Truck,0
DEL13552,Unknown,Unknown,0,0,Truck,0
DEL13553,Unknown,Unknown,0,0,Truck,0
DEL13554,Unknown,Unknown,0,0,Truck,0
DEL13555,Unknown,Unknown,0,0,Truck,0
DEL13556,Unknown,Unknown,0,0,Truck,0
DEL13557,Unknown,Unknown,0,0,Truck,0
DEL13558,Unknown,Unknown,0,0,Truck,0
DEL13559,Unknown,Unknown,0,0,Truck,0
DEL13560,Unknown,Unknown,0,0,Truck,0
DEL13561,Unknown,Unknown,0,0,Truck,0
DEL13562,Unknown,Unknown,0,0,Truck,0
DEL13563,Unknown,Unknown,0,0,Truck,0
DEL13564,Unknown,Unknown,0,0,Truck,0
DEL13565,Unknown,Unknown,0,0,Truck,0
DEL13566,Unknown,Unknown,0,0,Truck,0
DEL13567,Unknown,Unknown,0,0,Truck,0
DEL13568,Unknown,Unknown,0,0,Truck,0
DEL13569,Unknown,Unknown,0,0,Truck,0
DEL13570,Unknown,Unknown,0,0,Truck,0
DEL13571,Unknown,Unknown,0,0,Truck,0
DEL13572,Unknown,Unknown,0,0,Truck,0
DEL13573,Unknown,Unknown,0,0,Truck,0
DEL13574,Unknown,Unknown,0,0,Truck,0
DEL13575,Unknown,Unknown,0,0,Truck,0
DEL13576,Unknown,Unknown,0,0,Truck,0
DEL13577,Unknown,Unknown,0,0,Truck,0
DEL13578,Unknown,Unknown,0,0,Truck,0
DEL13579,Unknown,Unknown,0,0,Truck,0
DEL13580,Unknown,Unknown,0,0,Truck,0
DEL13581,Unknown,Unknown,0,0,Truck,0
DEL13582,Unknown,Unknown,0,0,Truck,0
DEL13583,Unknown,Unknown,0,0,Truck,0
DEL13584,Unknown,Unknown,0,0,Truck,0
DEL13585,Unknown,Unknown,0,0,Truck,0
DEL13586,Unknown,Unknown,0,0,Truck,0
DEL13587,Unknown,Unknown,0,0,Truck,0
DEL13588,Unknown,Unknown,0,0,Truck,0
DEL13589,Unknown,Unknown,0,0,Truck,0
DEL13590,Unknown,Unknown,0,0,Truck,0
DEL13591,Unknown,Unknown,0,0,Truck,0
DEL13592,Unknown,Unknown,0,0,Truck,0
DEL13593,Unknown,Unknown,0,0,Truck,0
DEL13594,Unknown,Unknown,0,0,Truck,0
DEL13595,Unknown,Unknown,0,0,Truck,0
DEL13596,Unknown,Unknown,0,0,Truck,0
DEL13597,Unknown,Unknown,0,0,Truck,0
DEL13598,Unknown,Unknown,0,0,Truck,0
DEL13599,Unknown,Unknown,0,0,Truck,0
DEL13600,Unknown,Unknown,0,0,Truck,0
DEL13601,Unknown,Unknown,0,0,Truck,0
DEL13602,Unknown,Unknown,0,0,Truck,0
DEL13603,Unknown,Unknown,0,0,Truck,0
DEL13604,Unknown,Unknown,0,0,Truck,0
DEL13605,Unknown,Unknown,0,0,Truck,0
DEL13606,Unknown,Unknown,0,0,Truck,0
DEL13607,Unknown,Unknown,0,0,Truck,0
DEL13608,Unknown,Unknown,0,0,Truck,0
DEL13609,Unknown,Unknown,0,0,Truck,0
DEL13610,Unknown,Unknown,0,0,Truck,0
DEL13611,Unknown,Unknown,0,0,Truck,0
DEL13612,Unknown,Unknown,0,0,Truck,0
DEL13613,Unknown,Unknown,0,0,Truck,0
DEL13614,Unknown,Unknown,0,0,Truck,0
DEL13615,Unknown,Unknown,0,0,Truck,0
DEL13616,Unknown,Unknown,0,0,Truck,0
DEL13617,Unknown,Unknown,0,0,Truck,0
DEL13618,Unknown,Unknown,0,0,Truck,0
DEL13619,Unknown,Unknown,0,0,Truck,0
DEL13620,Unknown,Unknown,0,0,Truck,0
DEL13621,Unknown,Unknown,0,0,Truck,0
DEL13622,Unknown,Unknown,0,0,Truck,0
DEL13623,Unknown,Unknown,0,0,Truck,0
DEL13624,Unknown,Unknown,0,0,Truck,0
DEL13625,Unknown,Unknown,0,0,Truck,0
DEL13626,Unknown,Unknown,0,0,Truck,0
DEL13627,Unknown,Unknown,0,0,Truck,0
DEL13628,Unknown,Unknown,0,0,Truck,0
DEL13629,Unknown,Unknown,0,0,Truck,0
DEL13630,Unknown,Unknown,0,0,Truck,0
DEL13631,Unknown,Unknown,0,0,Truck,0
DEL13632,Unknown,Unknown,0,0,Truck,0
DEL13633,Unknown,Unknown,0,0,Truck,0
DEL13634,Unknown,Unknown,0,0,Truck,0
DEL13635,Unknown,Unknown,0,0,Truck,0
DEL13636,Unknown,Unknown,0,0,Truck,0
DEL13637,Unknown,Unknown,0,0,Truck,0
DEL13638,Unknown,Unknown,0,0,Truck,0
DEL13639,Unknown,Unknown,0,0,Truck,0
DEL13640,Unknown,Unknown,0,0,Truck,0
DEL13641,Unknown,Unknown,0,0,Truck,0
DEL13642,Unknown,Unknown,0,0,Truck,0
DEL13643,Unknown,Unknown,0,0,Truck,0
DEL13644,Unknown,Unknown,0,0,Truck,0
DEL13645,Unknown,Unknown,0,0,Truck,0
DEL13646,Unknown,Unknown,0,0,Truck,0
DEL13647,Unknown,Unknown,0,0,Truck,0
DEL13648,Unknown,Unknown,0,0,Truck,0
DEL13649,Unknown,Unknown,0,0,Truck,0
DEL13650,Unknown,Unknown,0,0,Truck,0
DEL13651,Unknown,Unknown,0,0,Truck,0
DEL13652,Unknown,Unknown,0,0,Truck,0
DEL13653,Unknown,Unknown,0,0,Truck,0
DEL13654,Unknown,Unknown,0,0,Truck,0
DEL13655,Unknown,Unknown,0,0,Truck,0
DEL13656,Unknown,Unknown,0,0,Truck,0
DEL13657,Unknown,Unknown,0,0,Truck,0
DEL13658,Unknown,Unknown,0,0,Truck,0
DEL13659,Unknown,Unknown,0,0,Truck,0
DEL13660,Unknown,Unknown,0,0,Truck,0
DEL13661,Unknown,Unknown,0,0,Truck,0
DEL13662,Unknown,Unknown,0,0,Truck,0
DEL13663,Unknown,Unknown,0,0,Truck,0
DEL13664,Unknown,Unknown,0,0,Truck,0
DEL13665,Unknown,Unknown,0,0,Truck,0
DEL13666,Unknown,Unknown,0,0,Truck,0
DEL13667,Unknown,Unknown,0,0,Truck,0
DEL13668,Unknown,Unknown,0,0,Truck,0
DEL13669,Unknown,Unknown,0,0,Truck,0
DEL13670,Unknown,Unknown,0,0,Truck,0
DEL13671,Unknown,Unknown,0,0,Truck,0
DEL13672,Unknown,Unknown,0,0,Truck,0
DEL13673,Unknown,Unknown,0,0,Truck,0
DEL13674,Unknown,Unknown,0,0,Truck,0
DEL13675,Unknown,Unknown,0,0,Truck,0
DEL13676,Unknown,Unknown,0,0,Truck,0
DEL13677,Unknown,Unknown,0,0,Truck,0
DEL13678,Unknown,Unknown,0,0,Truck,0
DEL13679,Unknown,Unknown,0,0,Truck,0
DEL13680,Unknown,Unknown,0,0,Truck,0
DEL13681,Unknown,Unknown,0,0,Truck,0
DEL13682,Unknown,Unknown,0,0,Truck,0
DEL13683,Unknown,Unknown,0,0,Truck,0
DEL13684,Unknown,Unknown,0,0,Truck,0
DEL13685,Unknown,Unknown,0,0,Truck,0
DEL13686,Unknown,Unknown,0,0,Truck,0
DEL13687,Unknown,Unknown,0,0,Truck,0
DEL13688,Unknown,Unknown,0,0,Truck,0
DEL13689,Unknown,Unknown,0,0,Truck,0
DEL13690,Unknown,Unknown,0,0,Truck,0
DEL13691,Unknown,Unknown,0,0,Truck,0
DEL13692,Unknown,Unknown,0,0,Truck,0
DEL13693,Unknown,Unknown,0,0,Truck,0
DEL13694,Unknown,Unknown,0,0,Truck,0
DEL13695,Unknown,Unknown,0,0,Truck,0
DEL13696,Unknown,Unknown,0,0,Truck,0
DEL13697,Unknown,Unknown,0,0,Truck,0
DEL13698,Unknown,Unknown,0,0,Truck,0
DEL13699,Unknown,Unknown,0,0,Truck,0
DEL13700,Unknown,Unknown,0,0,Truck,0
DEL13701,Unknown,Unknown,0,0,Truck,0
DEL13702,Unknown,Unknown,0,0,Truck,0
DEL13703,Unknown,Unknown,0,0,Truck,0
DEL13704,Unknown,Unknown,0,0,Truck,0
DEL13705,Unknown,Unknown,0,0,Truck,0
DEL13706,Unknown,Unknown,0,0,Truck,0
DEL13707,Unknown,Unknown,0,0,Truck,0
DEL13708,Unknown,Unknown,0,0,Truck,0
DEL13709,Unknown,Unknown,0,0,Truck,0
DEL13710,Unknown,Unknown,0,0,Truck,0
DEL13711,Unknown,Unknown,0,0,Truck,0
DEL13712,Unknown,Unknown,0,0,Truck,0
DEL13713,Unknown,Unknown,0,0,Truck,0
DEL13714,Unknown,Unknown,0,0,Truck,0
DEL13715,Unknown,Unknown,0,0,Truck,0
DEL13716,Unknown,Unknown,0,0,Truck,0
DEL13717,Unknown,Unknown,0,0,Truck,0
DEL13718,Unknown,Unknown,0,0,Truck,0
DEL13719,Unknown,Unknown,0,0,Truck,0
DEL13720,Unknown,Unknown,0,0,Truck,0
DEL13721,Unknown,Unknown,0,0,Truck,0
DEL13722,Unknown,Unknown,0,0,Truck,0
DEL13723,Unknown,Unknown,0,0,Truck,0
DEL13724,Unknown,Unknown,0,0,Truck,0
DEL13725,Unknown,Unknown,0,0,Truck,0
DEL13726,Unknown,Unknown,0,0,Truck,0
DEL13727,Unknown,Unknown,0,0,Truck,0
DEL13728,Unknown,Unknown,0,0,Truck,0
DEL13729,Unknown,Unknown,0,0,Truck,0
DEL13730,Unknown,Unknown,0,0,Truck,0
DEL13731,Unknown,Unknown,0,0,Truck,0
DEL13732,Unknown,Unknown,0,0,Truck,0
DEL13733,Unknown,Unknown,0,0,Truck,0
DEL13734,Unknown,Unknown,0,0,Truck,0
DEL13735,Unknown,Unknown,0,0,Truck,0
DEL13736,Unknown,Unknown,0,0,Truck,0
DEL13737,Unknown,Unknown,0,0,Truck,0
DEL13738,Unknown,Unknown,0,0,Truck,0
DEL13739,Unknown,Unknown,0,0,Truck,0
DEL13740,Unknown,Unknown,0,0,Truck,0
DEL13741,Unknown,Unknown,0,0,Truck,0
DEL13742,Unknown,Unknown,0,0,Truck,0
DEL13743,Unknown,Unknown,0,0,Truck,0
DEL13744,Unknown,Unknown,0,0,Truck,0
DEL13745,Unknown,Unknown,0,0,Truck,0
DEL13746,Unknown,Unknown,0,0,Truck,0
DEL13747,Unknown,Unknown,0,0,Truck,0
DEL13748,Unknown,Unknown,0,0,Truck,0
DEL13749,Unknown,Unknown,0,0,Truck,0
DEL13750,Unknown,Unknown,0,0,Truck,0
DEL13751,Unknown,Unknown,0,0,Truck,0
DEL13752,Unknown,Unknown,0,0,Truck,0
DEL13753,Unknown,Unknown,0,0,Truck,0
DEL13754,Unknown,Unknown,0,0,Truck,0
DEL13755,Unknown,Unknown,0,0,Truck,0
DEL13756,Unknown,Unknown,0,0,Truck,0
DEL13757,Unknown,Unknown,0,0,Truck,0
DEL13758,Unknown,Unknown,0,0,Truck,0
DEL13759,Unknown,Unknown,0,0,Truck,0
DEL13760,Unknown,Unknown,0,0,Truck,0
DEL13761,Unknown,Unknown,0,0,Truck,0
DEL13762,Unknown,Unknown,0,0,Truck,0
DEL13763,Unknown,Unknown,0,0,Truck,0
DEL13764,Unknown,Unknown,0,0,Truck,0
DEL13765,Unknown,Unknown,0,0,Truck,0
DEL13766,Unknown,Unknown,0,0,Truck,0
DEL13767,Unknown,Unknown,0,0,Truck,0
DEL13768,Unknown,Unknown,0,0,Truck,0
DEL13769,Unknown,Unknown,0,0,Truck,0
DEL13770,Unknown,Unknown,0,0,Truck,0
DEL13771,Unknown,Unknown,0,0,Truck,0
DEL13772,Unknown,Unknown,0,0,Truck,0
DEL13773,Unknown,Unknown,0,0,Truck,0
DEL13774,Unknown,Unknown,0,0,Truck,0
DEL13775,Unknown,Unknown,0,0,Truck,0
DEL13776,Unknown,Unknown,0,0,Truck,0
DEL13777,Unknown,Unknown,0,0,Truck,0
DEL13778,Unknown,Unknown,0,0,Truck,0
DEL13779,Unknown,Unknown,0,0,Truck,0
DEL13780,Unknown,Unknown,0,0,Truck,0
DEL13781,Unknown,Unknown,0,0,Truck,0
DEL13782,Unknown,Unknown,0,0,Truck,0
DEL13783,Unknown,Unknown,0,0,Truck,0
DEL13784,Unknown,Unknown,0,0,Truck,0
DEL13785,Unknown,Unknown,0,0,Truck,0
DEL13786,Unknown,Unknown,0,0,Truck,0
DEL13787,Unknown,Unknown,0,0,Truck,0
DEL13788,Unknown,Unknown,0,0,Truck,0
DEL13789,Unknown,Unknown,0,0,Truck,0
DEL13790,Unknown,Unknown,0,0,Truck,0
DEL13791,Unknown,Unknown,0,0,Truck,0
DEL13792,Unknown,Unknown,0,0,Truck,0
DEL13793,Unknown,Unknown,0,0,Truck,0
DEL13794,Unknown,Unknown,0,0,Truck,0
DEL13795,Unknown,Unknown,0,0,Truck,0
DEL13796,Unknown,Unknown,0,0,Truck,0
DEL13797,Unknown,Unknown,0,0,Truck,0
DEL13798,Unknown,Unknown,0,0,Truck,0
DEL13799,Unknown,Unknown,0,0,Truck,0
DEL13800,Unknown,Unknown,0,0,Truck,0
DEL13801,Unknown,Unknown,0,0,Truck,0
DEL13802,Unknown,Unknown,0,0,Truck,0
DEL13803,Unknown,Unknown,0,0,Truck,0
DEL13804,Unknown,Unknown,0,0,Truck,0
DEL13805,Unknown,Unknown,0,0,Truck,0
DEL13806,Unknown,Unknown,0,0,Truck,0
DEL13807,Unknown,Unknown,0,0,Truck,0
DEL13808,Unknown,Unknown,0,0,Truck,0
DEL13809,Unknown,Unknown,0,0,Truck,0
DEL13810,Unknown,Unknown,0,0,Truck,0
DEL13811,Unknown,Unknown,0,0,Truck,0
DEL13812,Unknown,Unknown,0,0,Truck,0
DEL13813,Unknown,Unknown,0,0,Truck,0
DEL13814,Unknown,Unknown,0,0,Truck,0
DEL13815,Unknown,Unknown,0,0,Truck,0
DEL13816,Unknown,Unknown,0,0,Truck,0
DEL13817,Unknown,Unknown,0,0,Truck,0
DEL13818,Unknown,Unknown,0,0,Truck,0
DEL13819,Unknown,Unknown,0,0,Truck,0
DEL13820,Unknown,Unknown,0,0,Truck,0
DEL13821,Unknown,Unknown,0,0,Truck,0
DEL13822,Unknown,Unknown,0,0,Truck,0
DEL13823,Unknown,Unknown,0,0,Truck,0
DEL13824,Unknown,Unknown,0,0,Truck,0
DEL13825,Unknown,Unknown,0,0,Truck,0
DEL13826,Unknown,Unknown,0,0,Truck,0
DEL13827,Unknown,Unknown,0,0,Truck,0
DEL13828,Unknown,Unknown,0,0,Truck,0
DEL13829,Unknown,Unknown,0,0,Truck,0
DEL13830,Unknown,Unknown,0,0,Truck,0
DEL13831,Unknown,Unknown,0,0,Truck,0
DEL13832,Unknown,Unknown,0,0,Truck,0
DEL13833,Unknown,Unknown,0,0,Truck,0
DEL13834,Unknown,Unknown,0,0,Truck,0
DEL13835,Unknown,Unknown,0,0,Truck,0
DEL13836,Unknown,Unknown,0,0,Truck,0
DEL13837,Unknown,Unknown,0,0,Truck,0
DEL13838,Unknown,Unknown,0,0,Truck,0
DEL13839,Unknown,Unknown,0,0,Truck,0
DEL13840,Unknown,Unknown,0,0,Truck,0
DEL13841,Unknown,Unknown,0,0,Truck,0
DEL13842,Unknown,Unknown,0,0,Truck,0
DEL13843,Unknown,Unknown,0,0,Truck,0
DEL13844,Unknown,Unknown,0,0,Truck,0
DEL13845,Unknown,Unknown,0,0,Truck,0
DEL13846,Unknown,Unknown,0,0,Truck,0
DEL13847,Unknown,Unknown,0,0,Truck,0
DEL13848,Unknown,Unknown,0,0,Truck,0
DEL13849,Unknown,Unknown,0,0,Truck,0
DEL13850,Unknown,Unknown,0,0,Truck,0
DEL13851,Unknown,Unknown,0,0,Truck,0
DEL13852,Unknown,Unknown,0,0,Truck,0
DEL13853,Unknown,Unknown,0,0,Truck,0
DEL13854,Unknown,Unknown,0,0,Truck,0
DEL13855,Unknown,Unknown,0,0,Truck,0
DEL13856,Unknown,Unknown,0,0,Truck,0
DEL13857,Unknown,Unknown,0,0,Truck,0
DEL13858,Unknown,Unknown,0,0,Truck,0
DEL13859,Unknown,Unknown,0,0,Truck,0
DEL13860,Unknown,Unknown,0,0,Truck,0
DEL13861,Unknown,Unknown,0,0,Truck,0
DEL13862,Unknown,Unknown,0,0,Truck,0
DEL13863,Unknown,Unknown,0,0,Truck,0
DEL13864,Unknown,Unknown,0,0,Truck,0
DEL13865,Unknown,Unknown,0,0,Truck,0
DEL13866,Unknown,Unknown,0,0,Truck,0
DEL13867,Unknown,Unknown,0,0,Truck,0
DEL13868,Unknown,Unknown,0,0,Truck,0
DEL13869,Unknown,Unknown,0,0,Truck,0
DEL13870,Unknown,Unknown,0,0,Truck,0
DEL13871,Unknown,Unknown,0,0,Truck,0
DEL13872,Unknown,Unknown,0,0,Truck,0
DEL13873,Unknown,Unknown,0,0,Truck,0
DEL13874,Unknown,Unknown,0,0,Truck,0
DEL13875,Unknown,Unknown,0,0,Truck,0
DEL13876,Unknown,Unknown,0,0,Truck,0
DEL13877,Unknown,Unknown,0,0,Truck,0
DEL13878,Unknown,Unknown,0,0,Truck,0
DEL13879,Unknown,Unknown,0,0,Truck,0
DEL13880,Unknown,Unknown,0,0,Truck,0
DEL13881,Unknown,Unknown,0,0,Truck,0
DEL13882,Unknown,Unknown,0,0,Truck,0
DEL13883,Unknown,Unknown,0,0,Truck,0
DEL13884,Unknown,Unknown,0,0,Truck,0
DEL13885,Unknown,Unknown,0,0,Truck,0
DEL13886,Unknown,Unknown,0,0,Truck,0
DEL13887,Unknown,Unknown,0,0,Truck,0
DEL13888,Unknown,Unknown,0,0,Truck,0
DEL13889,Unknown,Unknown,0,0,Truck,0
DEL13890,Unknown,Unknown,0,0,Truck,0
DEL13891,Unknown,Unknown,0,0,Truck,0
DEL13892,Unknown,Unknown,0,0,Truck,0
DEL13893,Unknown,Unknown,0,0,Truck,0
DEL13894,Unknown,Unknown,0,0,Truck,0
DEL13895,Unknown,Unknown,0,0,Truck,0
DEL13896,Unknown,Unknown,0,0,Truck,0
DEL13897,Unknown,Unknown,0,0,Truck,0
DEL13898,Unknown,Unknown,0,0,Truck,0
DEL13899,Unknown,Unknown,0,0,Truck,0
DEL13900,Unknown,Unknown,0,0,Truck,0
DEL13901,Unknown,Unknown,0,0,Truck,0
DEL13902,Unknown,Unknown,0,0,Truck,0
DEL13903,Unknown,Unknown,0,0,Truck,0
DEL13904,Unknown,Unknown,0,0,Truck,0
DEL13905,Unknown,Unknown,0,0,Truck,0
DEL13906,Unknown,Unknown,0,0,Truck,0
DEL13907,Unknown,Unknown,0,0,Truck,0
DEL13908,Unknown,Unknown,0,0,Truck,0
DEL13909,Unknown,Unknown,0,0,Truck,0
DEL13910,Unknown,Unknown,0,0,Truck,0
DEL13911,Unknown,Unknown,0,0,Truck,0
DEL13912,Unknown,Unknown,0,0,Truck,0
DEL13913,Unknown,Unknown,0,0,Truck,0
DEL13914,Unknown,Unknown,0,0,Truck,0
DEL13915,Unknown,Unknown,0,0,Truck,0
DEL13916,Unknown,Unknown,0,0,Truck,0
DEL13917,Unknown,Unknown,0,0,Truck,0
DEL13918,Unknown,Unknown,0,0,Truck,0
DEL13919,Unknown,Unknown,0,0,Truck,0
DEL13920,Unknown,Unknown,0,0,Truck,0
DEL13921,Unknown,Unknown,0,0,Truck,0
DEL13922,Unknown,Unknown,0,0,Truck,0
DEL13923,Unknown,Unknown,0,0,Truck,0
DEL13924,Unknown,Unknown,0,0,Truck,0
DEL13925,Unknown,Unknown,0,0,Truck,0
DEL13926,Unknown,Unknown,0,0,Truck,0
DEL13927,Unknown,Unknown,0,0,Truck,0
DEL13928,Unknown,Unknown,0,0,Truck,0
DEL13929,Unknown,Unknown,0,0,Truck,0
DEL13930,Unknown,Unknown,0,0,Truck,0
DEL13931,Unknown,Unknown,0,0,Truck,0
DEL13932,Unknown,Unknown,0,0,Truck,0
DEL13933,Unknown,Unknown,0,0,Truck,0
DEL13934,Unknown,Unknown,0,0,Truck,0
DEL13935,Unknown,Unknown,0,0,Truck,0
DEL13936,Unknown,Unknown,0,0,Truck,0
DEL13937,Unknown,Unknown,0,0,Truck,0
DEL13938,Unknown,Unknown,0,0,Truck,0
DEL13939,Unknown,Unknown,0,0,Truck,0
DEL13940,Unknown,Unknown,0,0,Truck,0
DEL13941,Unknown,Unknown,0,0,Truck,0
DEL13942,Unknown,Unknown,0,0,Truck,0
DEL13943,Unknown,Unknown,0,0,Truck,0
DEL13944,Unknown,Unknown,0,0,Truck,0
DEL13945,Unknown,Unknown,0,0,Truck,0
DEL13946,Unknown,Unknown,0,0,Truck,0
DEL13947,Unknown,Unknown,0,0,Truck,0
DEL13948,Unknown,Unknown,0,0,Truck,0
DEL13949,Unknown,Unknown,0,0,Truck,0
DEL13950,Unknown,Unknown,0,0,Truck,0
DEL13951,Unknown,Unknown,0,0,Truck,0
DEL13952,Unknown,Unknown,0,0,Truck,0
DEL13953,Unknown,Unknown,0,0,Truck,0
DEL13954,Unknown,Unknown,0,0,Truck,0
DEL13955,Unknown,Unknown,0,0,Truck,0
DEL13956,Unknown,Unknown,0,0,Truck,0
DEL13957,Unknown,Unknown,0,0,Truck,0
DEL13958,Unknown,Unknown,0,0,Truck,0
DEL13959,Unknown,Unknown,0,0,Truck,0
DEL13960,Unknown,Unknown,0,0,Truck,0
DEL13961,Unknown,Unknown,0,0,Truck,0
DEL13962,Unknown,Unknown,0,0,Truck,0
DEL13963,Unknown,Unknown,0,0,Truck,0
DEL13964,Unknown,Unknown,0,0,Truck,0
DEL13965,Unknown,Unknown,0,0,Truck,0
DEL13966,Unknown,Unknown,0,0,Truck,0
DEL13967,Unknown,Unknown,0,0,Truck,0
DEL13968,Unknown,Unknown,0,0,Truck,0
DEL13969,Unknown,Unknown,0,0,Truck,0
DEL13970,Unknown,Unknown,0,0,Truck,0
DEL13971,Unknown,Unknown,0,0,Truck,0
DEL13972,Unknown,Unknown,0,0,Truck,0
DEL13973,Unknown,Unknown,0,0,Truck,0
DEL13974,Unknown,Unknown,0,0,Truck,0
DEL13975,Unknown,Unknown,0,0,Truck,0
DEL13976,Unknown,Unknown,0,0,Truck,0
DEL13977,Unknown,Unknown,0,0,Truck,0
DEL13978,Unknown,Unknown,0,0,Truck,0
DEL13979,Unknown,Unknown,0,0,Truck,0
DEL13980,Unknown,Unknown,0,0,Truck,0
DEL13981,Unknown,Unknown,0,0,Truck,0
DEL13982,Unknown,Unknown,0,0,Truck,0
DEL13983,Unknown,Unknown,0,0,Truck,0
DEL13984,Unknown,Unknown,0,0,Truck,0
DEL13985,Unknown,Unknown,0,0,Truck,0
DEL13986,Unknown,Unknown,0,0,Truck,0
DEL13987,Unknown,Unknown,0,0,Truck,0
DEL13988,Unknown,Unknown,0,0,Truck,0
DEL13989,Unknown,Unknown,0,0,Truck,0
DEL13990,Unknown,Unknown,0,0,Truck,0
DEL13991,Unknown,Unknown,0,0,Truck,0
DEL13992,Unknown,Unknown,0,0,Truck,0
DEL13993,Unknown,Unknown,0,0,Truck,0
DEL13994,Unknown,Unknown,0,0,Truck,0
DEL13995,Unknown,Unknown,0,0,Truck,0
DEL13996,Unknown,Unknown,0,0,Truck,0
DEL13997,Unknown,Unknown,0,0,Truck,0
DEL13998,Unknown,Unknown,0,0,Truck,0
DEL13999,Unknown,Unknown,0,0,Truck,0
DEL14000,Unknown,Unknown,0,0,Truck,0
DEL14001,Unknown,Unknown,0,0,Truck,0
DEL14002,Unknown,Unknown,0,0,Truck,0
DEL14003,Unknown,Unknown,0,0,Truck,0
DEL14004,Unknown,Unknown,0,0,Truck,0
DEL14005,Unknown,Unknown,0,0,Truck,0
DEL14006,Unknown,Unknown,0,0,Truck,0
DEL14007,Unknown,Unknown,0,0,Truck,0
DEL14008,Unknown,Unknown,0,0,Truck,0
DEL14009,Unknown,Unknown,0,0,Truck,0
DEL14010,Unknown,Unknown,0,0,Truck,0
DEL14011,Unknown,Unknown,0,0,Truck,0
DEL14012,Unknown,Unknown,0,0,Truck,0
DEL14013,Unknown,Unknown,0,0,Truck,0
DEL14014,Unknown,Unknown,0,0,Truck,0
DEL14015,Unknown,Unknown,0,0,Truck,0
DEL14016,Unknown,Unknown,0,0,Truck,0
DEL14017,Unknown,Unknown,0,0,Truck,0
DEL14018,Unknown,Unknown,0,0,Truck,0
DEL14019,Unknown,Unknown,0,0,Truck,0
DEL14020,Unknown,Unknown,0,0,Truck,0
DEL14021,Unknown,Unknown,0,0,Truck,0
DEL14022,Unknown,Unknown,0,0,Truck,0
DEL14023,Unknown,Unknown,0,0,Truck,0
DEL14024,Unknown,Unknown,0,0,Truck,0
DEL14025,Unknown,Unknown,0,0,Truck,0
DEL14026,Unknown,Unknown,0,0,Truck,0
DEL14027,Unknown,Unknown,0,0,Truck,0
DEL14028,Unknown,Unknown,0,0,Truck,0
DEL14029,Unknown,Unknown,0,0,Truck,0
DEL14030,Unknown,Unknown,0,0,Truck,0
DEL14031,Unknown,Unknown,0,0,Truck,0
DEL14032,Unknown,Unknown,0,0,Truck,0
DEL14033,Unknown,Unknown,0,0,Truck,0
DEL14034,Unknown,Unknown,0,0,Truck,0
DEL14035,Unknown,Unknown,0,0,Truck,0
DEL14036,Unknown,Unknown,0,0,Truck,0
DEL14037,Unknown,Unknown,0,0,Truck,0
DEL14038,Unknown,Unknown,0,0,Truck,0
DEL14039,Unknown,Unknown,0,0,Truck,0
DEL14040,Unknown,Unknown,0,0,Truck,0
DEL14041,Unknown,Unknown,0,0,Truck,0
DEL14042,Unknown,Unknown,0,0,Truck,0
DEL14043,Unknown,Unknown,0,0,Truck,0
DEL14044,Unknown,Unknown,0,0,Truck,0
DEL14045,Unknown,Unknown,0,0,Truck,0
DEL14046,Unknown,Unknown,0,0,Truck,0
DEL14047,Unknown,Unknown,0,0,Truck,0
DEL14048,Unknown,Unknown,0,0,Truck,0
DEL14049,Unknown,Unknown,0,0,Truck,0
DEL14050,Unknown,Unknown,0,0,Truck,0
DEL14051,Unknown,Unknown,0,0,Truck,0
DEL14052,Unknown,Unknown,0,0,Truck,0
DEL14053,Unknown,Unknown,0,0,Truck,0
DEL14054,Unknown,Unknown,0,0,Truck,0
DEL14055,Unknown,Unknown,0,0,Truck,0
DEL14056,Unknown,Unknown,0,0,Truck,0
DEL14057,Unknown,Unknown,0,0,Truck,0
DEL14058,Unknown,Unknown,0,0,Truck,0
DEL14059,Unknown,Unknown,0,0,Truck,0
DEL14060,Unknown,Unknown,0,0,Truck,0
DEL14061,Unknown,Unknown,0,0,Truck,0
DEL14062,Unknown,Unknown,0,0,Truck,0
DEL14063,Unknown,Unknown,0,0,Truck,0
DEL14064,Unknown,Unknown,0,0,Truck,0
DEL14065,Unknown,Unknown,0,0,Truck,0
DEL14066,Unknown,Unknown,0,0,Truck,0
DEL14067,Unknown,Unknown,0,0,Truck,0
DEL14068,Unknown,Unknown,0,0,Truck,0
DEL14069,Unknown,Unknown,0,0,Truck,0
DEL14070,Unknown,Unknown,0,0,Truck,0
DEL14071,Unknown,Unknown,0,0,Truck,0
DEL14072,Unknown,Unknown,0,0,Truck,0
DEL14073,Unknown,Unknown,0,0,Truck,0
DEL14074,Unknown,Unknown,0,0,Truck,0
DEL14075,Unknown,Unknown,0,0,Truck,0
DEL14076,Unknown,Unknown,0,0,Truck,0
DEL14077,Unknown,Unknown,0,0,Truck,0
DEL14078,Unknown,Unknown,0,0,Truck,0
DEL14079,Unknown,Unknown,0,0,Truck,0
DEL14080,Unknown,Unknown,0,0,Truck,0
DEL14081,Unknown,Unknown,0,0,Truck,0
DEL14082,Unknown,Unknown,0,0,Truck,0
DEL14083,Unknown,Unknown,0,0,Truck,0
DEL14084,Unknown,Unknown,0,0,Truck,0
DEL14085,Unknown,Unknown,0,0,Truck,0
DEL14086,Unknown,Unknown,0,0,Truck,0
DEL14087,Unknown,Unknown,0,0,Truck,0
DEL14088,Unknown,Unknown,0,0,Truck,0
DEL14089,Unknown,Unknown,0,0,Truck,0
DEL14090,Unknown,Unknown,0,0,Truck,0
DEL14091,Unknown,Unknown,0,0,Truck,0
DEL14092,Unknown,Unknown,0,0,Truck,0
DEL14093,Unknown,Unknown,0,0,Truck,0
DEL14094,Unknown,Unknown,0,0,Truck,0
DEL14095,Unknown,Unknown,0,0,Truck,0
DEL14096,Unknown,Unknown,0,0,Truck,0
DEL14097,Unknown,Unknown,0,0,Truck,0
DEL14098,Unknown,Unknown,0,0,Truck,0
DEL14099,Unknown,Unknown,0,0,Truck,0
DEL14100,Unknown,Unknown,0,0,Truck,0
DEL14101,Unknown,Unknown,0,0,Truck,0
DEL14102,Unknown,Unknown,0,0,Truck,0
DEL14103,Unknown,Unknown,0,0,Truck,0
DEL14104,Unknown,Unknown,0,0,Truck,0
DEL14105,Unknown,Unknown,0,0,Truck,0
DEL14106,Unknown,Unknown,0,0,Truck,0
DEL14107,Unknown,Unknown,0,0,Truck,0
DEL14108,Unknown,Unknown,0,0,Truck,0
DEL14109,Unknown,Unknown,0,0,Truck,0
DEL14110,Unknown,Unknown,0,0,Truck,0
DEL14111,Unknown,Unknown,0,0,Truck,0
DEL14112,Unknown,Unknown,0,0,Truck,0
DEL14113,Unknown,Unknown,0,0,Truck,0
DEL14114,Unknown,Unknown,0,0,Truck,0
DEL14115,Unknown,Unknown,0,0,Truck,0
DEL14116,Unknown,Unknown,0,0,Truck,0
DEL14117,Unknown,Unknown,0,0,Truck,0
DEL14118,Unknown,Unknown,0,0,Truck,0
DEL14119,Unknown,Unknown,0,0,Truck,0
DEL14120,Unknown,Unknown,0,0,Truck,0
DEL14121,Unknown,Unknown,0,0,Truck,0
DEL14122,Unknown,Unknown,0,0,Truck,0
DEL14123,Unknown,Unknown,0,0,Truck,0
DEL14124,Unknown,Unknown,0,0,Truck,0
DEL14125,Unknown,Unknown,0,0,Truck,0
DEL14126,Unknown,Unknown,0,0,Truck,0
DEL14127,Unknown,Unknown,0,0,Truck,0
DEL14128,Unknown,Unknown,0,0,Truck,0
DEL14129,Unknown,Unknown,0,0,Truck,0
DEL14130,Unknown,Unknown,0,0,Truck,0
DEL14131,Unknown,Unknown,0,0,Truck,0
DEL14132,Unknown,Unknown,0,0,Truck,0
DEL14133,Unknown,Unknown,0,0,Truck,0
DEL14134,Unknown,Unknown,0,0,Truck,0
DEL14135,Unknown,Unknown,0,0,Truck,0
DEL14136,Unknown,Unknown,0,0,Truck,0
DEL14137,Unknown,Unknown,0,0,Truck,0
DEL14138,Unknown,Unknown,0,0,Truck,0
DEL14139,Unknown,Unknown,0,0,Truck,0
DEL14140,Unknown,Unknown,0,0,Truck,0
DEL14141,Unknown,Unknown,0,0,Truck,0
DEL14142,Unknown,Unknown,0,0,Truck,0
DEL14143,Unknown,Unknown,0,0,Truck,0
DEL14144,Unknown,Unknown,0,0,Truck,0
DEL14145,Unknown,Unknown,0,0,Truck,0
DEL14146,Unknown,Unknown,0,0,Truck,0
DEL14147,Unknown,Unknown,0,0,Truck,0
DEL14148,Unknown,Unknown,0,0,Truck,0
DEL14149,Unknown,Unknown,0,0,Truck,0
DEL14150,Unknown,Unknown,0,0,Truck,0
DEL14151,Unknown,Unknown,0,0,Truck,0
DEL14152,Unknown,Unknown,0,0,Truck,0
DEL14153,Unknown,Unknown,0,0,Truck,0
DEL14154,Unknown,Unknown,0,0,Truck,0
DEL14155,Unknown,Unknown,0,0,Truck,0
DEL14156,Unknown,Unknown,0,0,Truck,0
DEL14157,Unknown,Unknown,0,0,Truck,0
DEL14158,Unknown,Unknown,0,0,Truck,0
DEL14159,Unknown,Unknown,0,0,Truck,0
DEL14160,Unknown,Unknown,0,0,Truck,0
DEL14161,Unknown,Unknown,0,0,Truck,0
DEL14162,Unknown,Unknown,0,0,Truck,0
DEL14163,Unknown,Unknown,0,0,Truck,0
DEL14164,Unknown,Unknown,0,0,Truck,0
DEL14165,Unknown,Unknown,0,0,Truck,0
DEL14166,Unknown,Unknown,0,0,Truck,0
DEL14167,Unknown,Unknown,0,0,Truck,0
DEL14168,Unknown,Unknown,0,0,Truck,0
DEL14169,Unknown,Unknown,0,0,Truck,0
DEL14170,Unknown,Unknown,0,0,Truck,0
DEL14171,Unknown,Unknown,0,0,Truck,0
DEL14172,Unknown,Unknown,0,0,Truck,0
DEL14173,Unknown,Unknown,0,0,Truck,0
DEL14174,Unknown,Unknown,0,0,Truck,0
DEL14175,Unknown,Unknown,0,0,Truck,0
DEL14176,Unknown,Unknown,0,0,Truck,0
DEL14177,Unknown,Unknown,0,0,Truck,0
DEL14178,Unknown,Unknown,0,0,Truck,0
DEL14179,Unknown,Unknown,0,0,Truck,0
DEL14180,Unknown,Unknown,0,0,Truck,0
DEL14181,Unknown,Unknown,0,0,Truck,0
DEL14182,Unknown,Unknown,0,0,Truck,0
DEL14183,Unknown,Unknown,0,0,Truck,0
DEL14184,Unknown,Unknown,0,0,Truck,0
DEL14185,Unknown,Unknown,0,0,Truck,0
DEL14186,Unknown,Unknown,0,0,Truck,0
DEL14187,Unknown,Unknown,0,0,Truck,0
DEL14188,Unknown,Unknown,0,0,Truck,0
DEL14189,Unknown,Unknown,0,0,Truck,0
DEL14190,Unknown,Unknown,0,0,Truck,0
DEL14191,Unknown,Unknown,0,0,Truck,0
DEL14192,Unknown,Unknown,0,0,Truck,0
DEL14193,Unknown,Unknown,0,0,Truck,0
DEL14194,Unknown,Unknown,0,0,Truck,0
DEL14195,Unknown,Unknown,0,0,Truck,0
DEL14196,Unknown,Unknown,0,0,Truck,0
DEL14197,Unknown,Unknown,0,0,Truck,0
DEL14198,Unknown,Unknown,0,0,Truck,0
DEL14199,Unknown,Unknown,0,0,Truck,0
DEL14200,Unknown,Unknown,0,0,Truck,0
DEL14201,Unknown,Unknown,0,0,Truck,0
DEL14202,Unknown,Unknown,0,0,Truck,0
DEL14203,Unknown,Unknown,0,0,Truck,0
DEL14204,Unknown,Unknown,0,0,Truck,0
DEL14205,Unknown,Unknown,0,0,Truck,0
DEL14206,Unknown,Unknown,0,0,Truck,0
DEL14207,Unknown,Unknown,0,0,Truck,0
DEL14208,Unknown,Unknown,0,0,Truck,0
DEL14209,Unknown,Unknown,0,0,Truck,0
DEL14210,Unknown,Unknown,0,0,Truck,0
DEL14211,Unknown,Unknown,0,0,Truck,0
DEL14212,Unknown,Unknown,0,0,Truck,0
DEL14213,Unknown,Unknown,0,0,Truck,0
DEL14214,Unknown,Unknown,0,0,Truck,0
DEL14215,Unknown,Unknown,0,0,Truck,0
DEL14216,Unknown,Unknown,0,0,Truck,0
DEL14217,Unknown,Unknown,0,0,Truck,0
DEL14218,Unknown,Unknown,0,0,Truck,0
DEL14219,Unknown,Unknown,0,0,Truck,0
DEL14220,Unknown,Unknown,0,0,Truck,0
DEL14221,Unknown,Unknown,0,0,Truck,0
DEL14222,Unknown,Unknown,0,0,Truck,0
DEL14223,Unknown,Unknown,0,0,Truck,0
DEL14224,Unknown,Unknown,0,0,Truck,0
DEL14225,Unknown,Unknown,0,0,Truck,0
DEL14226,Unknown,Unknown,0,0,Truck,0
DEL14227,Unknown,Unknown,0,0,Truck,0
DEL14228,Unknown,Unknown,0,0,Truck,0
DEL14229,Unknown,Unknown,0,0,Truck,0
DEL14230,Unknown,Unknown,0,0,Truck,0
DEL14231,Unknown,Unknown,0,0,Truck,0
DEL14232,Unknown,Unknown,0,0,Truck,0
DEL14233,Unknown,Unknown,0,0,Truck,0
DEL14234,Unknown,Unknown,0,0,Truck,0
DEL14235,Unknown,Unknown,0,0,Truck,0
DEL14236,Unknown,Unknown,0,0,Truck,0
DEL14237,Unknown,Unknown,0,0,Truck,0
DEL14238,Unknown,Unknown,0,0,Truck,0
DEL14239,Unknown,Unknown,0,0,Truck,0
DEL14240,Unknown,Unknown,0,0,Truck,0
DEL14241,Unknown,Unknown,0,0,Truck,0
DEL14242,Unknown,Unknown,0,0,Truck,0
DEL14243,Unknown,Unknown,0,0,Truck,0
DEL14244,Unknown,Unknown,0,0,Truck,0
DEL14245,Unknown,Unknown,0,0,Truck,0
DEL14246,Unknown,Unknown,0,0,Truck,0
DEL14247,Unknown,Unknown,0,0,Truck,0
DEL14248,Unknown,Unknown,0,0,Truck,0
DEL14249,Unknown,Unknown,0,0,Truck,0
DEL14250,Unknown,Unknown,0,0,Truck,0
DEL14251,Unknown,Unknown,0,0,Truck,0
DEL14252,Unknown,Unknown,0,0,Truck,0
DEL14253,Unknown,Unknown,0,0,Truck,0
DEL14254,Unknown,Unknown,0,0,Truck,0
DEL14255,Unknown,Unknown,0,0,Truck,0
DEL14256,Unknown,Unknown,0,0,Truck,0
DEL14257,Unknown,Unknown,0,0,Truck,0
DEL14258,Unknown,Unknown,0,0,Truck,0
DEL14259,Unknown,Unknown,0,0,Truck,0
DEL14260,Unknown,Unknown,0,0,Truck,0
DEL14261,Unknown,Unknown,0,0,Truck,0
DEL14262,Unknown,Unknown,0,0,Truck,0
DEL14263,Unknown,Unknown,0,0,Truck,0
DEL14264,Unknown,Unknown,0,0,Truck,0
DEL14265,Unknown,Unknown,0,0,Truck,0
DEL14266,Unknown,Unknown,0,0,Truck,0
DEL14267,Unknown,Unknown,0,0,Truck,0
DEL14268,Unknown,Unknown,0,0,Truck,0
DEL14269,Unknown,Unknown,0,0,Truck,0
DEL14270,Unknown,Unknown,0,0,Truck,0
DEL14271,Unknown,Unknown,0,0,Truck,0
DEL14272,Unknown,Unknown,0,0,Truck,0
DEL14273,Unknown,Unknown,0,0,Truck,0
DEL14274,Unknown,Unknown,0,0,Truck,0
DEL14275,Unknown,Unknown,0,0,Truck,0
DEL14276,Unknown,Unknown,0,0,Truck,0
DEL14277,Unknown,Unknown,0,0,Truck,0
DEL14278,Unknown,Unknown,0,0,Truck,0
DEL14279,Unknown,Unknown,0,0,Truck,0
DEL14280,Unknown,Unknown,0,0,Truck,0
DEL14281,Unknown,Unknown,0,0,Truck,0
DEL14282,Unknown,Unknown,0,0,Truck,0
DEL14283,Unknown,Unknown,0,0,Truck,0
DEL14284,Unknown,Unknown,0,0,Truck,0
DEL14285,Unknown,Unknown,0,0,Truck,0
DEL14286,Unknown,Unknown,0,0,Truck,0
DEL14287,Unknown,Unknown,0,0,Truck,0
DEL14288,Unknown,Unknown,0,0,Truck,0
DEL14289,Unknown,Unknown,0,0,Truck,0
DEL14290,Unknown,Unknown,0,0,Truck,0
DEL14291,Unknown,Unknown,0,0,Truck,0
DEL14292,Unknown,Unknown,0,0,Truck,0
DEL14293,Unknown,Unknown,0,0,Truck,0
DEL14294,Unknown,Unknown,0,0,Truck,0
DEL14295,Unknown,Unknown,0,0,Truck,0
DEL14296,Unknown,Unknown,0,0,Truck,0
DEL14297,Unknown,Unknown,0,0,Truck,0
DEL14298,Unknown,Unknown,0,0,Truck,0
DEL14299,Unknown,Unknown,0,0,Truck,0
DEL14300,Unknown,Unknown,0,0,Truck,0
DEL14301,Unknown,Unknown,0,0,Truck,0
DEL14302,Unknown,Unknown,0,0,Truck,0
DEL14303,Unknown,Unknown,0,0,Truck,0
DEL14304,Unknown,Unknown,0,0,Truck,0
DEL14305,Unknown,Unknown,0,0,Truck,0
DEL14306,Unknown,Unknown,0,0,Truck,0
DEL14307,Unknown,Unknown,0,0,Truck,0
DEL14308,Unknown,Unknown,0,0,Truck,0
DEL14309,Unknown,Unknown,0,0,Truck,0
DEL14310,Unknown,Unknown,0,0,Truck,0
DEL14311,Unknown,Unknown,0,0,Truck,0
DEL14312,Unknown,Unknown,0,0,Truck,0
DEL14313,Unknown,Unknown,0,0,Truck,0
DEL14314,Unknown,Unknown,0,0,Truck,0
DEL14315,Unknown,Unknown,0,0,Truck,0
DEL14316,Unknown,Unknown,0,0,Truck,0
DEL14317,Unknown,Unknown,0,0,Truck,0
DEL14318,Unknown,Unknown,0,0,Truck,0
DEL14319,Unknown,Unknown,0,0,Truck,0
DEL14320,Unknown,Unknown,0,0,Truck,0
DEL14321,Unknown,Unknown,0,0,Truck,0
DEL14322,Unknown,Unknown,0,0,Truck,0
DEL14323,Unknown,Unknown,0,0,Truck,0
DEL14324,Unknown,Unknown,0,0,Truck,0
DEL14325,Unknown,Unknown,0,0,Truck,0
DEL14326,Unknown,Unknown,0,0,Truck,0
DEL14327,Unknown,Unknown,0,0,Truck,0
DEL14328,Unknown,Unknown,0,0,Truck,0
DEL14329,Unknown,Unknown,0,0,Truck,0
DEL14330,Unknown,Unknown,0,0,Truck,0
DEL14331,Unknown,Unknown,0,0,Truck,0
DEL14332,Unknown,Unknown,0,0,Truck,0
DEL14333,Unknown,Unknown,0,0,Truck,0
DEL14334,Unknown,Unknown,0,0,Truck,0
DEL14335,Unknown,Unknown,0,0,Truck,0
DEL14336,Unknown,Unknown,0,0,Truck,0
DEL14337,Unknown,Unknown,0,0,Truck,0
DEL14338,Unknown,Unknown,0,0,Truck,0
DEL14339,Unknown,Unknown,0,0,Truck,0
DEL14340,Unknown,Unknown,0,0,Truck,0
DEL14341,Unknown,Unknown,0,0,Truck,0
DEL14342,Unknown,Unknown,0,0,Truck,0
DEL14343,Unknown,Unknown,0,0,Truck,0
DEL14344,Unknown,Unknown,0,0,Truck,0
DEL14345,Unknown,Unknown,0,0,Truck,0
DEL14346,Unknown,Unknown,0,0,Truck,0
DEL14347,Unknown,Unknown,0,0,Truck,0
DEL14348,Unknown,Unknown,0,0,Truck,0
DEL14349,Unknown,Unknown,0,0,Truck,0
DEL14350,Unknown,Unknown,0,0,Truck,0
DEL14351,Unknown,Unknown,0,0,Truck,0
DEL14352,Unknown,Unknown,0,0,Truck,0
DEL14353,Unknown,Unknown,0,0,Truck,0
DEL14354,Unknown,Unknown,0,0,Truck,0
DEL14355,Unknown,Unknown,0,0,Truck,0
DEL14356,Unknown,Unknown,0,0,Truck,0
DEL14357,Unknown,Unknown,0,0,Truck,0
DEL14358,Unknown,Unknown,0,0,Truck,0
DEL14359,Unknown,Unknown,0,0,Truck,0
DEL14360,Unknown,Unknown,0,0,Truck,0
DEL14361,Unknown,Unknown,0,0,Truck,0
DEL14362,Unknown,Unknown,0,0,Truck,0
DEL14363,Unknown,Unknown,0,0,Truck,0
DEL14364,Unknown,Unknown,0,0,Truck,0
DEL14365,Unknown,Unknown,0,0,Truck,0
DEL14366,Unknown,Unknown,0,0,Truck,0
DEL14367,Unknown,Unknown,0,0,Truck,0
DEL14368,Unknown,Unknown,0,0,Truck,0
DEL14369,Unknown,Unknown,0,0,Truck,0
DEL14370,Unknown,Unknown,0,0,Truck,0
DEL14371,Unknown,Unknown,0,0,Truck,0
DEL14372,Unknown,Unknown,0,0,Truck,0
DEL14373,Unknown,Unknown,0,0,Truck,0
DEL14374,Unknown,Unknown,0,0,Truck,0
DEL14375,Unknown,Unknown,0,0,Truck,0
DEL14376,Unknown,Unknown,0,0,Truck,0
DEL14377,Unknown,Unknown,0,0,Truck,0
DEL14378,Unknown,Unknown,0,0,Truck,0
DEL14379,Unknown,Unknown,0,0,Truck,0
DEL14380,Unknown,Unknown,0,0,Truck,0
DEL14381,Unknown,Unknown,0,0,Truck,0
DEL14382,Unknown,Unknown,0,0,Truck,0
DEL14383,Unknown,Unknown,0,0,Truck,0
DEL14384,Unknown,Unknown,0,0,Truck,0
DEL14385,Unknown,Unknown,0,0,Truck,0
DEL14386,Unknown,Unknown,0,0,Truck,0
DEL14387,Unknown,Unknown,0,0,Truck,0
DEL14388,Unknown,Unknown,0,0,Truck,0
DEL14389,Unknown,Unknown,0,0,Truck,0
DEL14390,Unknown,Unknown,0,0,Truck,0
DEL14391,Unknown,Unknown,0,0,Truck,0
DEL14392,Unknown,Unknown,0,0,Truck,0
DEL14393,Unknown,Unknown,0,0,Truck,0
DEL14394,Unknown,Unknown,0,0,Truck,0
DEL14395,Unknown,Unknown,0,0,Truck,0
DEL14396,Unknown,Unknown,0,0,Truck,0
DEL14397,Unknown,Unknown,0,0,Truck,0
DEL14398,Unknown,Unknown,0,0,Truck,0
DEL14399,Unknown,Unknown,0,0,Truck,0
DEL14400,Unknown,Unknown,0,0,Truck,0
DEL14401,Unknown,Unknown,0,0,Truck,0
DEL14402,Unknown,Unknown,0,0,Truck,0
DEL14403,Unknown,Unknown,0,0,Truck,0
DEL14404,Unknown,Unknown,0,0,Truck,0
DEL14405,Unknown,Unknown,0,0,Truck,0
DEL14406,Unknown,Unknown,0,0,Truck,0
DEL14407,Unknown,Unknown,0,0,Truck,0
DEL14408,Unknown,Unknown,0,0,Truck,0
DEL14409,Unknown,Unknown,0,0,Truck,0
DEL14410,Unknown,Unknown,0,0,Truck,0
DEL14411,Unknown,Unknown,0,0,Truck,0
DEL14412,Unknown,Unknown,0,0,Truck,0
DEL14413,Unknown,Unknown,0,0,Truck,0
DEL14414,Unknown,Unknown,0,0,Truck,0
DEL14415,Unknown,Unknown,0,0,Truck,0
DEL14416,Unknown,Unknown,0,0,Truck,0
DEL14417,Unknown,Unknown,0,0,Truck,0
DEL14418,Unknown,Unknown,0,0,Truck,0
DEL14419,Unknown,Unknown,0,0,Truck,0
DEL14420,Unknown,Unknown,0,0,Truck,0
DEL14421,Unknown,Unknown,0,0,Truck,0
DEL14422,Unknown,Unknown,0,0,Truck,0
DEL14423,Unknown,Unknown,0,0,Truck,0
DEL14424,Unknown,Unknown,0,0,Truck,0
DEL14425,Unknown,Unknown,0,0,Truck,0
DEL14426,Unknown,Unknown,0,0,Truck,0
DEL14427,Unknown,Unknown,0,0,Truck,0
DEL14428,Unknown,Unknown,0,0,Truck,0
DEL14429,Unknown,Unknown,0,0,Truck,0
DEL14430,Unknown,Unknown,0,0,Truck,0
DEL14431,Unknown,Unknown,0,0,Truck,0
DEL14432,Unknown,Unknown,0,0,Truck,0
DEL14433,Unknown,Unknown,0,0,Truck,0
DEL14434,Unknown,Unknown,0,0,Truck,0
DEL14435,Unknown,Unknown,0,0,Truck,0
DEL14436,Unknown,Unknown,0,0,Truck,0
DEL14437,Unknown,Unknown,0,0,Truck,0
DEL14438,Unknown,Unknown,0,0,Truck,0
DEL14439,Unknown,Unknown,0,0,Truck,0
DEL14440,Unknown,Unknown,0,0,Truck,0
DEL14441,Unknown,Unknown,0,0,Truck,0
DEL14442,Unknown,Unknown,0,0,Truck,0
DEL14443,Unknown,Unknown,0,0,Truck,0
DEL14444,Unknown,Unknown,0,0,Truck,0
DEL14445,Unknown,Unknown,0,0,Truck,0
DEL14446,Unknown,Unknown,0,0,Truck,0
DEL14447,Unknown,Unknown,0,0,Truck,0
DEL14448,Unknown,Unknown,0,0,Truck,0
DEL14449,Unknown,Unknown,0,0,Truck,0
DEL14450,Unknown,Unknown,0,0,Truck,0
DEL14451,Unknown,Unknown,0,0,Truck,0
DEL14452,Unknown,Unknown,0,0,Truck,0
DEL14453,Unknown,Unknown,0,0,Truck,0
DEL14454,Unknown,Unknown,0,0,Truck,0
DEL14455,Unknown,Unknown,0,0,Truck,0
DEL14456,Unknown,Unknown,0,0,Truck,0
DEL14457,Unknown,Unknown,0,0,Truck,0
DEL14458,Unknown,Unknown,0,0,Truck,0
DEL14459,Unknown,Unknown,0,0,Truck,0
DEL14460,Unknown,Unknown,0,0,Truck,0
DEL14461,Unknown,Unknown,0,0,Truck,0
DEL14462,Unknown,Unknown,0,0,Truck,0
DEL14463,Unknown,Unknown,0,0,Truck,0
DEL14464,Unknown,Unknown,0,0,Truck,0
DEL14465,Unknown,Unknown,0,0,Truck,0
DEL14466,Unknown,Unknown,0,0,Truck,0
DEL14467,Unknown,Unknown,0,0,Truck,0
DEL14468,Unknown,Unknown,0,0,Truck,0
DEL14469,Unknown,Unknown,0,0,Truck,0
DEL14470,Unknown,Unknown,0,0,Truck,0
DEL14471,Unknown,Unknown,0,0,Truck,0
DEL14472,Unknown,Unknown,0,0,Truck,0
DEL14473,Unknown,Unknown,0,0,Truck,0
DEL14474,Unknown,Unknown,0,0,Truck,0
DEL14475,Unknown,Unknown,0,0,Truck,0
DEL14476,Unknown,Unknown,0,0,Truck,0
DEL14477,Unknown,Unknown,0,0,Truck,0
DEL14478,Unknown,Unknown,0,0,Truck,0
DEL14479,Unknown,Unknown,0,0,Truck,0
DEL14480,Unknown,Unknown,0,0,Truck,0
DEL14481,Unknown,Unknown,0,0,Truck,0
DEL14482,Unknown,Unknown,0,0,Truck,0
DEL14483,Unknown,Unknown,0,0,Truck,0
DEL14484,Unknown,Unknown,0,0,Truck,0
DEL14485,Unknown,Unknown,0,0,Truck,0
DEL14486,Unknown,Unknown,0,0,Truck,0
DEL14487,Unknown,Unknown,0,0,Truck,0
DEL14488,Unknown,Unknown,0,0,Truck,0
DEL14489,Unknown,Unknown,0,0,Truck,0
DEL14490,Unknown,Unknown,0,0,Truck,0
DEL14491,Unknown,Unknown,0,0,Truck,0
DEL14492,Unknown,Unknown,0,0,Truck,0
DEL14493,Unknown,Unknown,0,0,Truck,0
DEL14494,Unknown,Unknown,0,0,Truck,0
DEL14495,Unknown,Unknown,0,0,Truck,0
DEL14496,Unknown,Unknown,0,0,Truck,0
DEL14497,Unknown,Unknown,0,0,Truck,0
DEL14498,Unknown,Unknown,0,0,Truck,0
DEL14499,Unknown,Unknown,0,0,Truck,0
DEL14500,Unknown,Unknown,0,0,Truck,0
DEL14501,Unknown,Unknown,0,0,Truck,0
DEL14502,Unknown,Unknown,0,0,Truck,0
DEL14503,Unknown,Unknown,0,0,Truck,0
DEL14504,Unknown,Unknown,0,0,Truck,0
DEL14505,Unknown,Unknown,0,0,Truck,0
DEL14506,Unknown,Unknown,0,0,Truck,0
DEL14507,Unknown,Unknown,0,0,Truck,0
DEL14508,Unknown,Unknown,0,0,Truck,0
DEL14509,Unknown,Unknown,0,0,Truck,0
DEL14510,Unknown,Unknown,0,0,Truck,0
DEL14511,Unknown,Unknown,0,0,Truck,0
DEL14512,Unknown,Unknown,0,0,Truck,0
DEL14513,Unknown,Unknown,0,0,Truck,0
DEL14514,Unknown,Unknown,0,0,Truck,0
DEL14515,Unknown,Unknown,0,0,Truck,0
DEL14516,Unknown,Unknown,0,0,Truck,0
DEL14517,Unknown,Unknown,0,0,Truck,0
DEL14518,Unknown,Unknown,0,0,Truck,0
DEL14519,Unknown,Unknown,0,0,Truck,0
DEL14520,Unknown,Unknown,0,0,Truck,0
DEL14521,Unknown,Unknown,0,0,Truck,0
DEL14522,Unknown,Unknown,0,0,Truck,0
DEL14523,Unknown,Unknown,0,0,Truck,0
DEL14524,Unknown,Unknown,0,0,Truck,0
DEL14525,Unknown,Unknown,0,0,Truck,0
DEL14526,Unknown,Unknown,0,0,Truck,0
DEL14527,Unknown,Unknown,0,0,Truck,0
DEL14528,Unknown,Unknown,0,0,Truck,0
DEL14529,Unknown,Unknown,0,0,Truck,0
DEL14530,Unknown,Unknown,0,0,Truck,0
DEL14531,Unknown,Unknown,0,0,Truck,0
DEL14532,Unknown,Unknown,0,0,Truck,0
DEL14533,Unknown,Unknown,0,0,Truck,0
DEL14534,Unknown,Unknown,0,0,Truck,0
DEL14535,Unknown,Unknown,0,0,Truck,0
DEL14536,Unknown,Unknown,0,0,Truck,0
DEL14537,Unknown,Unknown,0,0,Truck,0
DEL14538,Unknown,Unknown,0,0,Truck,0
DEL14539,Unknown,Unknown,0,0,Truck,0
DEL14540,Unknown,Unknown,0,0,Truck,0
DEL14541,Unknown,Unknown,0,0,Truck,0
DEL14542,Unknown,Unknown,0,0,Truck,0
DEL14543,Unknown,Unknown,0,0,Truck,0
DEL14544,Unknown,Unknown,0,0,Truck,0
DEL14545,Unknown,Unknown,0,0,Truck,0
DEL14546,Unknown,Unknown,0,0,Truck,0
DEL14547,Unknown,Unknown,0,0,Truck,0
DEL14548,Unknown,Unknown,0,0,Truck,0
DEL14549,Unknown,Unknown,0,0,Truck,0
DEL14550,Unknown,Unknown,0,0,Truck,0
DEL14551,Unknown,Unknown,0,0,Truck,0
DEL14552,Unknown,Unknown,0,0,Truck,0
DEL14553,Unknown,Unknown,0,0,Truck,0
DEL14554,Unknown,Unknown,0,0,Truck,0
DEL14555,Unknown,Unknown,0,0,Truck,0
DEL14556,Unknown,Unknown,0,0,Truck,0
DEL14557,Unknown,Unknown,0,0,Truck,0
DEL14558,Unknown,Unknown,0,0,Truck,0
DEL14559,Unknown,Unknown,0,0,Truck,0
DEL14560,Unknown,Unknown,0,0,Truck,0
DEL14561,Unknown,Unknown,0,0,Truck,0
DEL14562,Unknown,Unknown,0,0,Truck,0
DEL14563,Unknown,Unknown,0,0,Truck,0
DEL14564,Unknown,Unknown,0,0,Truck,0
DEL14565,Unknown,Unknown,0,0,Truck,0
DEL14566,Unknown,Unknown,0,0,Truck,0
DEL14567,Unknown,Unknown,0,0,Truck,0
DEL14568,Unknown,Unknown,0,0,Truck,0
DEL14569,Unknown,Unknown,0,0,Truck,0
DEL14570,Unknown,Unknown,0,0,Truck,0
DEL14571,Unknown,Unknown,0,0,Truck,0
DEL14572,Unknown,Unknown,0,0,Truck,0
DEL14573,Unknown,Unknown,0,0,Truck,0
DEL14574,Unknown,Unknown,0,0,Truck,0
DEL14575,Unknown,Unknown,0,0,Truck,0
DEL14576,Unknown,Unknown,0,0,Truck,0
DEL14577,Unknown,Unknown,0,0,Truck,0
DEL14578,Unknown,Unknown,0,0,Truck,0
DEL14579,Unknown,Unknown,0,0,Truck,0
DEL14580,Unknown,Unknown,0,0,Truck,0
DEL14581,Unknown,Unknown,0,0,Truck,0
DEL14582,Unknown,Unknown,0,0,Truck,0
DEL14583,Unknown,Unknown,0,0,Truck,0
DEL14584,Unknown,Unknown,0,0,Truck,0
DEL14585,Unknown,Unknown,0,0,Truck,0
DEL14586,Unknown,Unknown,0,0,Truck,0
DEL14587,Unknown,Unknown,0,0,Truck,0
DEL14588,Unknown,Unknown,0,0,Truck,0
DEL14589,Unknown,Unknown,0,0,Truck,0
DEL14590,Unknown,Unknown,0,0,Truck,0
DEL14591,Unknown,Unknown,0,0,Truck,0
DEL14592,Unknown,Unknown,0,0,Truck,0
DEL14593,Unknown,Unknown,0,0,Truck,0
DEL14594,Unknown,Unknown,0,0,Truck,0
DEL14595,Unknown,Unknown,0,0,Truck,0
DEL14596,Unknown,Unknown,0,0,Truck,0
DEL14597,Unknown,Unknown,0,0,Truck,0
DEL14598,Unknown,Unknown,0,0,Truck,0
DEL14599,Unknown,Unknown,0,0,Truck,0
DEL14600,Unknown,Unknown,0,0,Truck,0
DEL14601,Unknown,Unknown,0,0,Truck,0
DEL14602,Unknown,Unknown,0,0,Truck,0
DEL14603,Unknown,Unknown,0,0,Truck,0
DEL14604,Unknown,Unknown,0,0,Truck,0
DEL14605,Unknown,Unknown,0,0,Truck,0
DEL14606,Unknown,Unknown,0,0,Truck,0
DEL14607,Unknown,Unknown,0,0,Truck,0
DEL14608,Unknown,Unknown,0,0,Truck,0
DEL14609,Unknown,Unknown,0,0,Truck,0
DEL14610,Unknown,Unknown,0,0,Truck,0
DEL14611,Unknown,Unknown,0,0,Truck,0
DEL14612,Unknown,Unknown,0,0,Truck,0
DEL14613,Unknown,Unknown,0,0,Truck,0
DEL14614,Unknown,Unknown,0,0,Truck,0
DEL14615,Unknown,Unknown,0,0,Truck,0
DEL14616,Unknown,Unknown,0,0,Truck,0
DEL14617,Unknown,Unknown,0,0,Truck,0
DEL14618,Unknown,Unknown,0,0,Truck,0
DEL14619,Unknown,Unknown,0,0,Truck,0
DEL14620,Unknown,Unknown,0,0,Truck,0
DEL14621,Unknown,Unknown,0,0,Truck,0
DEL14622,Unknown,Unknown,0,0,Truck,0
DEL14623,Unknown,Unknown,0,0,Truck,0
DEL14624,Unknown,Unknown,0,0,Truck,0
DEL14625,Unknown,Unknown,0,0,Truck,0
DEL14626,Unknown,Unknown,0,0,Truck,0
DEL14627,Unknown,Unknown,0,0,Truck,0
DEL14628,Unknown,Unknown,0,0,Truck,0
DEL14629,Unknown,Unknown,0,0,Truck,0
DEL14630,Unknown,Unknown,0,0,Truck,0
DEL14631,Unknown,Unknown,0,0,Truck,0
DEL14632,Unknown,Unknown,0,0,Truck,0
DEL14633,Unknown,Unknown,0,0,Truck,0
DEL14634,Unknown,Unknown,0,0,Truck,0
DEL14635,Unknown,Unknown,0,0,Truck,0
DEL14636,Unknown,Unknown,0,0,Truck,0
DEL14637,Unknown,Unknown,0,0,Truck,0
DEL14638,Unknown,Unknown,0,0,Truck,0
DEL14639,Unknown,Unknown,0,0,Truck,0
DEL14640,Unknown,Unknown,0,0,Truck,0
DEL14641,Unknown,Unknown,0,0,Truck,0
DEL14642,Unknown,Unknown,0,0,Truck,0
DEL14643,Unknown,Unknown,0,0,Truck,0
DEL14644,Unknown,Unknown,0,0,Truck,0
DEL14645,Unknown,Unknown,0,0,Truck,0
DEL14646,Unknown,Unknown,0,0,Truck,0
DEL14647,Unknown,Unknown,0,0,Truck,0
DEL14648,Unknown,Unknown,0,0,Truck,0
DEL14649,Unknown,Unknown,0,0,Truck,0
DEL14650,Unknown,Unknown,0,0,Truck,0
DEL14651,Unknown,Unknown,0,0,Truck,0
DEL14652,Unknown,Unknown,0,0,Truck,0
DEL14653,Unknown,Unknown,0,0,Truck,0
DEL14654,Unknown,Unknown,0,0,Truck,0
DEL14655,Unknown,Unknown,0,0,Truck,0
DEL14656,Unknown,Unknown,0,0,Truck,0
DEL14657,Unknown,Unknown,0,0,Truck,0
DEL14658,Unknown,Unknown,0,0,Truck,0
DEL14659,Unknown,Unknown,0,0,Truck,0
DEL14660,Unknown,Unknown,0,0,Truck,0
DEL14661,Unknown,Unknown,0,0,Truck,0
DEL14662,Unknown,Unknown,0,0,Truck,0
DEL14663,Unknown,Unknown,0,0,Truck,0
DEL14664,Unknown,Unknown,0,0,Truck,0
DEL14665,Unknown,Unknown,0,0,Truck,0
DEL14666,Unknown,Unknown,0,0,Truck,0
DEL14667,Unknown,Unknown,0,0,Truck,0
DEL14668,Unknown,Unknown,0,0,Truck,0
DEL14669,Unknown,Unknown,0,0,Truck,0
DEL14670,Unknown,Unknown,0,0,Truck,0
DEL14671,Unknown,Unknown,0,0,Truck,0
DEL14672,Unknown,Unknown,0,0,Truck,0
DEL14673,Unknown,Unknown,0,0,Truck,0
DEL14674,Unknown,Unknown,0,0,Truck,0
DEL14675,Unknown,Unknown,0,0,Truck,0
DEL14676,Unknown,Unknown,0,0,Truck,0
DEL14677,Unknown,Unknown,0,0,Truck,0
DEL14678,Unknown,Unknown,0,0,Truck,0
DEL14679,Unknown,Unknown,0,0,Truck,0
DEL14680,Unknown,Unknown,0,0,Truck,0
DEL14681,Unknown,Unknown,0,0,Truck,0
DEL14682,Unknown,Unknown,0,0,Truck,0
DEL14683,Unknown,Unknown,0,0,Truck,0
DEL14684,Unknown,Unknown,0,0,Truck,0
DEL14685,Unknown,Unknown,0,0,Truck,0
DEL14686,Unknown,Unknown,0,0,Truck,0
DEL14687,Unknown,Unknown,0,0,Truck,0
DEL14688,Unknown,Unknown,0,0,Truck,0
DEL14689,Unknown,Unknown,0,0,Truck,0
DEL14690,Unknown,Unknown,0,0,Truck,0
DEL14691,Unknown,Unknown,0,0,Truck,0
DEL14692,Unknown,Unknown,0,0,Truck,0
DEL14693,Unknown,Unknown,0,0,Truck,0
DEL14694,Unknown,Unknown,0,0,Truck,0
DEL14695,Unknown,Unknown,0,0,Truck,0
DEL14696,Unknown,Unknown,0,0,Truck,0
DEL14697,Unknown,Unknown,0,0,Truck,0
DEL14698,Unknown,Unknown,0,0,Truck,0
DEL14699,Unknown,Unknown,0,0,Truck,0
DEL14700,Unknown,Unknown,0,0,Truck,0
DEL14701,Unknown,Unknown,0,0,Truck,0
DEL14702,Unknown,Unknown,0,0,Truck,0
DEL14703,Unknown,Unknown,0,0,Truck,0
DEL14704,Unknown,Unknown,0,0,Truck,0
DEL14705,Unknown,Unknown,0,0,Truck,0
DEL14706,Unknown,Unknown,0,0,Truck,0
DEL14707,Unknown,Unknown,0,0,Truck,0
DEL14708,Unknown,Unknown,0,0,Truck,0
DEL14709,Unknown,Unknown,0,0,Truck,0
DEL14710,Unknown,Unknown,0,0,Truck,0
DEL14711,Unknown,Unknown,0,0,Truck,0
DEL14712,Unknown,Unknown,0,0,Truck,0
DEL14713,Unknown,Unknown,0,0,Truck,0
DEL14714,Unknown,Unknown,0,0,Truck,0
DEL14715,Unknown,Unknown,0,0,Truck,0
DEL14716,Unknown,Unknown,0,0,Truck,0
DEL14717,Unknown,Unknown,0,0,Truck,0
DEL14718,Unknown,Unknown,0,0,Truck,0
DEL14719,Unknown,Unknown,0,0,Truck,0
DEL14720,Unknown,Unknown,0,0,Truck,0
DEL14721,Unknown,Unknown,0,0,Truck,0
DEL14722,Unknown,Unknown,0,0,Truck,0
DEL14723,Unknown,Unknown,0,0,Truck,0
DEL14724,Unknown,Unknown,0,0,Truck,0
DEL14725,Unknown,Unknown,0,0,Truck,0
DEL14726,Unknown,Unknown,0,0,Truck,0
DEL14727,Unknown,Unknown,0,0,Truck,0
DEL14728,Unknown,Unknown,0,0,Truck,0
DEL14729,Unknown,Unknown,0,0,Truck,0
DEL14730,Unknown,Unknown,0,0,Truck,0
DEL14731,Unknown,Unknown,0,0,Truck,0
DEL14732,Unknown,Unknown,0,0,Truck,0
DEL14733,Unknown,Unknown,0,0,Truck,0
DEL14734,Unknown,Unknown,0,0,Truck,0
DEL14735,Unknown,Unknown,0,0,Truck,0
DEL14736,Unknown,Unknown,0,0,Truck,0
DEL14737,Unknown,Unknown,0,0,Truck,0
DEL14738,Unknown,Unknown,0,0,Truck,0
DEL14739,Unknown,Unknown,0,0,Truck,0
DEL14740,Unknown,Unknown,0,0,Truck,0
DEL14741,Unknown,Unknown,0,0,Truck,0
DEL14742,Unknown,Unknown,0,0,Truck,0
DEL14743,Unknown,Unknown,0,0,Truck,0
DEL14744,Unknown,Unknown,0,0,Truck,0
DEL14745,Unknown,Unknown,0,0,Truck,0
DEL14746,Unknown,Unknown,0,0,Truck,0
DEL14747,Unknown,Unknown,0,0,Truck,0
DEL14748,Unknown,Unknown,0,0,Truck,0
DEL14749,Unknown,Unknown,0,0,Truck,0
DEL14750,Unknown,Unknown,0,0,Truck,0
DEL14751,Unknown,Unknown,0,0,Truck,0
DEL14752,Unknown,Unknown,0,0,Truck,0
DEL14753,Unknown,Unknown,0,0,Truck,0
DEL14754,Unknown,Unknown,0,0,Truck,0
DEL14755,Unknown,Unknown,0,0,Truck,0
DEL14756,Unknown,Unknown,0,0,Truck,0
DEL14757,Unknown,Unknown,0,0,Truck,0
DEL14758,Unknown,Unknown,0,0,Truck,0
DEL14759,Unknown,Unknown,0,0,Truck,0
DEL14760,Unknown,Unknown,0,0,Truck,0
DEL14761,Unknown,Unknown,0,0,Truck,0
DEL14762,Unknown,Unknown,0,0,Truck,0
DEL14763,Unknown,Unknown,0,0,Truck,0
DEL14764,Unknown,Unknown,0,0,Truck,0
DEL14765,Unknown,Unknown,0,0,Truck,0
DEL14766,Unknown,Unknown,0,0,Truck,0
DEL14767,Unknown,Unknown,0,0,Truck,0
DEL14768,Unknown,Unknown,0,0,Truck,0
DEL14769,Unknown,Unknown,0,0,Truck,0
DEL14770,Unknown,Unknown,0,0,Truck,0
DEL14771,Unknown,Unknown,0,0,Truck,0
DEL14772,Unknown,Unknown,0,0,Truck,0
DEL14773,Unknown,Unknown,0,0,Truck,0
DEL14774,Unknown,Unknown,0,0,Truck,0
DEL14775,Unknown,Unknown,0,0,Truck,0
DEL14776,Unknown,Unknown,0,0,Truck,0
DEL14777,Unknown,Unknown,0,0,Truck,0
DEL14778,Unknown,Unknown,0,0,Truck,0
DEL14779,Unknown,Unknown,0,0,Truck,0
DEL14780,Unknown,Unknown,0,0,Truck,0
DEL14781,Unknown,Unknown,0,0,Truck,0
DEL14782,Unknown,Unknown,0,0,Truck,0
DEL14783,Unknown,Unknown,0,0,Truck,0
DEL14784,Unknown,Unknown,0,0,Truck,0
DEL14785,Unknown,Unknown,0,0,Truck,0
DEL14786,Unknown,Unknown,0,0,Truck,0
DEL14787,Unknown,Unknown,0,0,Truck,0
DEL14788,Unknown,Unknown,0,0,Truck,0
DEL14789,Unknown,Unknown,0,0,Truck,0
DEL14790,Unknown,Unknown,0,0,Truck,0
DEL14791,Unknown,Unknown,0,0,Truck,0
DEL14792,Unknown,Unknown,0,0,Truck,0
DEL14793,Unknown,Unknown,0,0,Truck,0
DEL14794,Unknown,Unknown,0,0,Truck,0
DEL14795,Unknown,Unknown,0,0,Truck,0
DEL14796,Unknown,Unknown,0,0,Truck,0
DEL14797,Unknown,Unknown,0,0,Truck,0
DEL14798,Unknown,Unknown,0,0,Truck,0
DEL14799,Unknown,Unknown,0,0,Truck,0
DEL14800,Unknown,Unknown,0,0,Truck,0
DEL14801,Unknown,Unknown,0,0,Truck,0
DEL14802,Unknown,Unknown,0,0,Truck,0
DEL14803,Unknown,Unknown,0,0,Truck,0
DEL14804,Unknown,Unknown,0,0,Truck,0
DEL14805,Unknown,Unknown,0,0,Truck,0
DEL14806,Unknown,Unknown,0,0,Truck,0
DEL14807,Unknown,Unknown,0,0,Truck,0
DEL14808,Unknown,Unknown,0,0,Truck,0
DEL14809,Unknown,Unknown,0,0,Truck,0
DEL14810,Unknown,Unknown,0,0,Truck,0
DEL14811,Unknown,Unknown,0,0,Truck,0
DEL14812,Unknown,Unknown,0,0,Truck,0
DEL14813,Unknown,Unknown,0,0,Truck,0
DEL14814,Unknown,Unknown,0,0,Truck,0
DEL14815,Unknown,Unknown,0,0,Truck,0
DEL14816,Unknown,Unknown,0,0,Truck,0
DEL14817,Unknown,Unknown,0,0,Truck,0
DEL14818,Unknown,Unknown,0,0,Truck,0
DEL14819,Unknown,Unknown,0,0,Truck,0
DEL14820,Unknown,Unknown,0,0,Truck,0
DEL14821,Unknown,Unknown,0,0,Truck,0
DEL14822,Unknown,Unknown,0,0,Truck,0
DEL14823,Unknown,Unknown,0,0,Truck,0
DEL14824,Unknown,Unknown,0,0,Truck,0
DEL14825,Unknown,Unknown,0,0,Truck,0
DEL14826,Unknown,Unknown,0,0,Truck,0
DEL14827,Unknown,Unknown,0,0,Truck,0
DEL14828,Unknown,Unknown,0,0,Truck,0
DEL14829,Unknown,Unknown,0,0,Truck,0
DEL14830,Unknown,Unknown,0,0,Truck,0
DEL14831,Unknown,Unknown,0,0,Truck,0
DEL14832,Unknown,Unknown,0,0,Truck,0
DEL14833,Unknown,Unknown,0,0,Truck,0
DEL14834,Unknown,Unknown,0,0,Truck,0
DEL14835,Unknown,Unknown,0,0,Truck,0
DEL14836,Unknown,Unknown,0,0,Truck,0
DEL14837,Unknown,Unknown,0,0,Truck,0
DEL14838,Unknown,Unknown,0,0,Truck,0
DEL14839,Unknown,Unknown,0,0,Truck,0
DEL14840,Unknown,Unknown,0,0,Truck,0
DEL14841,Unknown,Unknown,0,0,Truck,0
DEL14842,Unknown,Unknown,0,0,Truck,0
DEL14843,Unknown,Unknown,0,0,Truck,0
DEL14844,Unknown,Unknown,0,0,Truck,0
DEL14845,Unknown,Unknown,0,0,Truck,0
DEL14846,Unknown,Unknown,0,0,Truck,0
DEL14847,Unknown,Unknown,0,0,Truck,0
DEL14848,Unknown,Unknown,0,0,Truck,0
DEL14849,Unknown,Unknown,0,0,Truck,0
DEL14850,Unknown,Unknown,0,0,Truck,0
DEL14851,Unknown,Unknown,0,0,Truck,0
DEL14852,Unknown,Unknown,0,0,Truck,0
DEL14853,Unknown,Unknown,0,0,Truck,0
DEL14854,Unknown,Unknown,0,0,Truck,0
DEL14855,Unknown,Unknown,0,0,Truck,0
DEL14856,Unknown,Unknown,0,0,Truck,0
DEL14857,Unknown,Unknown,0,0,Truck,0
DEL14858,Unknown,Unknown,0,0,Truck,0
DEL14859,Unknown,Unknown,0,0,Truck,0
DEL14860,Unknown,Unknown,0,0,Truck,0
DEL14861,Unknown,Unknown,0,0,Truck,0
DEL14862,Unknown,Unknown,0,0,Truck,0
DEL14863,Unknown,Unknown,0,0,Truck,0
DEL14864,Unknown,Unknown,0,0,Truck,0
DEL14865,Unknown,Unknown,0,0,Truck,0
DEL14866,Unknown,Unknown,0,0,Truck,0
DEL14867,Unknown,Unknown,0,0,Truck,0
DEL14868,Unknown,Unknown,0,0,Truck,0
DEL14869,Unknown,Unknown,0,0,Truck,0
DEL14870,Unknown,Unknown,0,0,Truck,0
DEL14871,Unknown,Unknown,0,0,Truck,0
DEL14872,Unknown,Unknown,0,0,Truck,0
DEL14873,Unknown,Unknown,0,0,Truck,0
DEL14874,Unknown,Unknown,0,0,Truck,0
DEL14875,Unknown,Unknown,0,0,Truck,0
DEL14876,Unknown,Unknown,0,0,Truck,0
DEL14877,Unknown,Unknown,0,0,Truck,0
DEL14878,Unknown,Unknown,0,0,Truck,0
DEL14879,Unknown,Unknown,0,0,Truck,0
DEL14880,Unknown,Unknown,0,0,Truck,0
DEL14881,Unknown,Unknown,0,0,Truck,0
DEL14882,Unknown,Unknown,0,0,Truck,0
DEL14883,Unknown,Unknown,0,0,Truck,0
DEL14884,Unknown,Unknown,0,0,Truck,0
DEL14885,Unknown,Unknown,0,0,Truck,0
DEL14886,Unknown,Unknown,0,0,Truck,0
DEL14887,Unknown,Unknown,0,0,Truck,0
DEL14888,Unknown,Unknown,0,0,Truck,0
DEL14889,Unknown,Unknown,0,0,Truck,0
DEL14890,Unknown,Unknown,0,0,Truck,0
DEL14891,Unknown,Unknown,0,0,Truck,0
DEL14892,Unknown,Unknown,0,0,Truck,0
DEL14893,Unknown,Unknown,0,0,Truck,0
DEL14894,Unknown,Unknown,0,0,Truck,0
DEL14895,Unknown,Unknown,0,0,Truck,0
DEL14896,Unknown,Unknown,0,0,Truck,0
DEL14897,Unknown,Unknown,0,0,Truck,0
DEL14898,Unknown,Unknown,0,0,Truck,0
DEL14899,Unknown,Unknown,0,0,Truck,0
DEL14900,Unknown,Unknown,0,0,Truck,0
DEL14901,Unknown,Unknown,0,0,Truck,0
DEL14902,Unknown,Unknown,0,0,Truck,0
DEL14903,Unknown,Unknown,0,0,Truck,0
DEL14904,Unknown,Unknown,0,0,Truck,0
DEL14905,Unknown,Unknown,0,0,Truck,0
DEL14906,Unknown,Unknown,0,0,Truck,0
DEL14907,Unknown,Unknown,0,0,Truck,0
DEL14908,Unknown,Unknown,0,0,Truck,0
DEL14909,Unknown,Unknown,0,0,Truck,0
DEL14910,Unknown,Unknown,0,0,Truck,0
DEL14911,Unknown,Unknown,0,0,Truck,0
DEL14912,Unknown,Unknown,0,0,Truck,0
DEL14913,Unknown,Unknown,0,0,Truck,0
DEL14914,Unknown,Unknown,0,0,Truck,0
DEL14915,Unknown,Unknown,0,0,Truck,0
DEL14916,Unknown,Unknown,0,0,Truck,0
DEL14917,Unknown,Unknown,0,0,Truck,0
DEL14918,Unknown,Unknown,0,0,Truck,0
DEL14919,Unknown,Unknown,0,0,Truck,0
DEL14920,Unknown,Unknown,0,0,Truck,0
DEL14921,Unknown,Unknown,0,0,Truck,0
DEL14922,Unknown,Unknown,0,0,Truck,0
DEL14923,Unknown,Unknown,0,0,Truck,0
DEL14924,Unknown,Unknown,0,0,Truck,0
DEL14925,Unknown,Unknown,0,0,Truck,0
DEL14926,Unknown,Unknown,0,0,Truck,0
DEL14927,Unknown,Unknown,0,0,Truck,0
DEL14928,Unknown,Unknown,0,0,Truck,0
DEL14929,Unknown,Unknown,0,0,Truck,0
DEL14930,Unknown,Unknown,0,0,Truck,0
DEL14931,Unknown,Unknown,0,0,Truck,0
DEL14932,Unknown,Unknown,0,0,Truck,0
DEL14933,Unknown,Unknown,0,0,Truck,0
DEL14934,Unknown,Unknown,0,0,Truck,0
DEL14935,Unknown,Unknown,0,0,Truck,0
DEL14936,Unknown,Unknown,0,0,Truck,0
DEL14937,Unknown,Unknown,0,0,Truck,0
DEL14938,Unknown,Unknown,0,0,Truck,0
DEL14939,Unknown,Unknown,0,0,Truck,0
DEL14940,Unknown,Unknown,0,0,Truck,0
DEL14941,Unknown,Unknown,0,0,Truck,0
DEL14942,Unknown,Unknown,0,0,Truck,0
DEL14943,Unknown,Unknown,0,0,Truck,0
DEL14944,Unknown,Unknown,0,0,Truck,0
DEL14945,Unknown,Unknown,0,0,Truck,0
DEL14946,Unknown,Unknown,0,0,Truck,0
DEL14947,Unknown,Unknown,0,0,Truck,0
DEL14948,Unknown,Unknown,0,0,Truck,0
DEL14949,Unknown,Unknown,0,0,Truck,0
DEL14950,Unknown,Unknown,0,0,Truck,0
DEL14951,Unknown,Unknown,0,0,Truck,0
DEL14952,Unknown,Unknown,0,0,Truck,0
DEL14953,Unknown,Unknown,0,0,Truck,0
DEL14954,Unknown,Unknown,0,0,Truck,0
DEL14955,Unknown,Unknown,0,0,Truck,0
DEL14956,Unknown,Unknown,0,0,Truck,0
DEL14957,Unknown,Unknown,0,0,Truck,0
DEL14958,Unknown,Unknown,0,0,Truck,0
DEL14959,Unknown,Unknown,0,0,Truck,0
DEL14960,Unknown,Unknown,0,0,Truck,0
DEL14961,Unknown,Unknown,0,0,Truck,0
DEL14962,Unknown,Unknown,0,0,Truck,0
DEL14963,Unknown,Unknown,0,0,Truck,0
DEL14964,Unknown,Unknown,0,0,Truck,0
DEL14965,Unknown,Unknown,0,0,Truck,0
DEL14966,Unknown,Unknown,0,0,Truck,0
DEL14967,Unknown,Unknown,0,0,Truck,0
DEL14968,Unknown,Unknown,0,0,Truck,0
DEL14969,Unknown,Unknown,0,0,Truck,0
DEL14970,Unknown,Unknown,0,0,Truck,0
DEL14971,Unknown,Unknown,0,0,Truck,0
DEL14972,Unknown,Unknown,0,0,Truck,0
DEL14973,Unknown,Unknown,0,0,Truck,0
DEL14974,Unknown,Unknown,0,0,Truck,0
DEL14975,Unknown,Unknown,0,0,Truck,0
DEL14976,Unknown,Unknown,0,0,Truck,0
DEL14977,Unknown,Unknown,0,0,Truck,0
DEL14978,Unknown,Unknown,0,0,Truck,0
DEL14979,Unknown,Unknown,0,0,Truck,0
DEL14980,Unknown,Unknown,0,0,Truck,0
DEL14981,Unknown,Unknown,0,0,Truck,0
DEL14982,Unknown,Unknown,0,0,Truck,0
DEL14983,Unknown,Unknown,0,0,Truck,0
DEL14984,Unknown,Unknown,0,0,Truck,0
DEL14985,Unknown,Unknown,0,0,Truck,0
DEL14986,Unknown,Unknown,0,0,Truck,0
DEL14987,Unknown,Unknown,0,0,Truck,0
DEL14988,Unknown,Unknown,0,0,Truck,0
DEL14989,Unknown,Unknown,0,0,Truck,0
DEL14990,Unknown,Unknown,0,0,Truck,0
DEL14991,Unknown,Unknown,0,0,Truck,0
DEL14992,Unknown,Unknown,0,0,Truck,0
DEL14993,Unknown,Unknown,0,0,Truck,0
DEL14994,Unknown,Unknown,0,0,Truck,0
DEL14995,Unknown,Unknown,0,0,Truck,0
DEL14996,Unknown,Unknown,0,0,Truck,0
DEL14997,Unknown,Unknown,0,0,Truck,0
DEL14998,Unknown,Unknown,0,0,Truck,0
DEL14999,Unknown,Unknown,0,0,Truck,0
DEL15000,Unknown,Unknown,0,0,Truck,0
DEL15001,Unknown,Unknown,0,0,Truck,0
DEL15002,Unknown,Unknown,0,0,Truck,0
DEL15003,Unknown,Unknown,0,0,Truck,0
DEL15004,Unknown,Unknown,0,0,Truck,0
DEL15005,Unknown,Unknown,0,0,Truck,0
DEL15006,Unknown,Unknown,0,0,Truck,0
DEL15007,Unknown,Unknown,0,0,Truck,0
DEL15008,Unknown,Unknown,0,0,Truck,0
DEL15009,Unknown,Unknown,0,0,Truck,0
DEL15010,Unknown,Unknown,0,0,Truck,0
DEL15011,Unknown,Unknown,0,0,Truck,0
DEL15012,Unknown,Unknown,0,0,Truck,0
DEL15013,Unknown,Unknown,0,0,Truck,0
DEL15014,Unknown,Unknown,0,0,Truck,0
DEL15015,Unknown,Unknown,0,0,Truck,0
DEL15016,Unknown,Unknown,0,0,Truck,0
DEL15017,Unknown,Unknown,0,0,Truck,0
DEL15018,Unknown,Unknown,0,0,Truck,0
DEL15019,Unknown,Unknown,0,0,Truck,0
DEL15020,Unknown,Unknown,0,0,Truck,0
DEL15021,Unknown,Unknown,0,0,Truck,0
DEL15022,Unknown,Unknown,0,0,Truck,0
DEL15023,Unknown,Unknown,0,0,Truck,0
DEL15024,Unknown,Unknown,0,0,Truck,0
DEL15025,Unknown,Unknown,0,0,Truck,0
DEL15026,Unknown,Unknown,0,0,Truck,0
DEL15027,Unknown,Unknown,0,0,Truck,0
DEL15028,Unknown,Unknown,0,0,Truck,0
DEL15029,Unknown,Unknown,0,0,Truck,0
DEL15030,Unknown,Unknown,0,0,Truck,0
DEL15031,Unknown,Unknown,0,0,Truck,0
DEL15032,Unknown,Unknown,0,0,Truck,0
DEL15033,Unknown,Unknown,0,0,Truck,0
DEL15034,Unknown,Unknown,0,0,Truck,0
DEL15035,Unknown,Unknown,0,0,Truck,0
DEL15036,Unknown,Unknown,0,0,Truck,0
DEL15037,Unknown,Unknown,0,0,Truck,0
DEL15038,Unknown,Unknown,0,0,Truck,0
DEL15039,Unknown,Unknown,0,0,Truck,0
DEL15040,Unknown,Unknown,0,0,Truck,0
DEL15041,Unknown,Unknown,0,0,Truck,0
DEL15042,Unknown,Unknown,0,0,Truck,0
DEL15043,Unknown,Unknown,0,0,Truck,0
DEL15044,Unknown,Unknown,0,0,Truck,0
DEL15045,Unknown,Unknown,0,0,Truck,0
DEL15046,Unknown,Unknown,0,0,Truck,0
DEL15047,Unknown,Unknown,0,0,Truck,0
DEL15048,Unknown,Unknown,0,0,Truck,0
DEL15049,Unknown,Unknown,0,0,Truck,0
DEL15050,Unknown,Unknown,0,0,Truck,0
DEL15051,Unknown,Unknown,0,0,Truck,0
DEL15052,Unknown,Unknown,0,0,Truck,0
DEL15053,Unknown,Unknown,0,0,Truck,0
DEL15054,Unknown,Unknown,0,0,Truck,0
DEL15055,Unknown,Unknown,0,0,Truck,0
DEL15056,Unknown,Unknown,0,0,Truck,0
DEL15057,Unknown,Unknown,0,0,Truck,0
DEL15058,Unknown,Unknown,0,0,Truck,0
DEL15059,Unknown,Unknown,0,0,Truck,0
DEL15060,Unknown,Unknown,0,0,Truck,0
DEL15061,Unknown,Unknown,0,0,Truck,0
DEL15062,Unknown,Unknown,0,0,Truck,0
DEL15063,Unknown,Unknown,0,0,Truck,0
DEL15064,Unknown,Unknown,0,0,Truck,0
DEL15065,Unknown,Unknown,0,0,Truck,0
DEL15066,Unknown,Unknown,0,0,Truck,0
DEL15067,Unknown,Unknown,0,0,Truck,0
DEL15068,Unknown,Unknown,0,0,Truck,0
DEL15069,Unknown,Unknown,0,0,Truck,0
DEL15070,Unknown,Unknown,0,0,Truck,0
DEL15071,Unknown,Unknown,0,0,Truck,0
DEL15072,Unknown,Unknown,0,0,Truck,0
DEL15073,Unknown,Unknown,0,0,Truck,0
DEL15074,Unknown,Unknown,0,0,Truck,0
DEL15075,Unknown,Unknown,0,0,Truck,0
DEL15076,Unknown,Unknown,0,0,Truck,0
DEL15077,Unknown,Unknown,0,0,Truck,0
DEL15078,Unknown,Unknown,0,0,Truck,0
DEL15079,Unknown,Unknown,0,0,Truck,0
DEL15080,Unknown,Unknown,0,0,Truck,0
DEL15081,Unknown,Unknown,0,0,Truck,0
DEL15082,Unknown,Unknown,0,0,Truck,0
DEL15083,Unknown,Unknown,0,0,Truck,0
DEL15084,Unknown,Unknown,0,0,Truck,0
DEL15085,Unknown,Unknown,0,0,Truck,0
DEL15086,Unknown,Unknown,0,0,Truck,0
DEL15087,Unknown,Unknown,0,0,Truck,0
DEL15088,Unknown,Unknown,0,0,Truck,0
DEL15089,Unknown,Unknown,0,0,Truck,0
DEL15090,Unknown,Unknown,0,0,Truck,0
DEL15091,Unknown,Unknown,0,0,Truck,0
DEL15092,Unknown,Unknown,0,0,Truck,0
DEL15093,Unknown,Unknown,0,0,Truck,0
DEL15094,Unknown,Unknown,0,0,Truck,0
DEL15095,Unknown,Unknown,0,0,Truck,0
DEL15096,Unknown,Unknown,0,0,Truck,0
DEL15097,Unknown,Unknown,0,0,Truck,0
DEL15098,Unknown,Unknown,0,0,Truck,0
DEL15099,Unknown,Unknown,0,0,Truck,0
DEL15100,Unknown,Unknown,0,0,Truck,0
DEL15101,Unknown,Unknown,0,0,Truck,0
DEL15102,Unknown,Unknown,0,0,Truck,0
DEL15103,Unknown,Unknown,0,0,Truck,0
DEL15104,Unknown,Unknown,0,0,Truck,0
DEL15105,Unknown,Unknown,0,0,Truck,0
DEL15106,Unknown,Unknown,0,0,Truck,0
DEL15107,Unknown,Unknown,0,0,Truck,0
DEL15108,Unknown,Unknown,0,0,Truck,0
DEL15109,Unknown,Unknown,0,0,Truck,0
DEL15110,Unknown,Unknown,0,0,Truck,0
DEL15111,Unknown,Unknown,0,0,Truck,0
DEL15112,Unknown,Unknown,0,0,Truck,0
DEL15113,Unknown,Unknown,0,0,Truck,0
DEL15114,Unknown,Unknown,0,0,Truck,0
DEL15115,Unknown,Unknown,0,0,Truck,0
DEL15116,Unknown,Unknown,0,0,Truck,0
DEL15117,Unknown,Unknown,0,0,Truck,0
DEL15118,Unknown,Unknown,0,0,Truck,0
DEL15119,Unknown,Unknown,0,0,Truck,0
DEL15120,Unknown,Unknown,0,0,Truck,0
DEL15121,Unknown,Unknown,0,0,Truck,0
DEL15122,Unknown,Unknown,0,0,Truck,0
DEL15123,Unknown,Unknown,0,0,Truck,0
DEL15124,Unknown,Unknown,0,0,Truck,0
DEL15125,Unknown,Unknown,0,0,Truck,0
DEL15126,Unknown,Unknown,0,0,Truck,0
DEL15127,Unknown,Unknown,0,0,Truck,0
DEL15128,Unknown,Unknown,0,0,Truck,0
DEL15129,Unknown,Unknown,0,0,Truck,0
DEL15130,Unknown,Unknown,0,0,Truck,0
DEL15131,Unknown,Unknown,0,0,Truck,0
DEL15132,Unknown,Unknown,0,0,Truck,0
DEL15133,Unknown,Unknown,0,0,Truck,0
DEL15134,Unknown,Unknown,0,0,Truck,0
DEL15135,Unknown,Unknown,0,0,Truck,0
DEL15136,Unknown,Unknown,0,0,Truck,0
DEL15137,Unknown,Unknown,0,0,Truck,0
DEL15138,Unknown,Unknown,0,0,Truck,0
DEL15139,Unknown,Unknown,0,0,Truck,0
DEL15140,Unknown,Unknown,0,0,Truck,0
DEL15141,Unknown,Unknown,0,0,Truck,0
DEL15142,Unknown,Unknown,0,0,Truck,0
DEL15143,Unknown,Unknown,0,0,Truck,0
DEL15144,Unknown,Unknown,0,0,Truck,0
DEL15145,Unknown,Unknown,0,0,Truck,0
DEL15146,Unknown,Unknown,0,0,Truck,0
DEL15147,Unknown,Unknown,0,0,Truck,0
DEL15148,Unknown,Unknown,0,0,Truck,0
DEL15149,Unknown,Unknown,0,0,Truck,0
DEL15150,Unknown,Unknown,0,0,Truck,0
DEL15151,Unknown,Unknown,0,0,Truck,0
DEL15152,Unknown,Unknown,0,0,Truck,0
DEL15153,Unknown,Unknown,0,0,Truck,0
DEL15154,Unknown,Unknown,0,0,Truck,0
DEL15155,Unknown,Unknown,0,0,Truck,0
DEL15156,Unknown,Unknown,0,0,Truck,0
DEL15157,Unknown,Unknown,0,0,Truck,0
DEL15158,Unknown,Unknown,0,0,Truck,0
DEL15159,Unknown,Unknown,0,0,Truck,0
DEL15160,Unknown,Unknown,0,0,Truck,0
DEL15161,Unknown,Unknown,0,0,Truck,0
DEL15162,Unknown,Unknown,0,0,Truck,0
DEL15163,Unknown,Unknown,0,0,Truck,0
DEL15164,Unknown,Unknown,0,0,Truck,0
DEL15165,Unknown,Unknown,0,0,Truck,0
DEL15166,Unknown,Unknown,0,0,Truck,0
DEL15167,Unknown,Unknown,0,0,Truck,0
DEL15168,Unknown,Unknown,0,0,Truck,0
DEL15169,Unknown,Unknown,0,0,Truck,0
DEL15170,Unknown,Unknown,0,0,Truck,0
DEL15171,Unknown,Unknown,0,0,Truck,0
DEL15172,Unknown,Unknown,0,0,Truck,0
DEL15173,Unknown,Unknown,0,0,Truck,0
DEL15174,Unknown,Unknown,0,0,Truck,0
DEL15175,Unknown,Unknown,0,0,Truck,0
DEL15176,Unknown,Unknown,0,0,Truck,0
DEL15177,Unknown,Unknown,0,0,Truck,0
DEL15178,Unknown,Unknown,0,0,Truck,0
DEL15179,Unknown,Unknown,0,0,Truck,0
DEL15180,Unknown,Unknown,0,0,Truck,0
DEL15181,Unknown,Unknown,0,0,Truck,0
DEL15182,Unknown,Unknown,0,0,Truck,0
DEL15183,Unknown,Unknown,0,0,Truck,0
DEL15184,Unknown,Unknown,0,0,Truck,0
DEL15185,Unknown,Unknown,0,0,Truck,0
DEL15186,Unknown,Unknown,0,0,Truck,0
DEL15187,Unknown,Unknown,0,0,Truck,0
DEL15188,Unknown,Unknown,0,0,Truck,0
DEL15189,Unknown,Unknown,0,0,Truck,0
DEL15190,Unknown,Unknown,0,0,Truck,0
DEL15191,Unknown,Unknown,0,0,Truck,0
DEL15192,Unknown,Unknown,0,0,Truck,0
DEL15193,Unknown,Unknown,0,0,Truck,0
DEL15194,Unknown,Unknown,0,0,Truck,0
DEL15195,Unknown,Unknown,0,0,Truck,0
DEL15196,Unknown,Unknown,0,0,Truck,0
DEL15197,Unknown,Unknown,0,0,Truck,0
DEL15198,Unknown,Unknown,0,0,Truck,0
DEL15199,Unknown,Unknown,0,0,Truck,0
DEL15200,Unknown,Unknown,0,0,Truck,0
DEL15201,Unknown,Unknown,0,0,Truck,0
DEL15202,Unknown,Unknown,0,0,Truck,0
DEL15203,Unknown,Unknown,0,0,Truck,0
DEL15204,Unknown,Unknown,0,0,Truck,0
DEL15205,Unknown,Unknown,0,0,Truck,0
DEL15206,Unknown,Unknown,0,0,Truck,0
DEL15207,Unknown,Unknown,0,0,Truck,0
DEL15208,Unknown,Unknown,0,0,Truck,0
DEL15209,Unknown,Unknown,0,0,Truck,0
DEL15210,Unknown,Unknown,0,0,Truck,0
DEL15211,Unknown,Unknown,0,0,Truck,0
DEL15212,Unknown,Unknown,0,0,Truck,0
DEL15213,Unknown,Unknown,0,0,Truck,0
DEL15214,Unknown,Unknown,0,0,Truck,0
DEL15215,Unknown,Unknown,0,0,Truck,0
DEL15216,Unknown,Unknown,0,0,Truck,0
DEL15217,Unknown,Unknown,0,0,Truck,0
DEL15218,Unknown,Unknown,0,0,Truck,0
DEL15219,Unknown,Unknown,0,0,Truck,0
DEL15220,Unknown,Unknown,0,0,Truck,0
DEL15221,Unknown,Unknown,0,0,Truck,0
DEL15222,Unknown,Unknown,0,0,Truck,0
DEL15223,Unknown,Unknown,0,0,Truck,0
DEL15224,Unknown,Unknown,0,0,Truck,0
DEL15225,Unknown,Unknown,0,0,Truck,0
DEL15226,Unknown,Unknown,0,0,Truck,0
DEL15227,Unknown,Unknown,0,0,Truck,0
DEL15228,Unknown,Unknown,0,0,Truck,0
DEL15229,Unknown,Unknown,0,0,Truck,0
DEL15230,Unknown,Unknown,0,0,Truck,0
DEL15231,Unknown,Unknown,0,0,Truck,0
DEL15232,Unknown,Unknown,0,0,Truck,0
DEL15233,Unknown,Unknown,0,0,Truck,0
DEL15234,Unknown,Unknown,0,0,Truck,0
DEL15235,Unknown,Unknown,0,0,Truck,0
DEL15236,Unknown,Unknown,0,0,Truck,0
DEL15237,Unknown,Unknown,0,0,Truck,0
DEL15238,Unknown,Unknown,0,0,Truck,0
DEL15239,Unknown,Unknown,0,0,Truck,0
DEL15240,Unknown,Unknown,0,0,Truck,0
DEL15241,Unknown,Unknown,0,0,Truck,0
DEL15242,Unknown,Unknown,0,0,Truck,0
DEL15243,Unknown,Unknown,0,0,Truck,0
DEL15244,Unknown,Unknown,0,0,Truck,0
DEL15245,Unknown,Unknown,0,0,Truck,0
DEL15246,Unknown,Unknown,0,0,Truck,0
DEL15247,Unknown,Unknown,0,0,Truck,0
DEL15248,Unknown,Unknown,0,0,Truck,0
DEL15249,Unknown,Unknown,0,0,Truck,0
DEL15250,Unknown,Unknown,0,0,Truck,0
DEL15251,Unknown,Unknown,0,0,Truck,0
DEL15252,Unknown,Unknown,0,0,Truck,0
DEL15253,Unknown,Unknown,0,0,Truck,0
DEL15254,Unknown,Unknown,0,0,Truck,0
DEL15255,Unknown,Unknown,0,0,Truck,0
DEL15256,Unknown,Unknown,0,0,Truck,0
DEL15257,Unknown,Unknown,0,0,Truck,0
DEL15258,Unknown,Unknown,0,0,Truck,0
DEL15259,Unknown,Unknown,0,0,Truck,0
DEL15260,Unknown,Unknown,0,0,Truck,0
DEL15261,Unknown,Unknown,0,0,Truck,0
DEL15262,Unknown,Unknown,0,0,Truck,0
DEL15263,Unknown,Unknown,0,0,Truck,0
DEL15264,Unknown,Unknown,0,0,Truck,0
DEL15265,Unknown,Unknown,0,0,Truck,0
DEL15266,Unknown,Unknown,0,0,Truck,0
DEL15267,Unknown,Unknown,0,0,Truck,0
DEL15268,Unknown,Unknown,0,0,Truck,0
DEL15269,Unknown,Unknown,0,0,Truck,0
DEL15270,Unknown,Unknown,0,0,Truck,0
DEL15271,Unknown,Unknown,0,0,Truck,0
DEL15272,Unknown,Unknown,0,0,Truck,0
DEL15273,Unknown,Unknown,0,0,Truck,0
DEL15274,Unknown,Unknown,0,0,Truck,0
DEL15275,Unknown,Unknown,0,0,Truck,0
DEL15276,Unknown,Unknown,0,0,Truck,0
DEL15277,Unknown,Unknown,0,0,Truck,0
DEL15278,Unknown,Unknown,0,0,Truck,0
DEL15279,Unknown,Unknown,0,0,Truck,0
DEL15280,Unknown,Unknown,0,0,Truck,0
DEL15281,Unknown,Unknown,0,0,Truck,0
DEL15282,Unknown,Unknown,0,0,Truck,0
DEL15283,Unknown,Unknown,0,0,Truck,0
DEL15284,Unknown,Unknown,0,0,Truck,0
DEL15285,Unknown,Unknown,0,0,Truck,0
DEL15286,Unknown,Unknown,0,0,Truck,0
DEL15287,Unknown,Unknown,0,0,Truck,0
DEL15288,Unknown,Unknown,0,0,Truck,0
DEL15289,Unknown,Unknown,0,0,Truck,0
DEL15290,Unknown,Unknown,0,0,Truck,0
DEL15291,Unknown,Unknown,0,0,Truck,0
DEL15292,Unknown,Unknown,0,0,Truck,0
DEL15293,Unknown,Unknown,0,0,Truck,0
DEL15294,Unknown,Unknown,0,0,Truck,0
DEL15295,Unknown,Unknown,0,0,Truck,0
DEL15296,Unknown,Unknown,0,0,Truck,0
DEL15297,Unknown,Unknown,0,0,Truck,0
DEL15298,Unknown,Unknown,0,0,Truck,0
DEL15299,Unknown,Unknown,0,0,Truck,0
DEL15300,Unknown,Unknown,0,0,Truck,0
DEL15301,Unknown,Unknown,0,0,Truck,0
DEL15302,Unknown,Unknown,0,0,Truck,0
DEL15303,Unknown,Unknown,0,0,Truck,0
DEL15304,Unknown,Unknown,0,0,Truck,0
DEL15305,Unknown,Unknown,0,0,Truck,0
DEL15306,Unknown,Unknown,0,0,Truck,0
DEL15307,Unknown,Unknown,0,0,Truck,0
DEL15308,Unknown,Unknown,0,0,Truck,0
DEL15309,Unknown,Unknown,0,0,Truck,0
DEL15310,Unknown,Unknown,0,0,Truck,0
DEL15311,Unknown,Unknown,0,0,Truck,0
DEL15312,Unknown,Unknown,0,0,Truck,0
DEL15313,Unknown,Unknown,0,0,Truck,0
DEL15314,Unknown,Unknown,0,0,Truck,0
DEL15315,Unknown,Unknown,0,0,Truck,0
DEL15316,Unknown,Unknown,0,0,Truck,0
DEL15317,Unknown,Unknown,0,0,Truck,0
DEL15318,Unknown,Unknown,0,0,Truck,0
DEL15319,Unknown,Unknown,0,0,Truck,0
DEL15320,Unknown,Unknown,0,0,Truck,0
DEL15321,Unknown,Unknown,0,0,Truck,0
DEL15322,Unknown,Unknown,0,0,Truck,0
DEL15323,Unknown,Unknown,0,0,Truck,0
DEL15324,Unknown,Unknown,0,0,Truck,0
DEL15325,Unknown,Unknown,0,0,Truck,0
DEL15326,Unknown,Unknown,0,0,Truck,0
DEL15327,Unknown,Unknown,0,0,Truck,0
DEL15328,Unknown,Unknown,0,0,Truck,0
DEL15329,Unknown,Unknown,0,0,Truck,0
DEL15330,Unknown,Unknown,0,0,Truck,0
DEL15331,Unknown,Unknown,0,0,Truck,0
DEL15332,Unknown,Unknown,0,0,Truck,0
DEL15333,Unknown,Unknown,0,0,Truck,0
DEL15334,Unknown,Unknown,0,0,Truck,0
DEL15335,Unknown,Unknown,0,0,Truck,0
DEL15336,Unknown,Unknown,0,0,Truck,0
DEL15337,Unknown,Unknown,0,0,Truck,0
DEL15338,Unknown,Unknown,0,0,Truck,0
DEL15339,Unknown,Unknown,0,0,Truck,0
DEL15340,Unknown,Unknown,0,0,Truck,0
DEL15341,Unknown,Unknown,0,0,Truck,0
DEL15342,Unknown,Unknown,0,0,Truck,0
DEL15343,Unknown,Unknown,0,0,Truck,0
DEL15344,Unknown,Unknown,0,0,Truck,0
DEL15345,Unknown,Unknown,0,0,Truck,0
DEL15346,Unknown,Unknown,0,0,Truck,0
DEL15347,Unknown,Unknown,0,0,Truck,0
DEL15348,Unknown,Unknown,0,0,Truck,0
DEL15349,Unknown,Unknown,0,0,Truck,0
DEL15350,Unknown,Unknown,0,0,Truck,0
DEL15351,Unknown,Unknown,0,0,Truck,0
DEL15352,Unknown,Unknown,0,0,Truck,0
DEL15353,Unknown,Unknown,0,0,Truck,0
DEL15354,Unknown,Unknown,0,0,Truck,0
DEL15355,Unknown,Unknown,0,0,Truck,0
DEL15356,Unknown,Unknown,0,0,Truck,0
DEL15357,Unknown,Unknown,0,0,Truck,0
DEL15358,Unknown,Unknown,0,0,Truck,0
DEL15359,Unknown,Unknown,0,0,Truck,0
DEL15360,Unknown,Unknown,0,0,Truck,0
DEL15361,Unknown,Unknown,0,0,Truck,0
DEL15362,Unknown,Unknown,0,0,Truck,0
DEL15363,Unknown,Unknown,0,0,Truck,0
DEL15364,Unknown,Unknown,0,0,Truck,0
DEL15365,Unknown,Unknown,0,0,Truck,0
DEL15366,Unknown,Unknown,0,0,Truck,0
DEL15367,Unknown,Unknown,0,0,Truck,0
DEL15368,Unknown,Unknown,0,0,Truck,0
DEL15369,Unknown,Unknown,0,0,Truck,0
DEL15370,Unknown,Unknown,0,0,Truck,0
DEL15371,Unknown,Unknown,0,0,Truck,0
DEL15372,Unknown,Unknown,0,0,Truck,0
DEL15373,Unknown,Unknown,0,0,Truck,0
DEL15374,Unknown,Unknown,0,0,Truck,0
DEL15375,Unknown,Unknown,0,0,Truck,0
DEL15376,Unknown,Unknown,0,0,Truck,0
DEL15377,Unknown,Unknown,0,0,Truck,0
DEL15378,Unknown,Unknown,0,0,Truck,0
DEL15379,Unknown,Unknown,0,0,Truck,0
DEL15380,Unknown,Unknown,0,0,Truck,0
DEL15381,Unknown,Unknown,0,0,Truck,0
DEL15382,Unknown,Unknown,0,0,Truck,0
DEL15383,Unknown,Unknown,0,0,Truck,0
DEL15384,Unknown,Unknown,0,0,Truck,0
DEL15385,Unknown,Unknown,0,0,Truck,0
DEL15386,Unknown,Unknown,0,0,Truck,0
DEL15387,Unknown,Unknown,0,0,Truck,0
DEL15388,Unknown,Unknown,0,0,Truck,0
DEL15389,Unknown,Unknown,0,0,Truck,0
DEL15390,Unknown,Unknown,0,0,Truck,0
DEL15391,Unknown,Unknown,0,0,Truck,0
DEL15392,Unknown,Unknown,0,0,Truck,0
DEL15393,Unknown,Unknown,0,0,Truck,0
DEL15394,Unknown,Unknown,0,0,Truck,0
DEL15395,Unknown,Unknown,0,0,Truck,0
DEL15396,Unknown,Unknown,0,0,Truck,0
DEL15397,Unknown,Unknown,0,0,Truck,0
DEL15398,Unknown,Unknown,0,0,Truck,0
DEL15399,Unknown,Unknown,0,0,Truck,0
DEL15400,Unknown,Unknown,0,0,Truck,0
DEL15401,Unknown,Unknown,0,0,Truck,0
DEL15402,Unknown,Unknown,0,0,Truck,0
DEL15403,Unknown,Unknown,0,0,Truck,0
DEL15404,Unknown,Unknown,0,0,Truck,0
DEL15405,Unknown,Unknown,0,0,Truck,0
DEL15406,Unknown,Unknown,0,0,Truck,0
DEL15407,Unknown,Unknown,0,0,Truck,0
DEL15408,Unknown,Unknown,0,0,Truck,0
DEL15409,Unknown,Unknown,0,0,Truck,0
DEL15410,Unknown,Unknown,0,0,Truck,0
DEL15411,Unknown,Unknown,0,0,Truck,0
DEL15412,Unknown,Unknown,0,0,Truck,0
DEL15413,Unknown,Unknown,0,0,Truck,0
DEL15414,Unknown,Unknown,0,0,Truck,0
DEL15415,Unknown,Unknown,0,0,Truck,0
DEL15416,Unknown,Unknown,0,0,Truck,0
DEL15417,Unknown,Unknown,0,0,Truck,0
DEL15418,Unknown,Unknown,0,0,Truck,0
DEL15419,Unknown,Unknown,0,0,Truck,0
DEL15420,Unknown,Unknown,0,0,Truck,0
DEL15421,Unknown,Unknown,0,0,Truck,0
DEL15422,Unknown,Unknown,0,0,Truck,0
DEL15423,Unknown,Unknown,0,0,Truck,0
DEL15424,Unknown,Unknown,0,0,Truck,0
DEL15425,Unknown,Unknown,0,0,Truck,0
DEL15426,Unknown,Unknown,0,0,Truck,0
DEL15427,Unknown,Unknown,0,0,Truck,0
DEL15428,Unknown,Unknown,0,0,Truck,0
DEL15429,Unknown,Unknown,0,0,Truck,0
DEL15430,Unknown,Unknown,0,0,Truck,0
DEL15431,Unknown,Unknown,0,0,Truck,0
DEL15432,Unknown,Unknown,0,0,Truck,0
DEL15433,Unknown,Unknown,0,0,Truck,0
DEL15434,Unknown,Unknown,0,0,Truck,0
DEL15435,Unknown,Unknown,0,0,Truck,0
DEL15436,Unknown,Unknown,0,0,Truck,0
DEL15437,Unknown,Unknown,0,0,Truck,0
DEL15438,Unknown,Unknown,0,0,Truck,0
DEL15439,Unknown,Unknown,0,0,Truck,0
DEL15440,Unknown,Unknown,0,0,Truck,0
DEL15441,Unknown,Unknown,0,0,Truck,0
DEL15442,Unknown,Unknown,0,0,Truck,0
DEL15443,Unknown,Unknown,0,0,Truck,0
DEL15444,Unknown,Unknown,0,0,Truck,0
DEL15445,Unknown,Unknown,0,0,Truck,0
DEL15446,Unknown,Unknown,0,0,Truck,0
DEL15447,Unknown,Unknown,0,0,Truck,0
DEL15448,Unknown,Unknown,0,0,Truck,0
DEL15449,Unknown,Unknown,0,0,Truck,0
DEL15450,Unknown,Unknown,0,0,Truck,0
DEL15451,Unknown,Unknown,0,0,Truck,0
DEL15452,Unknown,Unknown,0,0,Truck,0
DEL15453,Unknown,Unknown,0,0,Truck,0
DEL15454,Unknown,Unknown,0,0,Truck,0
DEL15455,Unknown,Unknown,0,0,Truck,0
DEL15456,Unknown,Unknown,0,0,Truck,0
DEL15457,Unknown,Unknown,0,0,Truck,0
DEL15458,Unknown,Unknown,0,0,Truck,0
DEL15459,Unknown,Unknown,0,0,Truck,0
DEL15460,Unknown,Unknown,0,0,Truck,0
DEL15461,Unknown,Unknown,0,0,Truck,0
DEL15462,Unknown,Unknown,0,0,Truck,0
DEL15463,Unknown,Unknown,0,0,Truck,0
DEL15464,Unknown,Unknown,0,0,Truck,0
DEL15465,Unknown,Unknown,0,0,Truck,0
DEL15466,Unknown,Unknown,0,0,Truck,0
DEL15467,Unknown,Unknown,0,0,Truck,0
DEL15468,Unknown,Unknown,0,0,Truck,0
DEL15469,Unknown,Unknown,0,0,Truck,0
DEL15470,Unknown,Unknown,0,0,Truck,0
DEL15471,Unknown,Unknown,0,0,Truck,0
DEL15472,Unknown,Unknown,0,0,Truck,0
DEL15473,Unknown,Unknown,0,0,Truck,0
DEL15474,Unknown,Unknown,0,0,Truck,0
DEL15475,Unknown,Unknown,0,0,Truck,0
DEL15476,Unknown,Unknown,0,0,Truck,0
DEL15477,Unknown,Unknown,0,0,Truck,0
DEL15478,Unknown,Unknown,0,0,Truck,0
DEL15479,Unknown,Unknown,0,0,Truck,0
DEL15480,Unknown,Unknown,0,0,Truck,0
DEL15481,Unknown,Unknown,0,0,Truck,0
DEL15482,Unknown,Unknown,0,0,Truck,0
DEL15483,Unknown,Unknown,0,0,Truck,0
DEL15484,Unknown,Unknown,0,0,Truck,0
DEL15485,Unknown,Unknown,0,0,Truck,0
DEL15486,Unknown,Unknown,0,0,Truck,0
DEL15487,Unknown,Unknown,0,0,Truck,0
DEL15488,Unknown,Unknown,0,0,Truck,0
DEL15489,Unknown,Unknown,0,0,Truck,0
DEL15490,Unknown,Unknown,0,0,Truck,0
DEL15491,Unknown,Unknown,0,0,Truck,0
DEL15492,Unknown,Unknown,0,0,Truck,0
DEL15493,Unknown,Unknown,0,0,Truck,0
DEL15494,Unknown,Unknown,0,0,Truck,0
DEL15495,Unknown,Unknown,0,0,Truck,0
DEL15496,Unknown,Unknown,0,0,Truck,0
DEL15497,Unknown,Unknown,0,0,Truck,0
DEL15498,Unknown,Unknown,0,0,Truck,0
DEL15499,Unknown,Unknown,0,0,Truck,0
DEL15500,Unknown,Unknown,0,0,Truck,0
DEL15501,Unknown,Unknown,0,0,Truck,0
DEL15502,Unknown,Unknown,0,0,Truck,0
DEL15503,Unknown,Unknown,0,0,Truck,0
DEL15504,Unknown,Unknown,0,0,Truck,0
DEL15505,Unknown,Unknown,0,0,Truck,0
DEL15506,Unknown,Unknown,0,0,Truck,0
DEL15507,Unknown,Unknown,0,0,Truck,0
DEL15508,Unknown,Unknown,0,0,Truck,0
DEL15509,Unknown,Unknown,0,0,Truck,0
DEL15510,Unknown,Unknown,0,0,Truck,0
DEL15511,Unknown,Unknown,0,0,Truck,0
DEL15512,Unknown,Unknown,0,0,Truck,0
DEL15513,Unknown,Unknown,0,0,Truck,0
DEL15514,Unknown,Unknown,0,0,Truck,0
DEL15515,Unknown,Unknown,0,0,Truck,0
DEL15516,Unknown,Unknown,0,0,Truck,0
DEL15517,Unknown,Unknown,0,0,Truck,0
DEL15518,Unknown,Unknown,0,0,Truck,0
DEL15519,Unknown,Unknown,0,0,Truck,0
DEL15520,Unknown,Unknown,0,0,Truck,0
DEL15521,Unknown,Unknown,0,0,Truck,0
DEL15522,Unknown,Unknown,0,0,Truck,0
DEL15523,Unknown,Unknown,0,0,Truck,0
DEL15524,Unknown,Unknown,0,0,Truck,0
DEL15525,Unknown,Unknown,0,0,Truck,0
DEL15526,Unknown,Unknown,0,0,Truck,0
DEL15527,Unknown,Unknown,0,0,Truck,0
DEL15528,Unknown,Unknown,0,0,Truck,0
DEL15529,Unknown,Unknown,0,0,Truck,0
DEL15530,Unknown,Unknown,0,0,Truck,0
DEL15531,Unknown,Unknown,0,0,Truck,0
DEL15532,Unknown,Unknown,0,0,Truck,0
DEL15533,Unknown,Unknown,0,0,Truck,0
DEL15534,Unknown,Unknown,0,0,Truck,0
DEL15535,Unknown,Unknown,0,0,Truck,0
DEL15536,Unknown,Unknown,0,0,Truck,0
DEL15537,Unknown,Unknown,0,0,Truck,0
DEL15538,Unknown,Unknown,0,0,Truck,0
DEL15539,Unknown,Unknown,0,0,Truck,0
DEL15540,Unknown,Unknown,0,0,Truck,0
DEL15541,Unknown,Unknown,0,0,Truck,0
DEL15542,Unknown,Unknown,0,0,Truck,0
DEL15543,Unknown,Unknown,0,0,Truck,0
DEL15544,Unknown,Unknown,0,0,Truck,0
DEL15545,Unknown,Unknown,0,0,Truck,0
DEL15546,Unknown,Unknown,0,0,Truck,0
DEL15547,Unknown,Unknown,0,0,Truck,0
DEL15548,Unknown,Unknown,0,0,Truck,0
DEL15549,Unknown,Unknown,0,0,Truck,0
DEL15550,Unknown,Unknown,0,0,Truck,0
DEL15551,Unknown,Unknown,0,0,Truck,0
DEL15552,Unknown,Unknown,0,0,Truck,0
DEL15553,Unknown,Unknown,0,0,Truck,0
DEL15554,Unknown,Unknown,0,0,Truck,0
DEL15555,Unknown,Unknown,0,0,Truck,0
DEL15556,Unknown,Unknown,0,0,Truck,0
DEL15557,Unknown,Unknown,0,0,Truck,0
DEL15558,Unknown,Unknown,0,0,Truck,0
DEL15559,Unknown,Unknown,0,0,Truck,0
DEL15560,Unknown,Unknown,0,0,Truck,0
DEL15561,Unknown,Unknown,0,0,Truck,0
DEL15562,Unknown,Unknown,0,0,Truck,0
DEL15563,Unknown,Unknown,0,0,Truck,0
DEL15564,Unknown,Unknown,0,0,Truck,0
DEL15565,Unknown,Unknown,0,0,Truck,0
DEL15566,Unknown,Unknown,0,0,Truck,0
DEL15567,Unknown,Unknown,0,0,Truck,0
DEL15568,Unknown,Unknown,0,0,Truck,0
DEL15569,Unknown,Unknown,0,0,Truck,0
DEL15570,Unknown,Unknown,0,0,Truck,0
DEL15571,Unknown,Unknown,0,0,Truck,0
DEL15572,Unknown,Unknown,0,0,Truck,0
DEL15573,Unknown,Unknown,0,0,Truck,0
DEL15574,Unknown,Unknown,0,0,Truck,0
DEL15575,Unknown,Unknown,0,0,Truck,0
DEL15576,Unknown,Unknown,0,0,Truck,0
DEL15577,Unknown,Unknown,0,0,Truck,0
DEL15578,Unknown,Unknown,0,0,Truck,0
DEL15579,Unknown,Unknown,0,0,Truck,0
DEL15580,Unknown,Unknown,0,0,Truck,0
DEL15581,Unknown,Unknown,0,0,Truck,0
DEL15582,Unknown,Unknown,0,0,Truck,0
DEL15583,Unknown,Unknown,0,0,Truck,0
DEL15584,Unknown,Unknown,0,0,Truck,0
DEL15585,Unknown,Unknown,0,0,Truck,0
DEL15586,Unknown,Unknown,0,0,Truck,0
DEL15587,Unknown,Unknown,0,0,Truck,0
DEL15588,Unknown,Unknown,0,0,Truck,0
DEL15589,Unknown,Unknown,0,0,Truck,0
DEL15590,Unknown,Unknown,0,0,Truck,0
DEL15591,Unknown,Unknown,0,0,Truck,0
DEL15592,Unknown,Unknown,0,0,Truck,0
DEL15593,Unknown,Unknown,0,0,Truck,0
DEL15594,Unknown,Unknown,0,0,Truck,0
DEL15595,Unknown,Unknown,0,0,Truck,0
DEL15596,Unknown,Unknown,0,0,Truck,0
DEL15597,Unknown,Unknown,0,0,Truck,0
DEL15598,Unknown,Unknown,0,0,Truck,0
DEL15599,Unknown,Unknown,0,0,Truck,0
DEL15600,Unknown,Unknown,0,0,Truck,0
DEL15601,Unknown,Unknown,0,0,Truck,0
DEL15602,Unknown,Unknown,0,0,Truck,0
DEL15603,Unknown,Unknown,0,0,Truck,0
DEL15604,Unknown,Unknown,0,0,Truck,0
DEL15605,Unknown,Unknown,0,0,Truck,0
DEL15606,Unknown,Unknown,0,0,Truck,0
DEL15607,Unknown,Unknown,0,0,Truck,0
DEL15608,Unknown,Unknown,0,0,Truck,0
DEL15609,Unknown,Unknown,0,0,Truck,0
DEL15610,Unknown,Unknown,0,0,Truck,0
DEL15611,Unknown,Unknown,0,0,Truck,0
DEL15612,Unknown,Unknown,0,0,Truck,0
DEL15613,Unknown,Unknown,0,0,Truck,0
DEL15614,Unknown,Unknown,0,0,Truck,0
DEL15615,Unknown,Unknown,0,0,Truck,0
DEL15616,Unknown,Unknown,0,0,Truck,0
DEL15617,Unknown,Unknown,0,0,Truck,0
DEL15618,Unknown,Unknown,0,0,Truck,0
DEL15619,Unknown,Unknown,0,0,Truck,0
DEL15620,Unknown,Unknown,0,0,Truck,0
DEL15621,Unknown,Unknown,0,0,Truck,0
DEL15622,Unknown,Unknown,0,0,Truck,0
DEL15623,Unknown,Unknown,0,0,Truck,0
DEL15624,Unknown,Unknown,0,0,Truck,0
DEL15625,Unknown,Unknown,0,0,Truck,0
DEL15626,Unknown,Unknown,0,0,Truck,0
DEL15627,Unknown,Unknown,0,0,Truck,0
DEL15628,Unknown,Unknown,0,0,Truck,0
DEL15629,Unknown,Unknown,0,0,Truck,0
DEL15630,Unknown,Unknown,0,0,Truck,0
DEL15631,Unknown,Unknown,0,0,Truck,0
DEL15632,Unknown,Unknown,0,0,Truck,0
DEL15633,Unknown,Unknown,0,0,Truck,0
DEL15634,Unknown,Unknown,0,0,Truck,0
DEL15635,Unknown,Unknown,0,0,Truck,0
DEL15636,Unknown,Unknown,0,0,Truck,0
DEL15637,Unknown,Unknown,0,0,Truck,0
DEL15638,Unknown,Unknown,0,0,Truck,0
DEL15639,Unknown,Unknown,0,0,Truck,0
DEL15640,Unknown,Unknown,0,0,Truck,0
DEL15641,Unknown,Unknown,0,0,Truck,0
DEL15642,Unknown,Unknown,0,0,Truck,0
DEL15643,Unknown,Unknown,0,0,Truck,0
DEL15644,Unknown,Unknown,0,0,Truck,0
DEL15645,Unknown,Unknown,0,0,Truck,0
DEL15646,Unknown,Unknown,0,0,Truck,0
DEL15647,Unknown,Unknown,0,0,Truck,0
DEL15648,Unknown,Unknown,0,0,Truck,0
DEL15649,Unknown,Unknown,0,0,Truck,0
DEL15650,Unknown,Unknown,0,0,Truck,0
DEL15651,Unknown,Unknown,0,0,Truck,0
DEL15652,Unknown,Unknown,0,0,Truck,0
DEL15653,Unknown,Unknown,0,0,Truck,0
DEL15654,Unknown,Unknown,0,0,Truck,0
DEL15655,Unknown,Unknown,0,0,Truck,0
DEL15656,Unknown,Unknown,0,0,Truck,0
DEL15657,Unknown,Unknown,0,0,Truck,0
DEL15658,Unknown,Unknown,0,0,Truck,0
DEL15659,Unknown,Unknown,0,0,Truck,0
DEL15660,Unknown,Unknown,0,0,Truck,0
DEL15661,Unknown,Unknown,0,0,Truck,0
DEL15662,Unknown,Unknown,0,0,Truck,0
DEL15663,Unknown,Unknown,0,0,Truck,0
DEL15664,Unknown,Unknown,0,0,Truck,0
DEL15665,Unknown,Unknown,0,0,Truck,0
DEL15666,Unknown,Unknown,0,0,Truck,0
DEL15667,Unknown,Unknown,0,0,Truck,0
DEL15668,Unknown,Unknown,0,0,Truck,0
DEL15669,Unknown,Unknown,0,0,Truck,0
DEL15670,Unknown,Unknown,0,0,Truck,0
DEL15671,Unknown,Unknown,0,0,Truck,0
DEL15672,Unknown,Unknown,0,0,Truck,0
DEL15673,Unknown,Unknown,0,0,Truck,0
DEL15674,Unknown,Unknown,0,0,Truck,0
DEL15675,Unknown,Unknown,0,0,Truck,0
DEL15676,Unknown,Unknown,0,0,Truck,0
DEL15677,Unknown,Unknown,0,0,Truck,0
DEL15678,Unknown,Unknown,0,0,Truck,0
DEL15679,Unknown,Unknown,0,0,Truck,0
DEL15680,Unknown,Unknown,0,0,Truck,0
DEL15681,Unknown,Unknown,0,0,Truck,0
DEL15682,Unknown,Unknown,0,0,Truck,0
DEL15683,Unknown,Unknown,0,0,Truck,0
DEL15684,Unknown,Unknown,0,0,Truck,0
DEL15685,Unknown,Unknown,0,0,Truck,0
DEL15686,Unknown,Unknown,0,0,Truck,0
DEL15687,Unknown,Unknown,0,0,Truck,0
DEL15688,Unknown,Unknown,0,0,Truck,0
DEL15689,Unknown,Unknown,0,0,Truck,0
DEL15690,Unknown,Unknown,0,0,Truck,0
DEL15691,Unknown,Unknown,0,0,Truck,0
DEL15692,Unknown,Unknown,0,0,Truck,0
DEL15693,Unknown,Unknown,0,0,Truck,0
DEL15694,Unknown,Unknown,0,0,Truck,0
DEL15695,Unknown,Unknown,0,0,Truck,0
DEL15696,Unknown,Unknown,0,0,Truck,0
DEL15697,Unknown,Unknown,0,0,Truck,0
DEL15698,Unknown,Unknown,0,0,Truck,0
DEL15699,Unknown,Unknown,0,0,Truck,0
DEL15700,Unknown,Unknown,0,0,Truck,0
DEL15701,Unknown,Unknown,0,0,Truck,0
DEL15702,Unknown,Unknown,0,0,Truck,0
DEL15703,Unknown,Unknown,0,0,Truck,0
DEL15704,Unknown,Unknown,0,0,Truck,0
DEL15705,Unknown,Unknown,0,0,Truck,0
DEL15706,Unknown,Unknown,0,0,Truck,0
DEL15707,Unknown,Unknown,0,0,Truck,0
DEL15708,Unknown,Unknown,0,0,Truck,0
DEL15709,Unknown,Unknown,0,0,Truck,0
DEL15710,Unknown,Unknown,0,0,Truck,0
DEL15711,Unknown,Unknown,0,0,Truck,0
DEL15712,Unknown,Unknown,0,0,Truck,0
DEL15713,Unknown,Unknown,0,0,Truck,0
DEL15714,Unknown,Unknown,0,0,Truck,0
DEL15715,Unknown,Unknown,0,0,Truck,0
DEL15716,Unknown,Unknown,0,0,Truck,0
DEL15717,Unknown,Unknown,0,0,Truck,0
DEL15718,Unknown,Unknown,0,0,Truck,0
DEL15719,Unknown,Unknown,0,0,Truck,0
DEL15720,Unknown,Unknown,0,0,Truck,0
DEL15721,Unknown,Unknown,0,0,Truck,0
DEL15722,Unknown,Unknown,0,0,Truck,0
DEL15723,Unknown,Unknown,0,0,Truck,0
DEL15724,Unknown,Unknown,0,0,Truck,0
DEL15725,Unknown,Unknown,0,0,Truck,0
DEL15726,Unknown,Unknown,0,0,Truck,0
DEL15727,Unknown,Unknown,0,0,Truck,0
DEL15728,Unknown,Unknown,0,0,Truck,0
DEL15729,Unknown,Unknown,0,0,Truck,0
DEL15730,Unknown,Unknown,0,0,Truck,0
DEL15731,Unknown,Unknown,0,0,Truck,0
DEL15732,Unknown,Unknown,0,0,Truck,0
DEL15733,Unknown,Unknown,0,0,Truck,0
DEL15734,Unknown,Unknown,0,0,Truck,0
DEL15735,Unknown,Unknown,0,0,Truck,0
DEL15736,Unknown,Unknown,0,0,Truck,0
DEL15737,Unknown,Unknown,0,0,Truck,0
DEL15738,Unknown,Unknown,0,0,Truck,0
DEL15739,Unknown,Unknown,0,0,Truck,0
DEL15740,Unknown,Unknown,0,0,Truck,0
DEL15741,Unknown,Unknown,0,0,Truck,0
DEL15742,Unknown,Unknown,0,0,Truck,0
DEL15743,Unknown,Unknown,0,0,Truck,0
DEL15744,Unknown,Unknown,0,0,Truck,0
DEL15745,Unknown,Unknown,0,0,Truck,0
DEL15746,Unknown,Unknown,0,0,Truck,0
DEL15747,Unknown,Unknown,0,0,Truck,0
DEL15748,Unknown,Unknown,0,0,Truck,0
DEL15749,Unknown,Unknown,0,0,Truck,0
DEL15750,Unknown,Unknown,0,0,Truck,0
DEL15751,Unknown,Unknown,0,0,Truck,0
DEL15752,Unknown,Unknown,0,0,Truck,0
DEL15753,Unknown,Unknown,0,0,Truck,0
DEL15754,Unknown,Unknown,0,0,Truck,0
DEL15755,Unknown,Unknown,0,0,Truck,0
DEL15756,Unknown,Unknown,0,0,Truck,0
DEL15757,Unknown,Unknown,0,0,Truck,0
DEL15758,Unknown,Unknown,0,0,Truck,0
DEL15759,Unknown,Unknown,0,0,Truck,0
DEL15760,Unknown,Unknown,0,0,Truck,0
DEL15761,Unknown,Unknown,0,0,Truck,0
DEL15762,Unknown,Unknown,0,0,Truck,0
DEL15763,Unknown,Unknown,0,0,Truck,0
DEL15764,Unknown,Unknown,0,0,Truck,0
DEL15765,Unknown,Unknown,0,0,Truck,0
DEL15766,Unknown,Unknown,0,0,Truck,0
DEL15767,Unknown,Unknown,0,0,Truck,0
DEL15768,Unknown,Unknown,0,0,Truck,0
DEL15769,Unknown,Unknown,0,0,Truck,0
DEL15770,Unknown,Unknown,0,0,Truck,0
DEL15771,Unknown,Unknown,0,0,Truck,0
DEL15772,Unknown,Unknown,0,0,Truck,0
DEL15773,Unknown,Unknown,0,0,Truck,0
DEL15774,Unknown,Unknown,0,0,Truck,0
DEL15775,Unknown,Unknown,0,0,Truck,0
DEL15776,Unknown,Unknown,0,0,Truck,0
DEL15777,Unknown,Unknown,0,0,Truck,0
DEL15778,Unknown,Unknown,0,0,Truck,0
DEL15779,Unknown,Unknown,0,0,Truck,0
DEL15780,Unknown,Unknown,0,0,Truck,0
DEL15781,Unknown,Unknown,0,0,Truck,0
DEL15782,Unknown,Unknown,0,0,Truck,0
DEL15783,Unknown,Unknown,0,0,Truck,0
DEL15784,Unknown,Unknown,0,0,Truck,0
DEL15785,Unknown,Unknown,0,0,Truck,0
DEL15786,Unknown,Unknown,0,0,Truck,0
DEL15787,Unknown,Unknown,0,0,Truck,0
DEL15788,Unknown,Unknown,0,0,Truck,0
DEL15789,Unknown,Unknown,0,0,Truck,0
DEL15790,Unknown,Unknown,0,0,Truck,0
DEL15791,Unknown,Unknown,0,0,Truck,0
DEL15792,Unknown,Unknown,0,0,Truck,0
DEL15793,Unknown,Unknown,0,0,Truck,0
DEL15794,Unknown,Unknown,0,0,Truck,0
DEL15795,Unknown,Unknown,0,0,Truck,0
DEL15796,Unknown,Unknown,0,0,Truck,0
DEL15797,Unknown,Unknown,0,0,Truck,0
DEL15798,Unknown,Unknown,0,0,Truck,0
DEL15799,Unknown,Unknown,0,0,Truck,0
DEL15800,Unknown,Unknown,0,0,Truck,0
DEL15801,Unknown,Unknown,0,0,Truck,0
DEL15802,Unknown,Unknown,0,0,Truck,0
DEL15803,Unknown,Unknown,0,0,Truck,0
DEL15804,Unknown,Unknown,0,0,Truck,0
DEL15805,Unknown,Unknown,0,0,Truck,0
DEL15806,Unknown,Unknown,0,0,Truck,0
DEL15807,Unknown,Unknown,0,0,Truck,0
DEL15808,Unknown,Unknown,0,0,Truck,0
DEL15809,Unknown,Unknown,0,0,Truck,0
DEL15810,Unknown,Unknown,0,0,Truck,0
DEL15811,Unknown,Unknown,0,0,Truck,0
DEL15812,Unknown,Unknown,0,0,Truck,0
DEL15813,Unknown,Unknown,0,0,Truck,0
DEL15814,Unknown,Unknown,0,0,Truck,0
DEL15815,Unknown,Unknown,0,0,Truck,0
DEL15816,Unknown,Unknown,0,0,Truck,0
DEL15817,Unknown,Unknown,0,0,Truck,0
DEL15818,Unknown,Unknown,0,0,Truck,0
DEL15819,Unknown,Unknown,0,0,Truck,0
DEL15820,Unknown,Unknown,0,0,Truck,0
DEL15821,Unknown,Unknown,0,0,Truck,0
DEL15822,Unknown,Unknown,0,0,Truck,0
DEL15823,Unknown,Unknown,0,0,Truck,0
DEL15824,Unknown,Unknown,0,0,Truck,0
DEL15825,Unknown,Unknown,0,0,Truck,0
DEL15826,Unknown,Unknown,0,0,Truck,0
DEL15827,Unknown,Unknown,0,0,Truck,0
DEL15828,Unknown,Unknown,0,0,Truck,0
DEL15829,Unknown,Unknown,0,0,Truck,0
DEL15830,Unknown,Unknown,0,0,Truck,0
DEL15831,Unknown,Unknown,0,0,Truck,0
DEL15832,Unknown,Unknown,0,0,Truck,0
DEL15833,Unknown,Unknown,0,0,Truck,0
DEL15834,Unknown,Unknown,0,0,Truck,0
DEL15835,Unknown,Unknown,0,0,Truck,0
DEL15836,Unknown,Unknown,0,0,Truck,0
DEL15837,Unknown,Unknown,0,0,Truck,0
DEL15838,Unknown,Unknown,0,0,Truck,0
DEL15839,Unknown,Unknown,0,0,Truck,0
DEL15840,Unknown,Unknown,0,0,Truck,0
DEL15841,Unknown,Unknown,0,0,Truck,0
DEL15842,Unknown,Unknown,0,0,Truck,0
DEL15843,Unknown,Unknown,0,0,Truck,0
DEL15844,Unknown,Unknown,0,0,Truck,0
DEL15845,Unknown,Unknown,0,0,Truck,0
DEL15846,Unknown,Unknown,0,0,Truck,0
DEL15847,Unknown,Unknown,0,0,Truck,0
DEL15848,Unknown,Unknown,0,0,Truck,0
DEL15849,Unknown,Unknown,0,0,Truck,0
DEL15850,Unknown,Unknown,0,0,Truck,0
DEL15851,Unknown,Unknown,0,0,Truck,0
DEL15852,Unknown,Unknown,0,0,Truck,0
DEL15853,Unknown,Unknown,0,0,Truck,0
DEL15854,Unknown,Unknown,0,0,Truck,0
DEL15855,Unknown,Unknown,0,0,Truck,0
DEL15856,Unknown,Unknown,0,0,Truck,0
DEL15857,Unknown,Unknown,0,0,Truck,0
DEL15858,Unknown,Unknown,0,0,Truck,0
DEL15859,Unknown,Unknown,0,0,Truck,0
DEL15860,Unknown,Unknown,0,0,Truck,0
DEL15861,Unknown,Unknown,0,0,Truck,0
DEL15862,Unknown,Unknown,0,0,Truck,0
DEL15863,Unknown,Unknown,0,0,Truck,0
DEL15864,Unknown,Unknown,0,0,Truck,0
DEL15865,Unknown,Unknown,0,0,Truck,0
DEL15866,Unknown,Unknown,0,0,Truck,0
DEL15867,Unknown,Unknown,0,0,Truck,0
DEL15868,Unknown,Unknown,0,0,Truck,0
DEL15869,Unknown,Unknown,0,0,Truck,0
DEL15870,Unknown,Unknown,0,0,Truck,0
DEL15871,Unknown,Unknown,0,0,Truck,0
DEL15872,Unknown,Unknown,0,0,Truck,0
DEL15873,Unknown,Unknown,0,0,Truck,0
DEL15874,Unknown,Unknown,0,0,Truck,0
DEL15875,Unknown,Unknown,0,0,Truck,0
DEL15876,Unknown,Unknown,0,0,Truck,0
DEL15877,Unknown,Unknown,0,0,Truck,0
DEL15878,Unknown,Unknown,0,0,Truck,0
DEL15879,Unknown,Unknown,0,0,Truck,0
DEL15880,Unknown,Unknown,0,0,Truck,0
DEL15881,Unknown,Unknown,0,0,Truck,0
DEL15882,Unknown,Unknown,0,0,Truck,0
DEL15883,Unknown,Unknown,0,0,Truck,0
DEL15884,Unknown,Unknown,0,0,Truck,0
DEL15885,Unknown,Unknown,0,0,Truck,0
DEL15886,Unknown,Unknown,0,0,Truck,0
DEL15887,Unknown,Unknown,0,0,Truck,0
DEL15888,Unknown,Unknown,0,0,Truck,0
DEL15889,Unknown,Unknown,0,0,Truck,0
DEL15890,Unknown,Unknown,0,0,Truck,0
DEL15891,Unknown,Unknown,0,0,Truck,0
DEL15892,Unknown,Unknown,0,0,Truck,0
DEL15893,Unknown,Unknown,0,0,Truck,0
DEL15894,Unknown,Unknown,0,0,Truck,0
DEL15895,Unknown,Unknown,0,0,Truck,0
DEL15896,Unknown,Unknown,0,0,Truck,0
DEL15897,Unknown,Unknown,0,0,Truck,0
DEL15898,Unknown,Unknown,0,0,Truck,0
DEL15899,Unknown,Unknown,0,0,Truck,0
DEL15900,Unknown,Unknown,0,0,Truck,0
DEL15901,Unknown,Unknown,0,0,Truck,0
DEL15902,Unknown,Unknown,0,0,Truck,0
DEL15903,Unknown,Unknown,0,0,Truck,0
DEL15904,Unknown,Unknown,0,0,Truck,0
DEL15905,Unknown,Unknown,0,0,Truck,0
DEL15906,Unknown,Unknown,0,0,Truck,0
DEL15907,Unknown,Unknown,0,0,Truck,0
DEL15908,Unknown,Unknown,0,0,Truck,0
DEL15909,Unknown,Unknown,0,0,Truck,0
DEL15910,Unknown,Unknown,0,0,Truck,0
DEL15911,Unknown,Unknown,0,0,Truck,0
DEL15912,Unknown,Unknown,0,0,Truck,0
DEL15913,Unknown,Unknown,0,0,Truck,0
DEL15914,Unknown,Unknown,0,0,Truck,0
DEL15915,Unknown,Unknown,0,0,Truck,0
DEL15916,Unknown,Unknown,0,0,Truck,0
DEL15917,Unknown,Unknown,0,0,Truck,0
DEL15918,Unknown,Unknown,0,0,Truck,0
DEL15919,Unknown,Unknown,0,0,Truck,0
DEL15920,Unknown,Unknown,0,0,Truck,0
DEL15921,Unknown,Unknown,0,0,Truck,0
DEL15922,Unknown,Unknown,0,0,Truck,0
DEL15923,Unknown,Unknown,0,0,Truck,0
DEL15924,Unknown,Unknown,0,0,Truck,0
DEL15925,Unknown,Unknown,0,0,Truck,0
DEL15926,Unknown,Unknown,0,0,Truck,0
DEL15927,Unknown,Unknown,0,0,Truck,0
DEL15928,Unknown,Unknown,0,0,Truck,0
DEL15929,Unknown,Unknown,0,0,Truck,0
DEL15930,Unknown,Unknown,0,0,Truck,0
DEL15931,Unknown,Unknown,0,0,Truck,0
DEL15932,Unknown,Unknown,0,0,Truck,0
DEL15933,Unknown,Unknown,0,0,Truck,0
DEL15934,Unknown,Unknown,0,0,Truck,0
DEL15935,Unknown,Unknown,0,0,Truck,0
DEL15936,Unknown,Unknown,0,0,Truck,0
DEL15937,Unknown,Unknown,0,0,Truck,0
DEL15938,Unknown,Unknown,0,0,Truck,0
DEL15939,Unknown,Unknown,0,0,Truck,0
DEL15940,Unknown,Unknown,0,0,Truck,0
DEL15941,Unknown,Unknown,0,0,Truck,0
DEL15942,Unknown,Unknown,0,0,Truck,0
DEL15943,Unknown,Unknown,0,0,Truck,0
DEL15944,Unknown,Unknown,0,0,Truck,0
DEL15945,Unknown,Unknown,0,0,Truck,0
DEL15946,Unknown,Unknown,0,0,Truck,0
DEL15947,Unknown,Unknown,0,0,Truck,0
DEL15948,Unknown,Unknown,0,0,Truck,0
DEL15949,Unknown,Unknown,0,0,Truck,0
DEL15950,Unknown,Unknown,0,0,Truck,0
DEL15951,Unknown,Unknown,0,0,Truck,0
DEL15952,Unknown,Unknown,0,0,Truck,0
DEL15953,Unknown,Unknown,0,0,Truck,0
DEL15954,Unknown,Unknown,0,0,Truck,0
DEL15955,Unknown,Unknown,0,0,Truck,0
DEL15956,Unknown,Unknown,0,0,Truck,0
DEL15957,Unknown,Unknown,0,0,Truck,0
DEL15958,Unknown,Unknown,0,0,Truck,0
DEL15959,Unknown,Unknown,0,0,Truck,0
DEL15960,Unknown,Unknown,0,0,Truck,0
DEL15961,Unknown,Unknown,0,0,Truck,0
DEL15962,Unknown,Unknown,0,0,Truck,0
DEL15963,Unknown,Unknown,0,0,Truck,0
DEL15964,Unknown,Unknown,0,0,Truck,0
DEL15965,Unknown,Unknown,0,0,Truck,0
DEL15966,Unknown,Unknown,0,0,Truck,0
DEL15967,Unknown,Unknown,0,0,Truck,0
DEL15968,Unknown,Unknown,0,0,Truck,0
DEL15969,Unknown,Unknown,0,0,Truck,0
DEL15970,Unknown,Unknown,0,0,Truck,0
DEL15971,Unknown,Unknown,0,0,Truck,0
DEL15972,Unknown,Unknown,0,0,Truck,0
DEL15973,Unknown,Unknown,0,0,Truck,0
DEL15974,Unknown,Unknown,0,0,Truck,0
DEL15975,Unknown,Unknown,0,0,Truck,0
DEL15976,Unknown,Unknown,0,0,Truck,0
DEL15977,Unknown,Unknown,0,0,Truck,0
DEL15978,Unknown,Unknown,0,0,Truck,0
DEL15979,Unknown,Unknown,0,0,Truck,0
DEL15980,Unknown,Unknown,0,0,Truck,0
DEL15981,Unknown,Unknown,0,0,Truck,0
DEL15982,Unknown,Unknown,0,0,Truck,0
DEL15983,Unknown,Unknown,0,0,Truck,0
DEL15984,Unknown,Unknown,0,0,Truck,0
DEL15985,Unknown,Unknown,0,0,Truck,0
DEL15986,Unknown,Unknown,0,0,Truck,0
DEL15987,Unknown,Unknown,0,0,Truck,0
DEL15988,Unknown,Unknown,0,0,Truck,0
DEL15989,Unknown,Unknown,0,0,Truck,0
DEL15990,Unknown,Unknown,0,0,Truck,0
DEL15991,Unknown,Unknown,0,0,Truck,0
DEL15992,Unknown,Unknown,0,0,Truck,0
DEL15993,Unknown,Unknown,0,0,Truck,0
DEL15994,Unknown,Unknown,0,0,Truck,0
DEL15995,Unknown,Unknown,0,0,Truck,0
DEL15996,Unknown,Unknown,0,0,Truck,0
DEL15997,Unknown,Unknown,0,0,Truck,0
DEL15998,Unknown,Unknown,0,0,Truck,0
DEL15999,Unknown,Unknown,0,0,Truck,0
DEL16000,Unknown,Unknown,0,0,Truck,0
DEL16001,Unknown,Unknown,0,0,Truck,0
DEL16002,Unknown,Unknown,0,0,Truck,0
DEL16003,Unknown,Unknown,0,0,Truck,0
DEL16004,Unknown,Unknown,0,0,Truck,0
DEL16005,Unknown,Unknown,0,0,Truck,0
DEL16006,Unknown,Unknown,0,0,Truck,0
DEL16007,Unknown,Unknown,0,0,Truck,0
DEL16008,Unknown,Unknown,0,0,Truck,0
DEL16009,Unknown,Unknown,0,0,Truck,0
DEL16010,Unknown,Unknown,0,0,Truck,0
DEL16011,Unknown,Unknown,0,0,Truck,0
DEL16012,Unknown,Unknown,0,0,Truck,0
DEL16013,Unknown,Unknown,0,0,Truck,0
DEL16014,Unknown,Unknown,0,0,Truck,0
DEL16015,Unknown,Unknown,0,0,Truck,0
DEL16016,Unknown,Unknown,0,0,Truck,0
DEL16017,Unknown,Unknown,0,0,Truck,0
DEL16018,Unknown,Unknown,0,0,Truck,0
DEL16019,Unknown,Unknown,0,0,Truck,0
DEL16020,Unknown,Unknown,0,0,Truck,0
DEL16021,Unknown,Unknown,0,0,Truck,0
DEL16022,Unknown,Unknown,0,0,Truck,0
DEL16023,Unknown,Unknown,0,0,Truck,0
DEL16024,Unknown,Unknown,0,0,Truck,0
DEL16025,Unknown,Unknown,0,0,Truck,0
DEL16026,Unknown,Unknown,0,0,Truck,0
DEL16027,Unknown,Unknown,0,0,Truck,0
DEL16028,Unknown,Unknown,0,0,Truck,0
DEL16029,Unknown,Unknown,0,0,Truck,0
DEL16030,Unknown,Unknown,0,0,Truck,0
DEL16031,Unknown,Unknown,0,0,Truck,0
DEL16032,Unknown,Unknown,0,0,Truck,0
DEL16033,Unknown,Unknown,0,0,Truck,0
DEL16034,Unknown,Unknown,0,0,Truck,0
DEL16035,Unknown,Unknown,0,0,Truck,0
DEL16036,Unknown,Unknown,0,0,Truck,0
DEL16037,Unknown,Unknown,0,0,Truck,0
DEL16038,Unknown,Unknown,0,0,Truck,0
DEL16039,Unknown,Unknown,0,0,Truck,0
DEL16040,Unknown,Unknown,0,0,Truck,0
DEL16041,Unknown,Unknown,0,0,Truck,0
DEL16042,Unknown,Unknown,0,0,Truck,0
DEL16043,Unknown,Unknown,0,0,Truck,0
DEL16044,Unknown,Unknown,0,0,Truck,0
DEL16045,Unknown,Unknown,0,0,Truck,0
DEL16046,Unknown,Unknown,0,0,Truck,0
DEL16047,Unknown,Unknown,0,0,Truck,0
DEL16048,Unknown,Unknown,0,0,Truck,0
DEL16049,Unknown,Unknown,0,0,Truck,0
DEL16050,Unknown,Unknown,0,0,Truck,0
DEL16051,Unknown,Unknown,0,0,Truck,0
DEL16052,Unknown,Unknown,0,0,Truck,0
DEL16053,Unknown,Unknown,0,0,Truck,0
DEL16054,Unknown,Unknown,0,0,Truck,0
DEL16055,Unknown,Unknown,0,0,Truck,0
DEL16056,Unknown,Unknown,0,0,Truck,0
DEL16057,Unknown,Unknown,0,0,Truck,0
DEL16058,Unknown,Unknown,0,0,Truck,0
DEL16059,Unknown,Unknown,0,0,Truck,0
DEL16060,Unknown,Unknown,0,0,Truck,0
DEL16061,Unknown,Unknown,0,0,Truck,0
DEL16062,Unknown,Unknown,0,0,Truck,0
DEL16063,Unknown,Unknown,0,0,Truck,0
DEL16064,Unknown,Unknown,0,0,Truck,0
DEL16065,Unknown,Unknown,0,0,Truck,0
DEL16066,Unknown,Unknown,0,0,Truck,0
DEL16067,Unknown,Unknown,0,0,Truck,0
DEL16068,Unknown,Unknown,0,0,Truck,0
DEL16069,Unknown,Unknown,0,0,Truck,0
DEL16070,Unknown,Unknown,0,0,Truck,0
DEL16071,Unknown,Unknown,0,0,Truck,0
DEL16072,Unknown,Unknown,0,0,Truck,0
DEL16073,Unknown,Unknown,0,0,Truck,0
DEL16074,Unknown,Unknown,0,0,Truck,0
DEL16075,Unknown,Unknown,0,0,Truck,0
DEL16076,Unknown,Unknown,0,0,Truck,0
DEL16077,Unknown,Unknown,0,0,Truck,0
DEL16078,Unknown,Unknown,0,0,Truck,0
DEL16079,Unknown,Unknown,0,0,Truck,0
DEL16080,Unknown,Unknown,0,0,Truck,0
DEL16081,Unknown,Unknown,0,0,Truck,0
DEL16082,Unknown,Unknown,0,0,Truck,0
DEL16083,Unknown,Unknown,0,0,Truck,0
DEL16084,Unknown,Unknown,0,0,Truck,0
DEL16085,Unknown,Unknown,0,0,Truck,0
DEL16086,Unknown,Unknown,0,0,Truck,0
DEL16087,Unknown,Unknown,0,0,Truck,0
DEL16088,Unknown,Unknown,0,0,Truck,0
DEL16089,Unknown,Unknown,0,0,Truck,0
DEL16090,Unknown,Unknown,0,0,Truck,0
DEL16091,Unknown,Unknown,0,0,Truck,0
DEL16092,Unknown,Unknown,0,0,Truck,0
DEL16093,Unknown,Unknown,0,0,Truck,0
DEL16094,Unknown,Unknown,0,0,Truck,0
DEL16095,Unknown,Unknown,0,0,Truck,0
DEL16096,Unknown,Unknown,0,0,Truck,0
DEL16097,Unknown,Unknown,0,0,Truck,0
DEL16098,Unknown,Unknown,0,0,Truck,0
DEL16099,Unknown,Unknown,0,0,Truck,0
DEL16100,Unknown,Unknown,0,0,Truck,0
DEL16101,Unknown,Unknown,0,0,Truck,0
DEL16102,Unknown,Unknown,0,0,Truck,0
DEL16103,Unknown,Unknown,0,0,Truck,0
DEL16104,Unknown,Unknown,0,0,Truck,0
DEL16105,Unknown,Unknown,0,0,Truck,0
DEL16106,Unknown,Unknown,0,0,Truck,0
DEL16107,Unknown,Unknown,0,0,Truck,0
DEL16108,Unknown,Unknown,0,0,Truck,0
DEL16109,Unknown,Unknown,0,0,Truck,0
DEL16110,Unknown,Unknown,0,0,Truck,0
DEL16111,Unknown,Unknown,0,0,Truck,0
DEL16112,Unknown,Unknown,0,0,Truck,0
DEL16113,Unknown,Unknown,0,0,Truck,0
DEL16114,Unknown,Unknown,0,0,Truck,0
DEL16115,Unknown,Unknown,0,0,Truck,0
DEL16116,Unknown,Unknown,0,0,Truck,0
DEL16117,Unknown,Unknown,0,0,Truck,0
DEL16118,Unknown,Unknown,0,0,Truck,0
DEL16119,Unknown,Unknown,0,0,Truck,0
DEL16120,Unknown,Unknown,0,0,Truck,0
DEL16121,Unknown,Unknown,0,0,Truck,0
DEL16122,Unknown,Unknown,0,0,Truck,0
DEL16123,Unknown,Unknown,0,0,Truck,0
DEL16124,Unknown,Unknown,0,0,Truck,0
DEL16125,Unknown,Unknown,0,0,Truck,0
DEL16126,Unknown,Unknown,0,0,Truck,0
DEL16127,Unknown,Unknown,0,0,Truck,0
DEL16128,Unknown,Unknown,0,0,Truck,0
DEL16129,Unknown,Unknown,0,0,Truck,0
DEL16130,Unknown,Unknown,0,0,Truck,0
DEL16131,Unknown,Unknown,0,0,Truck,0
DEL16132,Unknown,Unknown,0,0,Truck,0
DEL16133,Unknown,Unknown,0,0,Truck,0
DEL16134,Unknown,Unknown,0,0,Truck,0
DEL16135,Unknown,Unknown,0,0,Truck,0
DEL16136,Unknown,Unknown,0,0,Truck,0
DEL16137,Unknown,Unknown,0,0,Truck,0
DEL16138,Unknown,Unknown,0,0,Truck,0
DEL16139,Unknown,Unknown,0,0,Truck,0
DEL16140,Unknown,Unknown,0,0,Truck,0
DEL16141,Unknown,Unknown,0,0,Truck,0
DEL16142,Unknown,Unknown,0,0,Truck,0
DEL16143,Unknown,Unknown,0,0,Truck,0
DEL16144,Unknown,Unknown,0,0,Truck,0
DEL16145,Unknown,Unknown,0,0,Truck,0
DEL16146,Unknown,Unknown,0,0,Truck,0
DEL16147,Unknown,Unknown,0,0,Truck,0
DEL16148,Unknown,Unknown,0,0,Truck,0
DEL16149,Unknown,Unknown,0,0,Truck,0
DEL16150,Unknown,Unknown,0,0,Truck,0
DEL16151,Unknown,Unknown,0,0,Truck,0
DEL16152,Unknown,Unknown,0,0,Truck,0
DEL16153,Unknown,Unknown,0,0,Truck,0
DEL16154,Unknown,Unknown,0,0,Truck,0
DEL16155,Unknown,Unknown,0,0,Truck,0
DEL16156,Unknown,Unknown,0,0,Truck,0
DEL16157,Unknown,Unknown,0,0,Truck,0
DEL16158,Unknown,Unknown,0,0,Truck,0
DEL16159,Unknown,Unknown,0,0,Truck,0
DEL16160,Unknown,Unknown,0,0,Truck,0
DEL16161,Unknown,Unknown,0,0,Truck,0
DEL16162,Unknown,Unknown,0,0,Truck,0
DEL16163,Unknown,Unknown,0,0,Truck,0
DEL16164,Unknown,Unknown,0,0,Truck,0
DEL16165,Unknown,Unknown,0,0,Truck,0
DEL16166,Unknown,Unknown,0,0,Truck,0
DEL16167,Unknown,Unknown,0,0,Truck,0
DEL16168,Unknown,Unknown,0,0,Truck,0
DEL16169,Unknown,Unknown,0,0,Truck,0
DEL16170,Unknown,Unknown,0,0,Truck,0
DEL16171,Unknown,Unknown,0,0,Truck,0
DEL16172,Unknown,Unknown,0,0,Truck,0
DEL16173,Unknown,Unknown,0,0,Truck,0
DEL16174,Unknown,Unknown,0,0,Truck,0
DEL16175,Unknown,Unknown,0,0,Truck,0
DEL16176,Unknown,Unknown,0,0,Truck,0
DEL16177,Unknown,Unknown,0,0,Truck,0
DEL16178,Unknown,Unknown,0,0,Truck,0
DEL16179,Unknown,Unknown,0,0,Truck,0
DEL16180,Unknown,Unknown,0,0,Truck,0
DEL16181,Unknown,Unknown,0,0,Truck,0
DEL16182,Unknown,Unknown,0,0,Truck,0
DEL16183,Unknown,Unknown,0,0,Truck,0
DEL16184,Unknown,Unknown,0,0,Truck,0
DEL16185,Unknown,Unknown,0,0,Truck,0
DEL16186,Unknown,Unknown,0,0,Truck,0
DEL16187,Unknown,Unknown,0,0,Truck,0
DEL16188,Unknown,Unknown,0,0,Truck,0
DEL16189,Unknown,Unknown,0,0,Truck,0
DEL16190,Unknown,Unknown,0,0,Truck,0
DEL16191,Unknown,Unknown,0,0,Truck,0
DEL16192,Unknown,Unknown,0,0,Truck,0
DEL16193,Unknown,Unknown,0,0,Truck,0
DEL16194,Unknown,Unknown,0,0,Truck,0
DEL16195,Unknown,Unknown,0,0,Truck,0
DEL16196,Unknown,Unknown,0,0,Truck,0
DEL16197,Unknown,Unknown,0,0,Truck,0
DEL16198,Unknown,Unknown,0,0,Truck,0
DEL16199,Unknown,Unknown,0,0,Truck,0
DEL16200,Unknown,Unknown,0,0,Truck,0
DEL16201,Unknown,Unknown,0,0,Truck,0
DEL16202,Unknown,Unknown,0,0,Truck,0
DEL16203,Unknown,Unknown,0,0,Truck,0
DEL16204,Unknown,Unknown,0,0,Truck,0
DEL16205,Unknown,Unknown,0,0,Truck,0
DEL16206,Unknown,Unknown,0,0,Truck,0
DEL16207,Unknown,Unknown,0,0,Truck,0
DEL16208,Unknown,Unknown,0,0,Truck,0
DEL16209,Unknown,Unknown,0,0,Truck,0
DEL16210,Unknown,Unknown,0,0,Truck,0
DEL16211,Unknown,Unknown,0,0,Truck,0
DEL16212,Unknown,Unknown,0,0,Truck,0
DEL16213,Unknown,Unknown,0,0,Truck,0
DEL16214,Unknown,Unknown,0,0,Truck,0
DEL16215,Unknown,Unknown,0,0,Truck,0
DEL16216,Unknown,Unknown,0,0,Truck,0
DEL16217,Unknown,Unknown,0,0,Truck,0
DEL16218,Unknown,Unknown,0,0,Truck,0
DEL16219,Unknown,Unknown,0,0,Truck,0
DEL16220,Unknown,Unknown,0,0,Truck,0
DEL16221,Unknown,Unknown,0,0,Truck,0
DEL16222,Unknown,Unknown,0,0,Truck,0
DEL16223,Unknown,Unknown,0,0,Truck,0
DEL16224,Unknown,Unknown,0,0,Truck,0
DEL16225,Unknown,Unknown,0,0,Truck,0
DEL16226,Unknown,Unknown,0,0,Truck,0
DEL16227,Unknown,Unknown,0,0,Truck,0
DEL16228,Unknown,Unknown,0,0,Truck,0
DEL16229,Unknown,Unknown,0,0,Truck,0
DEL16230,Unknown,Unknown,0,0,Truck,0
DEL16231,Unknown,Unknown,0,0,Truck,0
DEL16232,Unknown,Unknown,0,0,Truck,0
DEL16233,Unknown,Unknown,0,0,Truck,0
DEL16234,Unknown,Unknown,0,0,Truck,0
DEL16235,Unknown,Unknown,0,0,Truck,0
DEL16236,Unknown,Unknown,0,0,Truck,0
DEL16237,Unknown,Unknown,0,0,Truck,0
DEL16238,Unknown,Unknown,0,0,Truck,0
DEL16239,Unknown,Unknown,0,0,Truck,0
DEL16240,Unknown,Unknown,0,0,Truck,0
DEL16241,Unknown,Unknown,0,0,Truck,0
DEL16242,Unknown,Unknown,0,0,Truck,0
DEL16243,Unknown,Unknown,0,0,Truck,0
DEL16244,Unknown,Unknown,0,0,Truck,0
DEL16245,Unknown,Unknown,0,0,Truck,0
DEL16246,Unknown,Unknown,0,0,Truck,0
DEL16247,Unknown,Unknown,0,0,Truck,0
DEL16248,Unknown,Unknown,0,0,Truck,0
DEL16249,Unknown,Unknown,0,0,Truck,0
DEL16250,Unknown,Unknown,0,0,Truck,0
DEL16251,Unknown,Unknown,0,0,Truck,0
DEL16252,Unknown,Unknown,0,0,Truck,0
DEL16253,Unknown,Unknown,0,0,Truck,0
DEL16254,Unknown,Unknown,0,0,Truck,0
DEL16255,Unknown,Unknown,0,0,Truck,0
DEL16256,Unknown,Unknown,0,0,Truck,0
DEL16257,Unknown,Unknown,0,0,Truck,0
DEL16258,Unknown,Unknown,0,0,Truck,0
DEL16259,Unknown,Unknown,0,0,Truck,0
DEL16260,Unknown,Unknown,0,0,Truck,0
DEL16261,Unknown,Unknown,0,0,Truck,0
DEL16262,Unknown,Unknown,0,0,Truck,0
DEL16263,Unknown,Unknown,0,0,Truck,0
DEL16264,Unknown,Unknown,0,0,Truck,0
DEL16265,Unknown,Unknown,0,0,Truck,0
DEL16266,Unknown,Unknown,0,0,Truck,0
DEL16267,Unknown,Unknown,0,0,Truck,0
DEL16268,Unknown,Unknown,0,0,Truck,0
DEL16269,Unknown,Unknown,0,0,Truck,0
DEL16270,Unknown,Unknown,0,0,Truck,0
DEL16271,Unknown,Unknown,0,0,Truck,0
DEL16272,Unknown,Unknown,0,0,Truck,0
DEL16273,Unknown,Unknown,0,0,Truck,0
DEL16274,Unknown,Unknown,0,0,Truck,0
DEL16275,Unknown,Unknown,0,0,Truck,0
DEL16276,Unknown,Unknown,0,0,Truck,0
DEL16277,Unknown,Unknown,0,0,Truck,0
DEL16278,Unknown,Unknown,0,0,Truck,0
DEL16279,Unknown,Unknown,0,0,Truck,0
DEL16280,Unknown,Unknown,0,0,Truck,0
DEL16281,Unknown,Unknown,0,0,Truck,0
DEL16282,Unknown,Unknown,0,0,Truck,0
DEL16283,Unknown,Unknown,0,0,Truck,0
DEL16284,Unknown,Unknown,0,0,Truck,0
DEL16285,Unknown,Unknown,0,0,Truck,0
DEL16286,Unknown,Unknown,0,0,Truck,0
DEL16287,Unknown,Unknown,0,0,Truck,0
DEL16288,Unknown,Unknown,0,0,Truck,0
DEL16289,Unknown,Unknown,0,0,Truck,0
DEL16290,Unknown,Unknown,0,0,Truck,0
DEL16291,Unknown,Unknown,0,0,Truck,0
DEL16292,Unknown,Unknown,0,0,Truck,0
DEL16293,Unknown,Unknown,0,0,Truck,0
DEL16294,Unknown,Unknown,0,0,Truck,0
DEL16295,Unknown,Unknown,0,0,Truck,0
DEL16296,Unknown,Unknown,0,0,Truck,0
DEL16297,Unknown,Unknown,0,0,Truck,0
DEL16298,Unknown,Unknown,0,0,Truck,0
DEL16299,Unknown,Unknown,0,0,Truck,0
DEL16300,Unknown,Unknown,0,0,Truck,0
DEL16301,Unknown,Unknown,0,0,Truck,0
DEL16302,Unknown,Unknown,0,0,Truck,0
DEL16303,Unknown,Unknown,0,0,Truck,0
DEL16304,Unknown,Unknown,0,0,Truck,0
DEL16305,Unknown,Unknown,0,0,Truck,0
DEL16306,Unknown,Unknown,0,0,Truck,0
DEL16307,Unknown,Unknown,0,0,Truck,0
DEL16308,Unknown,Unknown,0,0,Truck,0
DEL16309,Unknown,Unknown,0,0,Truck,0
DEL16310,Unknown,Unknown,0,0,Truck,0
DEL16311,Unknown,Unknown,0,0,Truck,0
DEL16312,Unknown,Unknown,0,0,Truck,0
DEL16313,Unknown,Unknown,0,0,Truck,0
DEL16314,Unknown,Unknown,0,0,Truck,0
DEL16315,Unknown,Unknown,0,0,Truck,0
DEL16316,Unknown,Unknown,0,0,Truck,0
DEL16317,Unknown,Unknown,0,0,Truck,0
DEL16318,Unknown,Unknown,0,0,Truck,0
DEL16319,Unknown,Unknown,0,0,Truck,0
DEL16320,Unknown,Unknown,0,0,Truck,0
DEL16321,Unknown,Unknown,0,0,Truck,0
DEL16322,Unknown,Unknown,0,0,Truck,0
DEL16323,Unknown,Unknown,0,0,Truck,0
DEL16324,Unknown,Unknown,0,0,Truck,0
DEL16325,Unknown,Unknown,0,0,Truck,0
DEL16326,Unknown,Unknown,0,0,Truck,0
DEL16327,Unknown,Unknown,0,0,Truck,0
DEL16328,Unknown,Unknown,0,0,Truck,0
DEL16329,Unknown,Unknown,0,0,Truck,0
DEL16330,Unknown,Unknown,0,0,Truck,0
DEL16331,Unknown,Unknown,0,0,Truck,0
DEL16332,Unknown,Unknown,0,0,Truck,0
DEL16333,Unknown,Unknown,0,0,Truck,0
DEL16334,Unknown,Unknown,0,0,Truck,0
DEL16335,Unknown,Unknown,0,0,Truck,0
DEL16336,Unknown,Unknown,0,0,Truck,0
DEL16337,Unknown,Unknown,0,0,Truck,0
DEL16338,Unknown,Unknown,0,0,Truck,0
DEL16339,Unknown,Unknown,0,0,Truck,0
DEL16340,Unknown,Unknown,0,0,Truck,0
DEL16341,Unknown,Unknown,0,0,Truck,0
DEL16342,Unknown,Unknown,0,0,Truck,0
DEL16343,Unknown,Unknown,0,0,Truck,0
DEL16344,Unknown,Unknown,0,0,Truck,0
DEL16345,Unknown,Unknown,0,0,Truck,0
DEL16346,Unknown,Unknown,0,0,Truck,0
DEL16347,Unknown,Unknown,0,0,Truck,0
DEL16348,Unknown,Unknown,0,0,Truck,0
DEL16349,Unknown,Unknown,0,0,Truck,0
DEL16350,Unknown,Unknown,0,0,Truck,0
DEL16351,Unknown,Unknown,0,0,Truck,0
DEL16352,Unknown,Unknown,0,0,Truck,0
DEL16353,Unknown,Unknown,0,0,Truck,0
DEL16354,Unknown,Unknown,0,0,Truck,0
DEL16355,Unknown,Unknown,0,0,Truck,0
DEL16356,Unknown,Unknown,0,0,Truck,0
DEL16357,Unknown,Unknown,0,0,Truck,0
DEL16358,Unknown,Unknown,0,0,Truck,0
DEL16359,Unknown,Unknown,0,0,Truck,0
DEL16360,Unknown,Unknown,0,0,Truck,0
DEL16361,Unknown,Unknown,0,0,Truck,0
DEL16362,Unknown,Unknown,0,0,Truck,0
DEL16363,Unknown,Unknown,0,0,Truck,0
DEL16364,Unknown,Unknown,0,0,Truck,0
DEL16365,Unknown,Unknown,0,0,Truck,0
DEL16366,Unknown,Unknown,0,0,Truck,0
DEL16367,Unknown,Unknown,0,0,Truck,0
DEL16368,Unknown,Unknown,0,0,Truck,0
DEL16369,Unknown,Unknown,0,0,Truck,0
DEL16370,Unknown,Unknown,0,0,Truck,0
DEL16371,Unknown,Unknown,0,0,Truck,0
DEL16372,Unknown,Unknown,0,0,Truck,0
DEL16373,Unknown,Unknown,0,0,Truck,0
DEL16374,Unknown,Unknown,0,0,Truck,0
DEL16375,Unknown,Unknown,0,0,Truck,0
DEL16376,Unknown,Unknown,0,0,Truck,0
DEL16377,Unknown,Unknown,0,0,Truck,0
DEL16378,Unknown,Unknown,0,0,Truck,0
DEL16379,Unknown,Unknown,0,0,Truck,0
DEL16380,Unknown,Unknown,0,0,Truck,0
DEL16381,Unknown,Unknown,0,0,Truck,0
DEL16382,Unknown,Unknown,0,0,Truck,0
DEL16383,Unknown,Unknown,0,0,Truck,0
DEL16384,Unknown,Unknown,0,0,Truck,0
DEL16385,Unknown,Unknown,0,0,Truck,0
DEL16386,Unknown,Unknown,0,0,Truck,0
DEL16387,Unknown,Unknown,0,0,Truck,0
DEL16388,Unknown,Unknown,0,0,Truck,0
DEL16389,Unknown,Unknown,0,0,Truck,0
DEL16390,Unknown,Unknown,0,0,Truck,0
DEL16391,Unknown,Unknown,0,0,Truck,0
DEL16392,Unknown,Unknown,0,0,Truck,0
DEL16393,Unknown,Unknown,0,0,Truck,0
DEL16394,Unknown,Unknown,0,0,Truck,0
DEL16395,Unknown,Unknown,0,0,Truck,0
DEL16396,Unknown,Unknown,0,0,Truck,0
DEL16397,Unknown,Unknown,0,0,Truck,0
DEL16398,Unknown,Unknown,0,0,Truck,0
DEL16399,Unknown,Unknown,0,0,Truck,0
DEL16400,Unknown,Unknown,0,0,Truck,0
DEL16401,Unknown,Unknown,0,0,Truck,0
DEL16402,Unknown,Unknown,0,0,Truck,0
DEL16403,Unknown,Unknown,0,0,Truck,0
DEL16404,Unknown,Unknown,0,0,Truck,0
DEL16405,Unknown,Unknown,0,0,Truck,0
DEL16406,Unknown,Unknown,0,0,Truck,0
DEL16407,Unknown,Unknown,0,0,Truck,0
DEL16408,Unknown,Unknown,0,0,Truck,0
DEL16409,Unknown,Unknown,0,0,Truck,0
DEL16410,Unknown,Unknown,0,0,Truck,0
DEL16411,Unknown,Unknown,0,0,Truck,0
DEL16412,Unknown,Unknown,0,0,Truck,0
DEL16413,Unknown,Unknown,0,0,Truck,0
DEL16414,Unknown,Unknown,0,0,Truck,0
DEL16415,Unknown,Unknown,0,0,Truck,0
DEL16416,Unknown,Unknown,0,0,Truck,0
DEL16417,Unknown,Unknown,0,0,Truck,0
DEL16418,Unknown,Unknown,0,0,Truck,0
DEL16419,Unknown,Unknown,0,0,Truck,0
DEL16420,Unknown,Unknown,0,0,Truck,0
DEL16421,Unknown,Unknown,0,0,Truck,0
DEL16422,Unknown,Unknown,0,0,Truck,0
DEL16423,Unknown,Unknown,0,0,Truck,0
DEL16424,Unknown,Unknown,0,0,Truck,0
DEL16425,Unknown,Unknown,0,0,Truck,0
DEL16426,Unknown,Unknown,0,0,Truck,0
DEL16427,Unknown,Unknown,0,0,Truck,0
DEL16428,Unknown,Unknown,0,0,Truck,0
DEL16429,Unknown,Unknown,0,0,Truck,0
DEL16430,Unknown,Unknown,0,0,Truck,0
DEL16431,Unknown,Unknown,0,0,Truck,0
DEL16432,Unknown,Unknown,0,0,Truck,0
DEL16433,Unknown,Unknown,0,0,Truck,0
DEL16434,Unknown,Unknown,0,0,Truck,0
DEL16435,Unknown,Unknown,0,0,Truck,0
DEL16436,Unknown,Unknown,0,0,Truck,0
DEL16437,Unknown,Unknown,0,0,Truck,0
DEL16438,Unknown,Unknown,0,0,Truck,0
DEL16439,Unknown,Unknown,0,0,Truck,0
DEL16440,Unknown,Unknown,0,0,Truck,0
DEL16441,Unknown,Unknown,0,0,Truck,0
DEL16442,Unknown,Unknown,0,0,Truck,0
DEL16443,Unknown,Unknown,0,0,Truck,0
DEL16444,Unknown,Unknown,0,0,Truck,0
DEL16445,Unknown,Unknown,0,0,Truck,0
DEL16446,Unknown,Unknown,0,0,Truck,0
DEL16447,Unknown,Unknown,0,0,Truck,0
DEL16448,Unknown,Unknown,0,0,Truck,0
DEL16449,Unknown,Unknown,0,0,Truck,0
DEL16450,Unknown,Unknown,0,0,Truck,0
DEL16451,Unknown,Unknown,0,0,Truck,0
DEL16452,Unknown,Unknown,0,0,Truck,0
DEL16453,Unknown,Unknown,0,0,Truck,0
DEL16454,Unknown,Unknown,0,0,Truck,0
DEL16455,Unknown,Unknown,0,0,Truck,0
DEL16456,Unknown,Unknown,0,0,Truck,0
DEL16457,Unknown,Unknown,0,0,Truck,0
DEL16458,Unknown,Unknown,0,0,Truck,0
DEL16459,Unknown,Unknown,0,0,Truck,0
DEL16460,Unknown,Unknown,0,0,Truck,0
DEL16461,Unknown,Unknown,0,0,Truck,0
DEL16462,Unknown,Unknown,0,0,Truck,0
DEL16463,Unknown,Unknown,0,0,Truck,0
DEL16464,Unknown,Unknown,0,0,Truck,0
DEL16465,Unknown,Unknown,0,0,Truck,0
DEL16466,Unknown,Unknown,0,0,Truck,0
DEL16467,Unknown,Unknown,0,0,Truck,0
DEL16468,Unknown,Unknown,0,0,Truck,0
DEL16469,Unknown,Unknown,0,0,Truck,0
DEL16470,Unknown,Unknown,0,0,Truck,0
DEL16471,Unknown,Unknown,0,0,Truck,0
DEL16472,Unknown,Unknown,0,0,Truck,0
DEL16473,Unknown,Unknown,0,0,Truck,0
DEL16474,Unknown,Unknown,0,0,Truck,0
DEL16475,Unknown,Unknown,0,0,Truck,0
DEL16476,Unknown,Unknown,0,0,Truck,0
DEL16477,Unknown,Unknown,0,0,Truck,0
DEL16478,Unknown,Unknown,0,0,Truck,0
DEL16479,Unknown,Unknown,0,0,Truck,0
DEL16480,Unknown,Unknown,0,0,Truck,0
DEL16481,Unknown,Unknown,0,0,Truck,0
DEL16482,Unknown,Unknown,0,0,Truck,0
DEL16483,Unknown,Unknown,0,0,Truck,0
DEL16484,Unknown,Unknown,0,0,Truck,0
DEL16485,Unknown,Unknown,0,0,Truck,0
DEL16486,Unknown,Unknown,0,0,Truck,0
DEL16487,Unknown,Unknown,0,0,Truck,0
DEL16488,Unknown,Unknown,0,0,Truck,0
DEL16489,Unknown,Unknown,0,0,Truck,0
DEL16490,Unknown,Unknown,0,0,Truck,0
DEL16491,Unknown,Unknown,0,0,Truck,0
DEL16492,Unknown,Unknown,0,0,Truck,0
DEL16493,Unknown,Unknown,0,0,Truck,0
DEL16494,Unknown,Unknown,0,0,Truck,0
DEL16495,Unknown,Unknown,0,0,Truck,0
DEL16496,Unknown,Unknown,0,0,Truck,0
DEL16497,Unknown,Unknown,0,0,Truck,0
DEL16498,Unknown,Unknown,0,0,Truck,0
DEL16499,Unknown,Unknown,0,0,Truck,0
DEL16500,Unknown,Unknown,0,0,Truck,0
DEL16501,Unknown,Unknown,0,0,Truck,0
DEL16502,Unknown,Unknown,0,0,Truck,0
DEL16503,Unknown,Unknown,0,0,Truck,0
DEL16504,Unknown,Unknown,0,0,Truck,0
DEL16505,Unknown,Unknown,0,0,Truck,0
DEL16506,Unknown,Unknown,0,0,Truck,0
DEL16507,Unknown,Unknown,0,0,Truck,0
DEL16508,Unknown,Unknown,0,0,Truck,0
DEL16509,Unknown,Unknown,0,0,Truck,0
DEL16510,Unknown,Unknown,0,0,Truck,0
DEL16511,Unknown,Unknown,0,0,Truck,0
DEL16512,Unknown,Unknown,0,0,Truck,0
DEL16513,Unknown,Unknown,0,0,Truck,0
DEL16514,Unknown,Unknown,0,0,Truck,0
DEL16515,Unknown,Unknown,0,0,Truck,0
DEL16516,Unknown,Unknown,0,0,Truck,0
DEL16517,Unknown,Unknown,0,0,Truck,0
DEL16518,Unknown,Unknown,0,0,Truck,0
DEL16519,Unknown,Unknown,0,0,Truck,0
DEL16520,Unknown,Unknown,0,0,Truck,0
DEL16521,Unknown,Unknown,0,0,Truck,0
DEL16522,Unknown,Unknown,0,0,Truck,0
DEL16523,Unknown,Unknown,0,0,Truck,0
DEL16524,Unknown,Unknown,0,0,Truck,0
DEL16525,Unknown,Unknown,0,0,Truck,0
DEL16526,Unknown,Unknown,0,0,Truck,0
DEL16527,Unknown,Unknown,0,0,Truck,0
DEL16528,Unknown,Unknown,0,0,Truck,0
DEL16529,Unknown,Unknown,0,0,Truck,0
DEL16530,Unknown,Unknown,0,0,Truck,0
DEL16531,Unknown,Unknown,0,0,Truck,0
DEL16532,Unknown,Unknown,0,0,Truck,0
DEL16533,Unknown,Unknown,0,0,Truck,0
DEL16534,Unknown,Unknown,0,0,Truck,0
DEL16535,Unknown,Unknown,0,0,Truck,0
DEL16536,Unknown,Unknown,0,0,Truck,0
DEL16537,Unknown,Unknown,0,0,Truck,0
DEL16538,Unknown,Unknown,0,0,Truck,0
DEL16539,Unknown,Unknown,0,0,Truck,0
DEL16540,Unknown,Unknown,0,0,Truck,0
DEL16541,Unknown,Unknown,0,0,Truck,0
DEL16542,Unknown,Unknown,0,0,Truck,0
DEL16543,Unknown,Unknown,0,0,Truck,0
DEL16544,Unknown,Unknown,0,0,Truck,0
DEL16545,Unknown,Unknown,0,0,Truck,0
DEL16546,Unknown,Unknown,0,0,Truck,0
DEL16547,Unknown,Unknown,0,0,Truck,0
DEL16548,Unknown,Unknown,0,0,Truck,0
DEL16549,Unknown,Unknown,0,0,Truck,0
DEL16550,Unknown,Unknown,0,0,Truck,0
DEL16551,Unknown,Unknown,0,0,Truck,0
DEL16552,Unknown,Unknown,0,0,Truck,0
DEL16553,Unknown,Unknown,0,0,Truck,0
DEL16554,Unknown,Unknown,0,0,Truck,0
DEL16555,Unknown,Unknown,0,0,Truck,0
DEL16556,Unknown,Unknown,0,0,Truck,0
DEL16557,Unknown,Unknown,0,0,Truck,0
DEL16558,Unknown,Unknown,0,0,Truck,0
DEL16559,Unknown,Unknown,0,0,Truck,0
DEL16560,Unknown,Unknown,0,0,Truck,0
DEL16561,Unknown,Unknown,0,0,Truck,0
DEL16562,Unknown,Unknown,0,0,Truck,0
DEL16563,Unknown,Unknown,0,0,Truck,0
DEL16564,Unknown,Unknown,0,0,Truck,0
DEL16565,Unknown,Unknown,0,0,Truck,0
DEL16566,Unknown,Unknown,0,0,Truck,0
DEL16567,Unknown,Unknown,0,0,Truck,0
DEL16568,Unknown,Unknown,0,0,Truck,0
DEL16569,Unknown,Unknown,0,0,Truck,0
DEL16570,Unknown,Unknown,0,0,Truck,0
DEL16571,Unknown,Unknown,0,0,Truck,0
DEL16572,Unknown,Unknown,0,0,Truck,0
DEL16573,Unknown,Unknown,0,0,Truck,0
DEL16574,Unknown,Unknown,0,0,Truck,0
DEL16575,Unknown,Unknown,0,0,Truck,0
DEL16576,Unknown,Unknown,0,0,Truck,0
DEL16577,Unknown,Unknown,0,0,Truck,0
DEL16578,Unknown,Unknown,0,0,Truck,0
DEL16579,Unknown,Unknown,0,0,Truck,0
DEL16580,Unknown,Unknown,0,0,Truck,0
DEL16581,Unknown,Unknown,0,0,Truck,0
DEL16582,Unknown,Unknown,0,0,Truck,0
DEL16583,Unknown,Unknown,0,0,Truck,0
DEL16584,Unknown,Unknown,0,0,Truck,0
DEL16585,Unknown,Unknown,0,0,Truck,0
DEL16586,Unknown,Unknown,0,0,Truck,0
DEL16587,Unknown,Unknown,0,0,Truck,0
DEL16588,Unknown,Unknown,0,0,Truck,0
DEL16589,Unknown,Unknown,0,0,Truck,0
DEL16590,Unknown,Unknown,0,0,Truck,0
DEL16591,Unknown,Unknown,0,0,Truck,0
DEL16592,Unknown,Unknown,0,0,Truck,0
DEL16593,Unknown,Unknown,0,0,Truck,0
DEL16594,Unknown,Unknown,0,0,Truck,0
DEL16595,Unknown,Unknown,0,0,Truck,0
DEL16596,Unknown,Unknown,0,0,Truck,0
DEL16597,Unknown,Unknown,0,0,Truck,0
DEL16598,Unknown,Unknown,0,0,Truck,0
DEL16599,Unknown,Unknown,0,0,Truck,0
DEL16600,Unknown,Unknown,0,0,Truck,0
DEL16601,Unknown,Unknown,0,0,Truck,0
DEL16602,Unknown,Unknown,0,0,Truck,0
DEL16603,Unknown,Unknown,0,0,Truck,0
DEL16604,Unknown,Unknown,0,0,Truck,0
DEL16605,Unknown,Unknown,0,0,Truck,0
DEL16606,Unknown,Unknown,0,0,Truck,0
DEL16607,Unknown,Unknown,0,0,Truck,0
DEL16608,Unknown,Unknown,0,0,Truck,0
DEL16609,Unknown,Unknown,0,0,Truck,0
DEL16610,Unknown,Unknown,0,0,Truck,0
DEL16611,Unknown,Unknown,0,0,Truck,0
DEL16612,Unknown,Unknown,0,0,Truck,0
DEL16613,Unknown,Unknown,0,0,Truck,0
DEL16614,Unknown,Unknown,0,0,Truck,0
DEL16615,Unknown,Unknown,0,0,Truck,0
DEL16616,Unknown,Unknown,0,0,Truck,0
DEL16617,Unknown,Unknown,0,0,Truck,0
DEL16618,Unknown,Unknown,0,0,Truck,0
DEL16619,Unknown,Unknown,0,0,Truck,0
DEL16620,Unknown,Unknown,0,0,Truck,0
DEL16621,Unknown,Unknown,0,0,Truck,0
DEL16622,Unknown,Unknown,0,0,Truck,0
DEL16623,Unknown,Unknown,0,0,Truck,0
DEL16624,Unknown,Unknown,0,0,Truck,0
DEL16625,Unknown,Unknown,0,0,Truck,0
DEL16626,Unknown,Unknown,0,0,Truck,0
DEL16627,Unknown,Unknown,0,0,Truck,0
DEL16628,Unknown,Unknown,0,0,Truck,0
DEL16629,Unknown,Unknown,0,0,Truck,0
DEL16630,Unknown,Unknown,0,0,Truck,0
DEL16631,Unknown,Unknown,0,0,Truck,0
DEL16632,Unknown,Unknown,0,0,Truck,0
DEL16633,Unknown,Unknown,0,0,Truck,0
DEL16634,Unknown,Unknown,0,0,Truck,0
DEL16635,Unknown,Unknown,0,0,Truck,0
DEL16636,Unknown,Unknown,0,0,Truck,0
DEL16637,Unknown,Unknown,0,0,Truck,0
DEL16638,Unknown,Unknown,0,0,Truck,0
DEL16639,Unknown,Unknown,0,0,Truck,0
DEL16640,Unknown,Unknown,0,0,Truck,0
DEL16641,Unknown,Unknown,0,0,Truck,0
DEL16642,Unknown,Unknown,0,0,Truck,0
DEL16643,Unknown,Unknown,0,0,Truck,0
DEL16644,Unknown,Unknown,0,0,Truck,0
DEL16645,Unknown,Unknown,0,0,Truck,0
DEL16646,Unknown,Unknown,0,0,Truck,0
DEL16647,Unknown,Unknown,0,0,Truck,0
DEL16648,Unknown,Unknown,0,0,Truck,0
DEL16649,Unknown,Unknown,0,0,Truck,0
DEL16650,Unknown,Unknown,0,0,Truck,0
DEL16651,Unknown,Unknown,0,0,Truck,0
DEL16652,Unknown,Unknown,0,0,Truck,0
DEL16653,Unknown,Unknown,0,0,Truck,0
DEL16654,Unknown,Unknown,0,0,Truck,0
DEL16655,Unknown,Unknown,0,0,Truck,0
DEL16656,Unknown,Unknown,0,0,Truck,0
DEL16657,Unknown,Unknown,0,0,Truck,0
DEL16658,Unknown,Unknown,0,0,Truck,0
DEL16659,Unknown,Unknown,0,0,Truck,0
DEL16660,Unknown,Unknown,0,0,Truck,0
DEL16661,Unknown,Unknown,0,0,Truck,0
DEL16662,Unknown,Unknown,0,0,Truck,0
DEL16663,Unknown,Unknown,0,0,Truck,0
DEL16664,Unknown,Unknown,0,0,Truck,0
DEL16665,Unknown,Unknown,0,0,Truck,0
DEL16666,Unknown,Unknown,0,0,Truck,0
DEL16667,Unknown,Unknown,0,0,Truck,0
DEL16668,Unknown,Unknown,0,0,Truck,0
DEL16669,Unknown,Unknown,0,0,Truck,0
DEL16670,Unknown,Unknown,0,0,Truck,0
DEL16671,Unknown,Unknown,0,0,Truck,0
DEL16672,Unknown,Unknown,0,0,Truck,0
DEL16673,Unknown,Unknown,0,0,Truck,0
DEL16674,Unknown,Unknown,0,0,Truck,0
DEL16675,Unknown,Unknown,0,0,Truck,0
DEL16676,Unknown,Unknown,0,0,Truck,0
DEL16677,Unknown,Unknown,0,0,Truck,0
DEL16678,Unknown,Unknown,0,0,Truck,0
DEL16679,Unknown,Unknown,0,0,Truck,0
DEL16680,Unknown,Unknown,0,0,Truck,0
DEL16681,Unknown,Unknown,0,0,Truck,0
DEL16682,Unknown,Unknown,0,0,Truck,0
DEL16683,Unknown,Unknown,0,0,Truck,0
DEL16684,Unknown,Unknown,0,0,Truck,0
DEL16685,Unknown,Unknown,0,0,Truck,0
DEL16686,Unknown,Unknown,0,0,Truck,0
DEL16687,Unknown,Unknown,0,0,Truck,0
DEL16688,Unknown,Unknown,0,0,Truck,0
DEL16689,Unknown,Unknown,0,0,Truck,0
DEL16690,Unknown,Unknown,0,0,Truck,0
DEL16691,Unknown,Unknown,0,0,Truck,0
DEL16692,Unknown,Unknown,0,0,Truck,0
DEL16693,Unknown,Unknown,0,0,Truck,0
DEL16694,Unknown,Unknown,0,0,Truck,0
DEL16695,Unknown,Unknown,0,0,Truck,0
DEL16696,Unknown,Unknown,0,0,Truck,0
DEL16697,Unknown,Unknown,0,0,Truck,0
DEL16698,Unknown,Unknown,0,0,Truck,0
DEL16699,Unknown,Unknown,0,0,Truck,0
DEL16700,Unknown,Unknown,0,0,Truck,0
DEL16701,Unknown,Unknown,0,0,Truck,0
DEL16702,Unknown,Unknown,0,0,Truck,0
DEL16703,Unknown,Unknown,0,0,Truck,0
DEL16704,Unknown,Unknown,0,0,Truck,0
DEL16705,Unknown,Unknown,0,0,Truck,0
DEL16706,Unknown,Unknown,0,0,Truck,0
DEL16707,Unknown,Unknown,0,0,Truck,0
DEL16708,Unknown,Unknown,0,0,Truck,0
DEL16709,Unknown,Unknown,0,0,Truck,0
DEL16710,Unknown,Unknown,0,0,Truck,0
DEL16711,Unknown,Unknown,0,0,Truck,0
DEL16712,Unknown,Unknown,0,0,Truck,0
DEL16713,Unknown,Unknown,0,0,Truck,0
DEL16714,Unknown,Unknown,0,0,Truck,0
DEL16715,Unknown,Unknown,0,0,Truck,0
DEL16716,Unknown,Unknown,0,0,Truck,0
DEL16717,Unknown,Unknown,0,0,Truck,0
DEL16718,Unknown,Unknown,0,0,Truck,0
DEL16719,Unknown,Unknown,0,0,Truck,0
DEL16720,Unknown,Unknown,0,0,Truck,0
DEL16721,Unknown,Unknown,0,0,Truck,0
DEL16722,Unknown,Unknown,0,0,Truck,0
DEL16723,Unknown,Unknown,0,0,Truck,0
DEL16724,Unknown,Unknown,0,0,Truck,0
DEL16725,Unknown,Unknown,0,0,Truck,0
DEL16726,Unknown,Unknown,0,0,Truck,0
DEL16727,Unknown,Unknown,0,0,Truck,0
DEL16728,Unknown,Unknown,0,0,Truck,0
DEL16729,Unknown,Unknown,0,0,Truck,0
DEL16730,Unknown,Unknown,0,0,Truck,0
DEL16731,Unknown,Unknown,0,0,Truck,0
DEL16732,Unknown,Unknown,0,0,Truck,0
DEL16733,Unknown,Unknown,0,0,Truck,0
DEL16734,Unknown,Unknown,0,0,Truck,0
DEL16735,Unknown,Unknown,0,0,Truck,0
DEL16736,Unknown,Unknown,0,0,Truck,0
DEL16737,Unknown,Unknown,0,0,Truck,0
DEL16738,Unknown,Unknown,0,0,Truck,0
DEL16739,Unknown,Unknown,0,0,Truck,0
DEL16740,Unknown,Unknown,0,0,Truck,0
DEL16741,Unknown,Unknown,0,0,Truck,0
DEL16742,Unknown,Unknown,0,0,Truck,0
DEL16743,Unknown,Unknown,0,0,Truck,0
DEL16744,Unknown,Unknown,0,0,Truck,0
DEL16745,Unknown,Unknown,0,0,Truck,0
DEL16746,Unknown,Unknown,0,0,Truck,0
DEL16747,Unknown,Unknown,0,0,Truck,0
DEL16748,Unknown,Unknown,0,0,Truck,0
DEL16749,Unknown,Unknown,0,0,Truck,0
DEL16750,Unknown,Unknown,0,0,Truck,0
DEL16751,Unknown,Unknown,0,0,Truck,0
DEL16752,Unknown,Unknown,0,0,Truck,0
DEL16753,Unknown,Unknown,0,0,Truck,0
DEL16754,Unknown,Unknown,0,0,Truck,0
DEL16755,Unknown,Unknown,0,0,Truck,0
DEL16756,Unknown,Unknown,0,0,Truck,0
DEL16757,Unknown,Unknown,0,0,Truck,0
DEL16758,Unknown,Unknown,0,0,Truck,0
DEL16759,Unknown,Unknown,0,0,Truck,0
DEL16760,Unknown,Unknown,0,0,Truck,0
DEL16761,Unknown,Unknown,0,0,Truck,0
DEL16762,Unknown,Unknown,0,0,Truck,0
DEL16763,Unknown,Unknown,0,0,Truck,0
DEL16764,Unknown,Unknown,0,0,Truck,0
DEL16765,Unknown,Unknown,0,0,Truck,0
DEL16766,Unknown,Unknown,0,0,Truck,0
DEL16767,Unknown,Unknown,0,0,Truck,0
DEL16768,Unknown,Unknown,0,0,Truck,0
DEL16769,Unknown,Unknown,0,0,Truck,0
DEL16770,Unknown,Unknown,0,0,Truck,0
DEL16771,Unknown,Unknown,0,0,Truck,0
DEL16772,Unknown,Unknown,0,0,Truck,0
DEL16773,Unknown,Unknown,0,0,Truck,0
DEL16774,Unknown,Unknown,0,0,Truck,0
DEL16775,Unknown,Unknown,0,0,Truck,0
DEL16776,Unknown,Unknown,0,0,Truck,0
DEL16777,Unknown,Unknown,0,0,Truck,0
DEL16778,Unknown,Unknown,0,0,Truck,0
DEL16779,Unknown,Unknown,0,0,Truck,0
DEL16780,Unknown,Unknown,0,0,Truck,0
DEL16781,Unknown,Unknown,0,0,Truck,0
DEL16782,Unknown,Unknown,0,0,Truck,0
DEL16783,Unknown,Unknown,0,0,Truck,0
DEL16784,Unknown,Unknown,0,0,Truck,0
DEL16785,Unknown,Unknown,0,0,Truck,0
DEL16786,Unknown,Unknown,0,0,Truck,0
DEL16787,Unknown,Unknown,0,0,Truck,0
DEL16788,Unknown,Unknown,0,0,Truck,0
DEL16789,Unknown,Unknown,0,0,Truck,0
DEL16790,Unknown,Unknown,0,0,Truck,0
DEL16791,Unknown,Unknown,0,0,Truck,0
DEL16792,Unknown,Unknown,0,0,Truck,0
DEL16793,Unknown,Unknown,0,0,Truck,0
DEL16794,Unknown,Unknown,0,0,Truck,0
DEL16795,Unknown,Unknown,0,0,Truck,0
DEL16796,Unknown,Unknown,0,0,Truck,0
DEL16797,Unknown,Unknown,0,0,Truck,0
DEL16798,Unknown,Unknown,0,0,Truck,0
DEL16799,Unknown,Unknown,0,0,Truck,0
DEL16800,Unknown,Unknown,0,0,Truck,0
DEL16801,Unknown,Unknown,0,0,Truck,0
DEL16802,Unknown,Unknown,0,0,Truck,0
DEL16803,Unknown,Unknown,0,0,Truck,0
DEL16804,Unknown,Unknown,0,0,Truck,0
DEL16805,Unknown,Unknown,0,0,Truck,0
DEL16806,Unknown,Unknown,0,0,Truck,0
DEL16807,Unknown,Unknown,0,0,Truck,0
DEL16808,Unknown,Unknown,0,0,Truck,0
DEL16809,Unknown,Unknown,0,0,Truck,0
DEL16810,Unknown,Unknown,0,0,Truck,0
DEL16811,Unknown,Unknown,0,0,Truck,0
DEL16812,Unknown,Unknown,0,0,Truck,0
DEL16813,Unknown,Unknown,0,0,Truck,0
DEL16814,Unknown,Unknown,0,0,Truck,0
DEL16815,Unknown,Unknown,0,0,Truck,0
DEL16816,Unknown,Unknown,0,0,Truck,0
DEL16817,Unknown,Unknown,0,0,Truck,0
DEL16818,Unknown,Unknown,0,0,Truck,0
DEL16819,Unknown,Unknown,0,0,Truck,0
DEL16820,Unknown,Unknown,0,0,Truck,0
DEL16821,Unknown,Unknown,0,0,Truck,0
DEL16822,Unknown,Unknown,0,0,Truck,0
DEL16823,Unknown,Unknown,0,0,Truck,0
DEL16824,Unknown,Unknown,0,0,Truck,0
DEL16825,Unknown,Unknown,0,0,Truck,0
DEL16826,Unknown,Unknown,0,0,Truck,0
DEL16827,Unknown,Unknown,0,0,Truck,0
DEL16828,Unknown,Unknown,0,0,Truck,0
DEL16829,Unknown,Unknown,0,0,Truck,0
DEL16830,Unknown,Unknown,0,0,Truck,0
DEL16831,Unknown,Unknown,0,0,Truck,0
DEL16832,Unknown,Unknown,0,0,Truck,0
DEL16833,Unknown,Unknown,0,0,Truck,0
DEL16834,Unknown,Unknown,0,0,Truck,0
DEL16835,Unknown,Unknown,0,0,Truck,0
DEL16836,Unknown,Unknown,0,0,Truck,0
DEL16837,Unknown,Unknown,0,0,Truck,0
DEL16838,Unknown,Unknown,0,0,Truck,0
DEL16839,Unknown,Unknown,0,0,Truck,0
DEL16840,Unknown,Unknown,0,0,Truck,0
DEL16841,Unknown,Unknown,0,0,Truck,0
DEL16842,Unknown,Unknown,0,0,Truck,0
DEL16843,Unknown,Unknown,0,0,Truck,0
DEL16844,Unknown,Unknown,0,0,Truck,0
DEL16845,Unknown,Unknown,0,0,Truck,0
DEL16846,Unknown,Unknown,0,0,Truck,0
DEL16847,Unknown,Unknown,0,0,Truck,0
DEL16848,Unknown,Unknown,0,0,Truck,0
DEL16849,Unknown,Unknown,0,0,Truck,0
DEL16850,Unknown,Unknown,0,0,Truck,0
DEL16851,Unknown,Unknown,0,0,Truck,0
DEL16852,Unknown,Unknown,0,0,Truck,0
DEL16853,Unknown,Unknown,0,0,Truck,0
DEL16854,Unknown,Unknown,0,0,Truck,0
DEL16855,Unknown,Unknown,0,0,Truck,0
DEL16856,Unknown,Unknown,0,0,Truck,0
DEL16857,Unknown,Unknown,0,0,Truck,0
DEL16858,Unknown,Unknown,0,0,Truck,0
DEL16859,Unknown,Unknown,0,0,Truck,0
DEL16860,Unknown,Unknown,0,0,Truck,0
DEL16861,Unknown,Unknown,0,0,Truck,0
DEL16862,Unknown,Unknown,0,0,Truck,0
DEL16863,Unknown,Unknown,0,0,Truck,0
DEL16864,Unknown,Unknown,0,0,Truck,0
DEL16865,Unknown,Unknown,0,0,Truck,0
DEL16866,Unknown,Unknown,0,0,Truck,0
DEL16867,Unknown,Unknown,0,0,Truck,0
DEL16868,Unknown,Unknown,0,0,Truck,0
DEL16869,Unknown,Unknown,0,0,Truck,0
DEL16870,Unknown,Unknown,0,0,Truck,0
DEL16871,Unknown,Unknown,0,0,Truck,0
DEL16872,Unknown,Unknown,0,0,Truck,0
DEL16873,Unknown,Unknown,0,0,Truck,0
DEL16874,Unknown,Unknown,0,0,Truck,0
DEL16875,Unknown,Unknown,0,0,Truck,0
DEL16876,Unknown,Unknown,0,0,Truck,0
DEL16877,Unknown,Unknown,0,0,Truck,0
DEL16878,Unknown,Unknown,0,0,Truck,0
DEL16879,Unknown,Unknown,0,0,Truck,0
DEL16880,Unknown,Unknown,0,0,Truck,0
DEL16881,Unknown,Unknown,0,0,Truck,0
DEL16882,Unknown,Unknown,0,0,Truck,0
DEL16883,Unknown,Unknown,0,0,Truck,0
DEL16884,Unknown,Unknown,0,0,Truck,0
DEL16885,Unknown,Unknown,0,0,Truck,0
DEL16886,Unknown,Unknown,0,0,Truck,0
DEL16887,Unknown,Unknown,0,0,Truck,0
DEL16888,Unknown,Unknown,0,0,Truck,0
DEL16889,Unknown,Unknown,0,0,Truck,0
DEL16890,Unknown,Unknown,0,0,Truck,0
DEL16891,Unknown,Unknown,0,0,Truck,0
DEL16892,Unknown,Unknown,0,0,Truck,0
DEL16893,Unknown,Unknown,0,0,Truck,0
DEL16894,Unknown,Unknown,0,0,Truck,0
DEL16895,Unknown,Unknown,0,0,Truck,0
DEL16896,Unknown,Unknown,0,0,Truck,0
DEL16897,Unknown,Unknown,0,0,Truck,0
DEL16898,Unknown,Unknown,0,0,Truck,0
DEL16899,Unknown,Unknown,0,0,Truck,0
DEL16900,Unknown,Unknown,0,0,Truck,0
DEL16901,Unknown,Unknown,0,0,Truck,0
DEL16902,Unknown,Unknown,0,0,Truck,0
DEL16903,Unknown,Unknown,0,0,Truck,0
DEL16904,Unknown,Unknown,0,0,Truck,0
DEL16905,Unknown,Unknown,0,0,Truck,0
DEL16906,Unknown,Unknown,0,0,Truck,0
DEL16907,Unknown,Unknown,0,0,Truck,0
DEL16908,Unknown,Unknown,0,0,Truck,0
DEL16909,Unknown,Unknown,0,0,Truck,0
DEL16910,Unknown,Unknown,0,0,Truck,0
DEL16911,Unknown,Unknown,0,0,Truck,0
DEL16912,Unknown,Unknown,0,0,Truck,0
DEL16913,Unknown,Unknown,0,0,Truck,0
DEL16914,Unknown,Unknown,0,0,Truck,0
DEL16915,Unknown,Unknown,0,0,Truck,0
DEL16916,Unknown,Unknown,0,0,Truck,0
DEL16917,Unknown,Unknown,0,0,Truck,0
DEL16918,Unknown,Unknown,0,0,Truck,0
DEL16919,Unknown,Unknown,0,0,Truck,0
DEL16920,Unknown,Unknown,0,0,Truck,0
DEL16921,Unknown,Unknown,0,0,Truck,0
DEL16922,Unknown,Unknown,0,0,Truck,0
DEL16923,Unknown,Unknown,0,0,Truck,0
DEL16924,Unknown,Unknown,0,0,Truck,0
DEL16925,Unknown,Unknown,0,0,Truck,0
DEL16926,Unknown,Unknown,0,0,Truck,0
DEL16927,Unknown,Unknown,0,0,Truck,0
DEL16928,Unknown,Unknown,0,0,Truck,0
DEL16929,Unknown,Unknown,0,0,Truck,0
DEL16930,Unknown,Unknown,0,0,Truck,0
DEL16931,Unknown,Unknown,0,0,Truck,0
DEL16932,Unknown,Unknown,0,0,Truck,0
DEL16933,Unknown,Unknown,0,0,Truck,0
DEL16934,Unknown,Unknown,0,0,Truck,0
DEL16935,Unknown,Unknown,0,0,Truck,0
DEL16936,Unknown,Unknown,0,0,Truck,0
DEL16937,Unknown,Unknown,0,0,Truck,0
DEL16938,Unknown,Unknown,0,0,Truck,0
DEL16939,Unknown,Unknown,0,0,Truck,0
DEL16940,Unknown,Unknown,0,0,Truck,0
DEL16941,Unknown,Unknown,0,0,Truck,0
DEL16942,Unknown,Unknown,0,0,Truck,0
DEL16943,Unknown,Unknown,0,0,Truck,0
DEL16944,Unknown,Unknown,0,0,Truck,0
DEL16945,Unknown,Unknown,0,0,Truck,0
DEL16946,Unknown,Unknown,0,0,Truck,0
DEL16947,Unknown,Unknown,0,0,Truck,0
DEL16948,Unknown,Unknown,0,0,Truck,0
DEL16949,Unknown,Unknown,0,0,Truck,0
DEL16950,Unknown,Unknown,0,0,Truck,0
DEL16951,Unknown,Unknown,0,0,Truck,0
DEL16952,Unknown,Unknown,0,0,Truck,0
DEL16953,Unknown,Unknown,0,0,Truck,0
DEL16954,Unknown,Unknown,0,0,Truck,0
DEL16955,Unknown,Unknown,0,0,Truck,0
DEL16956,Unknown,Unknown,0,0,Truck,0
DEL16957,Unknown,Unknown,0,0,Truck,0
DEL16958,Unknown,Unknown,0,0,Truck,0
DEL16959,Unknown,Unknown,0,0,Truck,0
DEL16960,Unknown,Unknown,0,0,Truck,0
DEL16961,Unknown,Unknown,0,0,Truck,0
DEL16962,Unknown,Unknown,0,0,Truck,0
DEL16963,Unknown,Unknown,0,0,Truck,0
DEL16964,Unknown,Unknown,0,0,Truck,0
DEL16965,Unknown,Unknown,0,0,Truck,0
DEL16966,Unknown,Unknown,0,0,Truck,0
DEL16967,Unknown,Unknown,0,0,Truck,0
DEL16968,Unknown,Unknown,0,0,Truck,0
DEL16969,Unknown,Unknown,0,0,Truck,0
DEL16970,Unknown,Unknown,0,0,Truck,0
DEL16971,Unknown,Unknown,0,0,Truck,0
DEL16972,Unknown,Unknown,0,0,Truck,0
DEL16973,Unknown,Unknown,0,0,Truck,0
DEL16974,Unknown,Unknown,0,0,Truck,0
DEL16975,Unknown,Unknown,0,0,Truck,0
DEL16976,Unknown,Unknown,0,0,Truck,0
DEL16977,Unknown,Unknown,0,0,Truck,0
DEL16978,Unknown,Unknown,0,0,Truck,0
DEL16979,Unknown,Unknown,0,0,Truck,0
DEL16980,Unknown,Unknown,0,0,Truck,0
DEL16981,Unknown,Unknown,0,0,Truck,0
DEL16982,Unknown,Unknown,0,0,Truck,0
DEL16983,Unknown,Unknown,0,0,Truck,0
DEL16984,Unknown,Unknown,0,0,Truck,0
DEL16985,Unknown,Unknown,0,0,Truck,0
DEL16986,Unknown,Unknown,0,0,Truck,0
DEL16987,Unknown,Unknown,0,0,Truck,0
DEL16988,Unknown,Unknown,0,0,Truck,0
DEL16989,Unknown,Unknown,0,0,Truck,0
DEL16990,Unknown,Unknown,0,0,Truck,0
DEL16991,Unknown,Unknown,0,0,Truck,0
DEL16992,Unknown,Unknown,0,0,Truck,0
DEL16993,Unknown,Unknown,0,0,Truck,0
DEL16994,Unknown,Unknown,0,0,Truck,0
DEL16995,Unknown,Unknown,0,0,Truck,0
DEL16996,Unknown,Unknown,0,0,Truck,0
DEL16997,Unknown,Unknown,0,0,Truck,0
DEL16998,Unknown,Unknown,0,0,Truck,0
DEL16999,Unknown,Unknown,0,0,Truck,0
DEL17000,Unknown,Unknown,0,0,Truck,0
DEL17001,Unknown,Unknown,0,0,Truck,0
DEL17002,Unknown,Unknown,0,0,Truck,0
DEL17003,Unknown,Unknown,0,0,Truck,0
DEL17004,Unknown,Unknown,0,0,Truck,0
DEL17005,Unknown,Unknown,0,0,Truck,0
DEL17006,Unknown,Unknown,0,0,Truck,0
DEL17007,Unknown,Unknown,0,0,Truck,0
DEL17008,Unknown,Unknown,0,0,Truck,0
DEL17009,Unknown,Unknown,0,0,Truck,0
DEL17010,Unknown,Unknown,0,0,Truck,0
DEL17011,Unknown,Unknown,0,0,Truck,0
DEL17012,Unknown,Unknown,0,0,Truck,0
DEL17013,Unknown,Unknown,0,0,Truck,0
DEL17014,Unknown,Unknown,0,0,Truck,0
DEL17015,Unknown,Unknown,0,0,Truck,0
DEL17016,Unknown,Unknown,0,0,Truck,0
DEL17017,Unknown,Unknown,0,0,Truck,0
DEL17018,Unknown,Unknown,0,0,Truck,0
DEL17019,Unknown,Unknown,0,0,Truck,0
DEL17020,Unknown,Unknown,0,0,Truck,0
DEL17021,Unknown,Unknown,0,0,Truck,0
DEL17022,Unknown,Unknown,0,0,Truck,0
DEL17023,Unknown,Unknown,0,0,Truck,0
DEL17024,Unknown,Unknown,0,0,Truck,0
DEL17025,Unknown,Unknown,0,0,Truck,0
DEL17026,Unknown,Unknown,0,0,Truck,0
DEL17027,Unknown,Unknown,0,0,Truck,0
DEL17028,Unknown,Unknown,0,0,Truck,0
DEL17029,Unknown,Unknown,0,0,Truck,0
DEL17030,Unknown,Unknown,0,0,Truck,0
DEL17031,Unknown,Unknown,0,0,Truck,0
DEL17032,Unknown,Unknown,0,0,Truck,0
DEL17033,Unknown,Unknown,0,0,Truck,0
DEL17034,Unknown,Unknown,0,0,Truck,0
DEL17035,Unknown,Unknown,0,0,Truck,0
DEL17036,Unknown,Unknown,0,0,Truck,0
DEL17037,Unknown,Unknown,0,0,Truck,0
DEL17038,Unknown,Unknown,0,0,Truck,0
DEL17039,Unknown,Unknown,0,0,Truck,0
DEL17040,Unknown,Unknown,0,0,Truck,0
DEL17041,Unknown,Unknown,0,0,Truck,0
DEL17042,Unknown,Unknown,0,0,Truck,0
DEL17043,Unknown,Unknown,0,0,Truck,0
DEL17044,Unknown,Unknown,0,0,Truck,0
DEL17045,Unknown,Unknown,0,0,Truck,0
DEL17046,Unknown,Unknown,0,0,Truck,0
DEL17047,Unknown,Unknown,0,0,Truck,0
DEL17048,Unknown,Unknown,0,0,Truck,0
DEL17049,Unknown,Unknown,0,0,Truck,0
DEL17050,Unknown,Unknown,0,0,Truck,0
DEL17051,Unknown,Unknown,0,0,Truck,0
DEL17052,Unknown,Unknown,0,0,Truck,0
DEL17053,Unknown,Unknown,0,0,Truck,0
DEL17054,Unknown,Unknown,0,0,Truck,0
DEL17055,Unknown,Unknown,0,0,Truck,0
DEL17056,Unknown,Unknown,0,0,Truck,0
DEL17057,Unknown,Unknown,0,0,Truck,0
DEL17058,Unknown,Unknown,0,0,Truck,0
DEL17059,Unknown,Unknown,0,0,Truck,0
DEL17060,Unknown,Unknown,0,0,Truck,0
DEL17061,Unknown,Unknown,0,0,Truck,0
DEL17062,Unknown,Unknown,0,0,Truck,0
DEL17063,Unknown,Unknown,0,0,Truck,0
DEL17064,Unknown,Unknown,0,0,Truck,0
DEL17065,Unknown,Unknown,0,0,Truck,0
DEL17066,Unknown,Unknown,0,0,Truck,0
DEL17067,Unknown,Unknown,0,0,Truck,0
DEL17068,Unknown,Unknown,0,0,Truck,0
DEL17069,Unknown,Unknown,0,0,Truck,0
DEL17070,Unknown,Unknown,0,0,Truck,0
DEL17071,Unknown,Unknown,0,0,Truck,0
DEL17072,Unknown,Unknown,0,0,Truck,0
DEL17073,Unknown,Unknown,0,0,Truck,0
DEL17074,Unknown,Unknown,0,0,Truck,0
DEL17075,Unknown,Unknown,0,0,Truck,0
DEL17076,Unknown,Unknown,0,0,Truck,0
DEL17077,Unknown,Unknown,0,0,Truck,0
DEL17078,Unknown,Unknown,0,0,Truck,0
DEL17079,Unknown,Unknown,0,0,Truck,0
DEL17080,Unknown,Unknown,0,0,Truck,0
DEL17081,Unknown,Unknown,0,0,Truck,0
DEL17082,Unknown,Unknown,0,0,Truck,0
DEL17083,Unknown,Unknown,0,0,Truck,0
DEL17084,Unknown,Unknown,0,0,Truck,0
DEL17085,Unknown,Unknown,0,0,Truck,0
DEL17086,Unknown,Unknown,0,0,Truck,0
DEL17087,Unknown,Unknown,0,0,Truck,0
DEL17088,Unknown,Unknown,0,0,Truck,0
DEL17089,Unknown,Unknown,0,0,Truck,0
DEL17090,Unknown,Unknown,0,0,Truck,0
DEL17091,Unknown,Unknown,0,0,Truck,0
DEL17092,Unknown,Unknown,0,0,Truck,0
DEL17093,Unknown,Unknown,0,0,Truck,0
DEL17094,Unknown,Unknown,0,0,Truck,0
DEL17095,Unknown,Unknown,0,0,Truck,0
DEL17096,Unknown,Unknown,0,0,Truck,0
DEL17097,Unknown,Unknown,0,0,Truck,0
DEL17098,Unknown,Unknown,0,0,Truck,0
DEL17099,Unknown,Unknown,0,0,Truck,0
DEL17100,Unknown,Unknown,0,0,Truck,0
DEL17101,Unknown,Unknown,0,0,Truck,0
DEL17102,Unknown,Unknown,0,0,Truck,0
DEL17103,Unknown,Unknown,0,0,Truck,0
DEL17104,Unknown,Unknown,0,0,Truck,0
DEL17105,Unknown,Unknown,0,0,Truck,0
DEL17106,Unknown,Unknown,0,0,Truck,0
DEL17107,Unknown,Unknown,0,0,Truck,0
DEL17108,Unknown,Unknown,0,0,Truck,0
DEL17109,Unknown,Unknown,0,0,Truck,0
DEL17110,Unknown,Unknown,0,0,Truck,0
DEL17111,Unknown,Unknown,0,0,Truck,0
DEL17112,Unknown,Unknown,0,0,Truck,0
DEL17113,Unknown,Unknown,0,0,Truck,0
DEL17114,Unknown,Unknown,0,0,Truck,0
DEL17115,Unknown,Unknown,0,0,Truck,0
DEL17116,Unknown,Unknown,0,0,Truck,0
DEL17117,Unknown,Unknown,0,0,Truck,0
DEL17118,Unknown,Unknown,0,0,Truck,0
DEL17119,Unknown,Unknown,0,0,Truck,0
DEL17120,Unknown,Unknown,0,0,Truck,0
DEL17121,Unknown,Unknown,0,0,Truck,0
DEL17122,Unknown,Unknown,0,0,Truck,0
DEL17123,Unknown,Unknown,0,0,Truck,0
DEL17124,Unknown,Unknown,0,0,Truck,0
DEL17125,Unknown,Unknown,0,0,Truck,0
DEL17126,Unknown,Unknown,0,0,Truck,0
DEL17127,Unknown,Unknown,0,0,Truck,0
DEL17128,Unknown,Unknown,0,0,Truck,0
DEL17129,Unknown,Unknown,0,0,Truck,0
DEL17130,Unknown,Unknown,0,0,Truck,0
DEL17131,Unknown,Unknown,0,0,Truck,0
DEL17132,Unknown,Unknown,0,0,Truck,0
DEL17133,Unknown,Unknown,0,0,Truck,0
DEL17134,Unknown,Unknown,0,0,Truck,0
DEL17135,Unknown,Unknown,0,0,Truck,0
DEL17136,Unknown,Unknown,0,0,Truck,0
DEL17137,Unknown,Unknown,0,0,Truck,0
DEL17138,Unknown,Unknown,0,0,Truck,0
DEL17139,Unknown,Unknown,0,0,Truck,0
DEL17140,Unknown,Unknown,0,0,Truck,0
DEL17141,Unknown,Unknown,0,0,Truck,0
DEL17142,Unknown,Unknown,0,0,Truck,0
DEL17143,Unknown,Unknown,0,0,Truck,0
DEL17144,Unknown,Unknown,0,0,Truck,0
DEL17145,Unknown,Unknown,0,0,Truck,0
DEL17146,Unknown,Unknown,0,0,Truck,0
DEL17147,Unknown,Unknown,0,0,Truck,0
DEL17148,Unknown,Unknown,0,0,Truck,0
DEL17149,Unknown,Unknown,0,0,Truck,0
DEL17150,Unknown,Unknown,0,0,Truck,0
DEL17151,Unknown,Unknown,0,0,Truck,0
DEL17152,Unknown,Unknown,0,0,Truck,0
DEL17153,Unknown,Unknown,0,0,Truck,0
DEL17154,Unknown,Unknown,0,0,Truck,0
DEL17155,Unknown,Unknown,0,0,Truck,0
DEL17156,Unknown,Unknown,0,0,Truck,0
DEL17157,Unknown,Unknown,0,0,Truck,0
DEL17158,Unknown,Unknown,0,0,Truck,0
DEL17159,Unknown,Unknown,0,0,Truck,0
DEL17160,Unknown,Unknown,0,0,Truck,0
DEL17161,Unknown,Unknown,0,0,Truck,0
DEL17162,Unknown,Unknown,0,0,Truck,0
DEL17163,Unknown,Unknown,0,0,Truck,0
DEL17164,Unknown,Unknown,0,0,Truck,0
DEL17165,Unknown,Unknown,0,0,Truck,0
DEL17166,Unknown,Unknown,0,0,Truck,0
DEL17167,Unknown,Unknown,0,0,Truck,0
DEL17168,Unknown,Unknown,0,0,Truck,0
DEL17169,Unknown,Unknown,0,0,Truck,0
DEL17170,Unknown,Unknown,0,0,Truck,0
DEL17171,Unknown,Unknown,0,0,Truck,0
DEL17172,Unknown,Unknown,0,0,Truck,0
DEL17173,Unknown,Unknown,0,0,Truck,0
DEL17174,Unknown,Unknown,0,0,Truck,0
DEL17175,Unknown,Unknown,0,0,Truck,0
DEL17176,Unknown,Unknown,0,0,Truck,0
DEL17177,Unknown,Unknown,0,0,Truck,0
DEL17178,Unknown,Unknown,0,0,Truck,0
DEL17179,Unknown,Unknown,0,0,Truck,0
DEL17180,Unknown,Unknown,0,0,Truck,0
DEL17181,Unknown,Unknown,0,0,Truck,0
DEL17182,Unknown,Unknown,0,0,Truck,0
DEL17183,Unknown,Unknown,0,0,Truck,0
DEL17184,Unknown,Unknown,0,0,Truck,0
DEL17185,Unknown,Unknown,0,0,Truck,0
DEL17186,Unknown,Unknown,0,0,Truck,0
DEL17187,Unknown,Unknown,0,0,Truck,0
DEL17188,Unknown,Unknown,0,0,Truck,0
DEL17189,Unknown,Unknown,0,0,Truck,0
DEL17190,Unknown,Unknown,0,0,Truck,0
DEL17191,Unknown,Unknown,0,0,Truck,0
DEL17192,Unknown,Unknown,0,0,Truck,0
DEL17193,Unknown,Unknown,0,0,Truck,0
DEL17194,Unknown,Unknown,0,0,Truck,0
DEL17195,Unknown,Unknown,0,0,Truck,0
DEL17196,Unknown,Unknown,0,0,Truck,0
DEL17197,Unknown,Unknown,0,0,Truck,0
DEL17198,Unknown,Unknown,0,0,Truck,0
DEL17199,Unknown,Unknown,0,0,Truck,0
DEL17200,Unknown,Unknown,0,0,Truck,0
DEL17201,Unknown,Unknown,0,0,Truck,0
DEL17202,Unknown,Unknown,0,0,Truck,0
DEL17203,Unknown,Unknown,0,0,Truck,0
DEL17204,Unknown,Unknown,0,0,Truck,0
DEL17205,Unknown,Unknown,0,0,Truck,0
DEL17206,Unknown,Unknown,0,0,Truck,0
DEL17207,Unknown,Unknown,0,0,Truck,0
DEL17208,Unknown,Unknown,0,0,Truck,0
DEL17209,Unknown,Unknown,0,0,Truck,0
DEL17210,Unknown,Unknown,0,0,Truck,0
DEL17211,Unknown,Unknown,0,0,Truck,0
DEL17212,Unknown,Unknown,0,0,Truck,0
DEL17213,Unknown,Unknown,0,0,Truck,0
DEL17214,Unknown,Unknown,0,0,Truck,0
DEL17215,Unknown,Unknown,0,0,Truck,0
DEL17216,Unknown,Unknown,0,0,Truck,0
DEL17217,Unknown,Unknown,0,0,Truck,0
DEL17218,Unknown,Unknown,0,0,Truck,0
DEL17219,Unknown,Unknown,0,0,Truck,0
DEL17220,Unknown,Unknown,0,0,Truck,0
DEL17221,Unknown,Unknown,0,0,Truck,0
DEL17222,Unknown,Unknown,0,0,Truck,0
DEL17223,Unknown,Unknown,0,0,Truck,0
DEL17224,Unknown,Unknown,0,0,Truck,0
DEL17225,Unknown,Unknown,0,0,Truck,0
DEL17226,Unknown,Unknown,0,0,Truck,0
DEL17227,Unknown,Unknown,0,0,Truck,0
DEL17228,Unknown,Unknown,0,0,Truck,0
DEL17229,Unknown,Unknown,0,0,Truck,0
DEL17230,Unknown,Unknown,0,0,Truck,0
DEL17231,Unknown,Unknown,0,0,Truck,0
DEL17232,Unknown,Unknown,0,0,Truck,0
DEL17233,Unknown,Unknown,0,0,Truck,0
DEL17234,Unknown,Unknown,0,0,Truck,0
DEL17235,Unknown,Unknown,0,0,Truck,0
DEL17236,Unknown,Unknown,0,0,Truck,0
DEL17237,Unknown,Unknown,0,0,Truck,0
DEL17238,Unknown,Unknown,0,0,Truck,0
DEL17239,Unknown,Unknown,0,0,Truck,0
DEL17240,Unknown,Unknown,0,0,Truck,0
DEL17241,Unknown,Unknown,0,0,Truck,0
DEL17242,Unknown,Unknown,0,0,Truck,0
DEL17243,Unknown,Unknown,0,0,Truck,0
DEL17244,Unknown,Unknown,0,0,Truck,0
DEL17245,Unknown,Unknown,0,0,Truck,0
DEL17246,Unknown,Unknown,0,0,Truck,0
DEL17247,Unknown,Unknown,0,0,Truck,0
DEL17248,Unknown,Unknown,0,0,Truck,0
DEL17249,Unknown,Unknown,0,0,Truck,0
DEL17250,Unknown,Unknown,0,0,Truck,0
DEL17251,Unknown,Unknown,0,0,Truck,0
DEL17252,Unknown,Unknown,0,0,Truck,0
DEL17253,Unknown,Unknown,0,0,Truck,0
DEL17254,Unknown,Unknown,0,0,Truck,0
DEL17255,Unknown,Unknown,0,0,Truck,0
DEL17256,Unknown,Unknown,0,0,Truck,0
DEL17257,Unknown,Unknown,0,0,Truck,0
DEL17258,Unknown,Unknown,0,0,Truck,0
DEL17259,Unknown,Unknown,0,0,Truck,0
DEL17260,Unknown,Unknown,0,0,Truck,0
DEL17261,Unknown,Unknown,0,0,Truck,0
DEL17262,Unknown,Unknown,0,0,Truck,0
DEL17263,Unknown,Unknown,0,0,Truck,0
DEL17264,Unknown,Unknown,0,0,Truck,0
DEL17265,Unknown,Unknown,0,0,Truck,0
DEL17266,Unknown,Unknown,0,0,Truck,0
DEL17267,Unknown,Unknown,0,0,Truck,0
DEL17268,Unknown,Unknown,0,0,Truck,0
DEL17269,Unknown,Unknown,0,0,Truck,0
DEL17270,Unknown,Unknown,0,0,Truck,0
DEL17271,Unknown,Unknown,0,0,Truck,0
DEL17272,Unknown,Unknown,0,0,Truck,0
DEL17273,Unknown,Unknown,0,0,Truck,0
DEL17274,Unknown,Unknown,0,0,Truck,0
DEL17275,Unknown,Unknown,0,0,Truck,0
DEL17276,Unknown,Unknown,0,0,Truck,0
DEL17277,Unknown,Unknown,0,0,Truck,0
DEL17278,Unknown,Unknown,0,0,Truck,0
DEL17279,Unknown,Unknown,0,0,Truck,0
DEL17280,Unknown,Unknown,0,0,Truck,0
DEL17281,Unknown,Unknown,0,0,Truck,0
DEL17282,Unknown,Unknown,0,0,Truck,0
DEL17283,Unknown,Unknown,0,0,Truck,0
DEL17284,Unknown,Unknown,0,0,Truck,0
DEL17285,Unknown,Unknown,0,0,Truck,0
DEL17286,Unknown,Unknown,0,0,Truck,0
DEL17287,Unknown,Unknown,0,0,Truck,0
DEL17288,Unknown,Unknown,0,0,Truck,0
DEL17289,Unknown,Unknown,0,0,Truck,0
DEL17290,Unknown,Unknown,0,0,Truck,0
DEL17291,Unknown,Unknown,0,0,Truck,0
DEL17292,Unknown,Unknown,0,0,Truck,0
DEL17293,Unknown,Unknown,0,0,Truck,0
DEL17294,Unknown,Unknown,0,0,Truck,0
DEL17295,Unknown,Unknown,0,0,Truck,0
DEL17296,Unknown,Unknown,0,0,Truck,0
DEL17297,Unknown,Unknown,0,0,Truck,0
DEL17298,Unknown,Unknown,0,0,Truck,0
DEL17299,Unknown,Unknown,0,0,Truck,0
DEL17300,Unknown,Unknown,0,0,Truck,0
DEL17301,Unknown,Unknown,0,0,Truck,0
DEL17302,Unknown,Unknown,0,0,Truck,0
DEL17303,Unknown,Unknown,0,0,Truck,0
DEL17304,Unknown,Unknown,0,0,Truck,0
DEL17305,Unknown,Unknown,0,0,Truck,0
DEL17306,Unknown,Unknown,0,0,Truck,0
DEL17307,Unknown,Unknown,0,0,Truck,0
DEL17308,Unknown,Unknown,0,0,Truck,0
DEL17309,Unknown,Unknown,0,0,Truck,0
DEL17310,Unknown,Unknown,0,0,Truck,0
DEL17311,Unknown,Unknown,0,0,Truck,0
DEL17312,Unknown,Unknown,0,0,Truck,0
DEL17313,Unknown,Unknown,0,0,Truck,0
DEL17314,Unknown,Unknown,0,0,Truck,0
DEL17315,Unknown,Unknown,0,0,Truck,0
DEL17316,Unknown,Unknown,0,0,Truck,0
DEL17317,Unknown,Unknown,0,0,Truck,0
DEL17318,Unknown,Unknown,0,0,Truck,0
DEL17319,Unknown,Unknown,0,0,Truck,0
DEL17320,Unknown,Unknown,0,0,Truck,0
DEL17321,Unknown,Unknown,0,0,Truck,0
DEL17322,Unknown,Unknown,0,0,Truck,0
DEL17323,Unknown,Unknown,0,0,Truck,0
DEL17324,Unknown,Unknown,0,0,Truck,0
DEL17325,Unknown,Unknown,0,0,Truck,0
DEL17326,Unknown,Unknown,0,0,Truck,0
DEL17327,Unknown,Unknown,0,0,Truck,0
DEL17328,Unknown,Unknown,0,0,Truck,0
DEL17329,Unknown,Unknown,0,0,Truck,0
DEL17330,Unknown,Unknown,0,0,Truck,0
DEL17331,Unknown,Unknown,0,0,Truck,0
DEL17332,Unknown,Unknown,0,0,Truck,0
DEL17333,Unknown,Unknown,0,0,Truck,0
DEL17334,Unknown,Unknown,0,0,Truck,0
DEL17335,Unknown,Unknown,0,0,Truck,0
DEL17336,Unknown,Unknown,0,0,Truck,0
DEL17337,Unknown,Unknown,0,0,Truck,0
DEL17338,Unknown,Unknown,0,0,Truck,0
DEL17339,Unknown,Unknown,0,0,Truck,0
DEL17340,Unknown,Unknown,0,0,Truck,0
DEL17341,Unknown,Unknown,0,0,Truck,0
DEL17342,Unknown,Unknown,0,0,Truck,0
DEL17343,Unknown,Unknown,0,0,Truck,0
DEL17344,Unknown,Unknown,0,0,Truck,0
DEL17345,Unknown,Unknown,0,0,Truck,0
DEL17346,Unknown,Unknown,0,0,Truck,0
DEL17347,Unknown,Unknown,0,0,Truck,0
DEL17348,Unknown,Unknown,0,0,Truck,0
DEL17349,Unknown,Unknown,0,0,Truck,0
DEL17350,Unknown,Unknown,0,0,Truck,0
DEL17351,Unknown,Unknown,0,0,Truck,0
DEL17352,Unknown,Unknown,0,0,Truck,0
DEL17353,Unknown,Unknown,0,0,Truck,0
DEL17354,Unknown,Unknown,0,0,Truck,0
DEL17355,Unknown,Unknown,0,0,Truck,0
DEL17356,Unknown,Unknown,0,0,Truck,0
DEL17357,Unknown,Unknown,0,0,Truck,0
DEL17358,Unknown,Unknown,0,0,Truck,0
DEL17359,Unknown,Unknown,0,0,Truck,0
DEL17360,Unknown,Unknown,0,0,Truck,0
DEL17361,Unknown,Unknown,0,0,Truck,0
DEL17362,Unknown,Unknown,0,0,Truck,0
DEL17363,Unknown,Unknown,0,0,Truck,0
DEL17364,Unknown,Unknown,0,0,Truck,0
DEL17365,Unknown,Unknown,0,0,Truck,0
DEL17366,Unknown,Unknown,0,0,Truck,0
DEL17367,Unknown,Unknown,0,0,Truck,0
DEL17368,Unknown,Unknown,0,0,Truck,0
DEL17369,Unknown,Unknown,0,0,Truck,0
DEL17370,Unknown,Unknown,0,0,Truck,0
DEL17371,Unknown,Unknown,0,0,Truck,0
DEL17372,Unknown,Unknown,0,0,Truck,0
DEL17373,Unknown,Unknown,0,0,Truck,0
DEL17374,Unknown,Unknown,0,0,Truck,0
DEL17375,Unknown,Unknown,0,0,Truck,0
DEL17376,Unknown,Unknown,0,0,Truck,0
DEL17377,Unknown,Unknown,0,0,Truck,0
DEL17378,Unknown,Unknown,0,0,Truck,0
DEL17379,Unknown,Unknown,0,0,Truck,0
DEL17380,Unknown,Unknown,0,0,Truck,0
DEL17381,Unknown,Unknown,0,0,Truck,0
DEL17382,Unknown,Unknown,0,0,Truck,0
DEL17383,Unknown,Unknown,0,0,Truck,0
DEL17384,Unknown,Unknown,0,0,Truck,0
DEL17385,Unknown,Unknown,0,0,Truck,0
DEL17386,Unknown,Unknown,0,0,Truck,0
DEL17387,Unknown,Unknown,0,0,Truck,0
DEL17388,Unknown,Unknown,0,0,Truck,0
DEL17389,Unknown,Unknown,0,0,Truck,0
DEL17390,Unknown,Unknown,0,0,Truck,0
DEL17391,Unknown,Unknown,0,0,Truck,0
DEL17392,Unknown,Unknown,0,0,Truck,0
DEL17393,Unknown,Unknown,0,0,Truck,0
DEL17394,Unknown,Unknown,0,0,Truck,0
DEL17395,Unknown,Unknown,0,0,Truck,0
DEL17396,Unknown,Unknown,0,0,Truck,0
DEL17397,Unknown,Unknown,0,0,Truck,0
DEL17398,Unknown,Unknown,0,0,Truck,0
DEL17399,Unknown,Unknown,0,0,Truck,0
DEL17400,Unknown,Unknown,0,0,Truck,0
DEL17401,Unknown,Unknown,0,0,Truck,0
DEL17402,Unknown,Unknown,0,0,Truck,0
DEL17403,Unknown,Unknown,0,0,Truck,0
DEL17404,Unknown,Unknown,0,0,Truck,0
DEL17405,Unknown,Unknown,0,0,Truck,0
DEL17406,Unknown,Unknown,0,0,Truck,0
DEL17407,Unknown,Unknown,0,0,Truck,0
DEL17408,Unknown,Unknown,0,0,Truck,0
DEL17409,Unknown,Unknown,0,0,Truck,0
DEL17410,Unknown,Unknown,0,0,Truck,0
DEL17411,Unknown,Unknown,0,0,Truck,0
DEL17412,Unknown,Unknown,0,0,Truck,0
DEL17413,Unknown,Unknown,0,0,Truck,0
DEL17414,Unknown,Unknown,0,0,Truck,0
DEL17415,Unknown,Unknown,0,0,Truck,0
DEL17416,Unknown,Unknown,0,0,Truck,0
DEL17417,Unknown,Unknown,0,0,Truck,0
DEL17418,Unknown,Unknown,0,0,Truck,0
DEL17419,Unknown,Unknown,0,0,Truck,0
DEL17420,Unknown,Unknown,0,0,Truck,0
DEL17421,Unknown,Unknown,0,0,Truck,0
DEL17422,Unknown,Unknown,0,0,Truck,0
DEL17423,Unknown,Unknown,0,0,Truck,0
DEL17424,Unknown,Unknown,0,0,Truck,0
DEL17425,Unknown,Unknown,0,0,Truck,0
DEL17426,Unknown,Unknown,0,0,Truck,0
DEL17427,Unknown,Unknown,0,0,Truck,0
DEL17428,Unknown,Unknown,0,0,Truck,0
DEL17429,Unknown,Unknown,0,0,Truck,0
DEL17430,Unknown,Unknown,0,0,Truck,0
DEL17431,Unknown,Unknown,0,0,Truck,0
DEL17432,Unknown,Unknown,0,0,Truck,0
DEL17433,Unknown,Unknown,0,0,Truck,0
DEL17434,Unknown,Unknown,0,0,Truck,0
DEL17435,Unknown,Unknown,0,0,Truck,0
DEL17436,Unknown,Unknown,0,0,Truck,0
DEL17437,Unknown,Unknown,0,0,Truck,0
DEL17438,Unknown,Unknown,0,0,Truck,0
DEL17439,Unknown,Unknown,0,0,Truck,0
DEL17440,Unknown,Unknown,0,0,Truck,0
DEL17441,Unknown,Unknown,0,0,Truck,0
DEL17442,Unknown,Unknown,0,0,Truck,0
DEL17443,Unknown,Unknown,0,0,Truck,0
DEL17444,Unknown,Unknown,0,0,Truck,0
DEL17445,Unknown,Unknown,0,0,Truck,0
DEL17446,Unknown,Unknown,0,0,Truck,0
DEL17447,Unknown,Unknown,0,0,Truck,0
DEL17448,Unknown,Unknown,0,0,Truck,0
DEL17449,Unknown,Unknown,0,0,Truck,0
DEL17450,Unknown,Unknown,0,0,Truck,0
DEL17451,Unknown,Unknown,0,0,Truck,0
DEL17452,Unknown,Unknown,0,0,Truck,0
DEL17453,Unknown,Unknown,0,0,Truck,0
DEL17454,Unknown,Unknown,0,0,Truck,0
DEL17455,Unknown,Unknown,0,0,Truck,0
DEL17456,Unknown,Unknown,0,0,Truck,0
DEL17457,Unknown,Unknown,0,0,Truck,0
DEL17458,Unknown,Unknown,0,0,Truck,0
DEL17459,Unknown,Unknown,0,0,Truck,0
DEL17460,Unknown,Unknown,0,0,Truck,0
DEL17461,Unknown,Unknown,0,0,Truck,0
DEL17462,Unknown,Unknown,0,0,Truck,0
DEL17463,Unknown,Unknown,0,0,Truck,0
DEL17464,Unknown,Unknown,0,0,Truck,0
DEL17465,Unknown,Unknown,0,0,Truck,0
DEL17466,Unknown,Unknown,0,0,Truck,0
DEL17467,Unknown,Unknown,0,0,Truck,0
DEL17468,Unknown,Unknown,0,0,Truck,0
DEL17469,Unknown,Unknown,0,0,Truck,0
DEL17470,Unknown,Unknown,0,0,Truck,0
DEL17471,Unknown,Unknown,0,0,Truck,0
DEL17472,Unknown,Unknown,0,0,Truck,0
DEL17473,Unknown,Unknown,0,0,Truck,0
DEL17474,Unknown,Unknown,0,0,Truck,0
DEL17475,Unknown,Unknown,0,0,Truck,0
DEL17476,Unknown,Unknown,0,0,Truck,0
DEL17477,Unknown,Unknown,0,0,Truck,0
DEL17478,Unknown,Unknown,0,0,Truck,0
DEL17479,Unknown,Unknown,0,0,Truck,0
DEL17480,Unknown,Unknown,0,0,Truck,0
DEL17481,Unknown,Unknown,0,0,Truck,0
DEL17482,Unknown,Unknown,0,0,Truck,0
DEL17483,Unknown,Unknown,0,0,Truck,0
DEL17484,Unknown,Unknown,0,0,Truck,0
DEL17485,Unknown,Unknown,0,0,Truck,0
DEL17486,Unknown,Unknown,0,0,Truck,0
DEL17487,Unknown,Unknown,0,0,Truck,0
DEL17488,Unknown,Unknown,0,0,Truck,0
DEL17489,Unknown,Unknown,0,0,Truck,0
DEL17490,Unknown,Unknown,0,0,Truck,0
DEL17491,Unknown,Unknown,0,0,Truck,0
DEL17492,Unknown,Unknown,0,0,Truck,0
DEL17493,Unknown,Unknown,0,0,Truck,0
DEL17494,Unknown,Unknown,0,0,Truck,0
DEL17495,Unknown,Unknown,0,0,Truck,0
DEL17496,Unknown,Unknown,0,0,Truck,0
DEL17497,Unknown,Unknown,0,0,Truck,0
DEL17498,Unknown,Unknown,0,0,Truck,0
DEL17499,Unknown,Unknown,0,0,Truck,0
DEL17500,Unknown,Unknown,0,0,Truck,0
DEL17501,Unknown,Unknown,0,0,Truck,0
DEL17502,Unknown,Unknown,0,0,Truck,0
DEL17503,Unknown,Unknown,0,0,Truck,0
DEL17504,Unknown,Unknown,0,0,Truck,0
DEL17505,Unknown,Unknown,0,0,Truck,0
DEL17506,Unknown,Unknown,0,0,Truck,0
DEL17507,Unknown,Unknown,0,0,Truck,0
DEL17508,Unknown,Unknown,0,0,Truck,0
DEL17509,Unknown,Unknown,0,0,Truck,0
DEL17510,Unknown,Unknown,0,0,Truck,0
DEL17511,Unknown,Unknown,0,0,Truck,0
DEL17512,Unknown,Unknown,0,0,Truck,0
DEL17513,Unknown,Unknown,0,0,Truck,0
DEL17514,Unknown,Unknown,0,0,Truck,0
DEL17515,Unknown,Unknown,0,0,Truck,0
DEL17516,Unknown,Unknown,0,0,Truck,0
DEL17517,Unknown,Unknown,0,0,Truck,0
DEL17518,Unknown,Unknown,0,0,Truck,0
DEL17519,Unknown,Unknown,0,0,Truck,0
DEL17520,Unknown,Unknown,0,0,Truck,0
DEL17521,Unknown,Unknown,0,0,Truck,0
DEL17522,Unknown,Unknown,0,0,Truck,0
DEL17523,Unknown,Unknown,0,0,Truck,0
DEL17524,Unknown,Unknown,0,0,Truck,0
DEL17525,Unknown,Unknown,0,0,Truck,0
DEL17526,Unknown,Unknown,0,0,Truck,0
DEL17527,Unknown,Unknown,0,0,Truck,0
DEL17528,Unknown,Unknown,0,0,Truck,0
DEL17529,Unknown,Unknown,0,0,Truck,0
DEL17530,Unknown,Unknown,0,0,Truck,0
DEL17531,Unknown,Unknown,0,0,Truck,0
DEL17532,Unknown,Unknown,0,0,Truck,0
DEL17533,Unknown,Unknown,0,0,Truck,0
DEL17534,Unknown,Unknown,0,0,Truck,0
DEL17535,Unknown,Unknown,0,0,Truck,0
DEL17536,Unknown,Unknown,0,0,Truck,0
DEL17537,Unknown,Unknown,0,0,Truck,0
DEL17538,Unknown,Unknown,0,0,Truck,0
DEL17539,Unknown,Unknown,0,0,Truck,0
DEL17540,Unknown,Unknown,0,0,Truck,0
DEL17541,Unknown,Unknown,0,0,Truck,0
DEL17542,Unknown,Unknown,0,0,Truck,0
DEL17543,Unknown,Unknown,0,0,Truck,0
DEL17544,Unknown,Unknown,0,0,Truck,0
DEL17545,Unknown,Unknown,0,0,Truck,0
DEL17546,Unknown,Unknown,0,0,Truck,0
DEL17547,Unknown,Unknown,0,0,Truck,0
DEL17548,Unknown,Unknown,0,0,Truck,0
DEL17549,Unknown,Unknown,0,0,Truck,0
DEL17550,Unknown,Unknown,0,0,Truck,0
DEL17551,Unknown,Unknown,0,0,Truck,0
DEL17552,Unknown,Unknown,0,0,Truck,0
DEL17553,Unknown,Unknown,0,0,Truck,0
DEL17554,Unknown,Unknown,0,0,Truck,0
DEL17555,Unknown,Unknown,0,0,Truck,0
DEL17556,Unknown,Unknown,0,0,Truck,0
DEL17557,Unknown,Unknown,0,0,Truck,0
DEL17558,Unknown,Unknown,0,0,Truck,0
DEL17559,Unknown,Unknown,0,0,Truck,0
DEL17560,Unknown,Unknown,0,0,Truck,0
DEL17561,Unknown,Unknown,0,0,Truck,0
DEL17562,Unknown,Unknown,0,0,Truck,0
DEL17563,Unknown,Unknown,0,0,Truck,0
DEL17564,Unknown,Unknown,0,0,Truck,0
DEL17565,Unknown,Unknown,0,0,Truck,0
DEL17566,Unknown,Unknown,0,0,Truck,0
DEL17567,Unknown,Unknown,0,0,Truck,0
DEL17568,Unknown,Unknown,0,0,Truck,0
DEL17569,Unknown,Unknown,0,0,Truck,0
DEL17570,Unknown,Unknown,0,0,Truck,0
DEL17571,Unknown,Unknown,0,0,Truck,0
DEL17572,Unknown,Unknown,0,0,Truck,0
DEL17573,Unknown,Unknown,0,0,Truck,0
DEL17574,Unknown,Unknown,0,0,Truck,0
DEL17575,Unknown,Unknown,0,0,Truck,0
DEL17576,Unknown,Unknown,0,0,Truck,0
DEL17577,Unknown,Unknown,0,0,Truck,0
DEL17578,Unknown,Unknown,0,0,Truck,0
DEL17579,Unknown,Unknown,0,0,Truck,0
DEL17580,Unknown,Unknown,0,0,Truck,0
DEL17581,Unknown,Unknown,0,0,Truck,0
DEL17582,Unknown,Unknown,0,0,Truck,0
DEL17583,Unknown,Unknown,0,0,Truck,0
DEL17584,Unknown,Unknown,0,0,Truck,0
DEL17585,Unknown,Unknown,0,0,Truck,0
DEL17586,Unknown,Unknown,0,0,Truck,0
DEL17587,Unknown,Unknown,0,0,Truck,0
DEL17588,Unknown,Unknown,0,0,Truck,0
DEL17589,Unknown,Unknown,0,0,Truck,0
DEL17590,Unknown,Unknown,0,0,Truck,0
DEL17591,Unknown,Unknown,0,0,Truck,0
DEL17592,Unknown,Unknown,0,0,Truck,0
DEL17593,Unknown,Unknown,0,0,Truck,0
DEL17594,Unknown,Unknown,0,0,Truck,0
DEL17595,Unknown,Unknown,0,0,Truck,0
DEL17596,Unknown,Unknown,0,0,Truck,0
DEL17597,Unknown,Unknown,0,0,Truck,0
DEL17598,Unknown,Unknown,0,0,Truck,0
DEL17599,Unknown,Unknown,0,0,Truck,0
DEL17600,Unknown,Unknown,0,0,Truck,0
DEL17601,Unknown,Unknown,0,0,Truck,0
DEL17602,Unknown,Unknown,0,0,Truck,0
DEL17603,Unknown,Unknown,0,0,Truck,0
DEL17604,Unknown,Unknown,0,0,Truck,0
DEL17605,Unknown,Unknown,0,0,Truck,0
DEL17606,Unknown,Unknown,0,0,Truck,0
DEL17607,Unknown,Unknown,0,0,Truck,0
DEL17608,Unknown,Unknown,0,0,Truck,0
DEL17609,Unknown,Unknown,0,0,Truck,0
DEL17610,Unknown,Unknown,0,0,Truck,0
DEL17611,Unknown,Unknown,0,0,Truck,0
DEL17612,Unknown,Unknown,0,0,Truck,0
DEL17613,Unknown,Unknown,0,0,Truck,0
DEL17614,Unknown,Unknown,0,0,Truck,0
DEL17615,Unknown,Unknown,0,0,Truck,0
DEL17616,Unknown,Unknown,0,0,Truck,0
DEL17617,Unknown,Unknown,0,0,Truck,0
DEL17618,Unknown,Unknown,0,0,Truck,0
DEL17619,Unknown,Unknown,0,0,Truck,0
DEL17620,Unknown,Unknown,0,0,Truck,0
DEL17621,Unknown,Unknown,0,0,Truck,0
DEL17622,Unknown,Unknown,0,0,Truck,0
DEL17623,Unknown,Unknown,0,0,Truck,0
DEL17624,Unknown,Unknown,0,0,Truck,0
DEL17625,Unknown,Unknown,0,0,Truck,0
DEL17626,Unknown,Unknown,0,0,Truck,0
DEL17627,Unknown,Unknown,0,0,Truck,0
DEL17628,Unknown,Unknown,0,0,Truck,0
DEL17629,Unknown,Unknown,0,0,Truck,0
DEL17630,Unknown,Unknown,0,0,Truck,0
DEL17631,Unknown,Unknown,0,0,Truck,0
DEL17632,Unknown,Unknown,0,0,Truck,0
DEL17633,Unknown,Unknown,0,0,Truck,0
DEL17634,Unknown,Unknown,0,0,Truck,0
DEL17635,Unknown,Unknown,0,0,Truck,0
DEL17636,Unknown,Unknown,0,0,Truck,0
DEL17637,Unknown,Unknown,0,0,Truck,0
DEL17638,Unknown,Unknown,0,0,Truck,0
DEL17639,Unknown,Unknown,0,0,Truck,0
DEL17640,Unknown,Unknown,0,0,Truck,0
DEL17641,Unknown,Unknown,0,0,Truck,0
DEL17642,Unknown,Unknown,0,0,Truck,0
DEL17643,Unknown,Unknown,0,0,Truck,0
DEL17644,Unknown,Unknown,0,0,Truck,0
DEL17645,Unknown,Unknown,0,0,Truck,0
DEL17646,Unknown,Unknown,0,0,Truck,0
DEL17647,Unknown,Unknown,0,0,Truck,0
DEL17648,Unknown,Unknown,0,0,Truck,0
DEL17649,Unknown,Unknown,0,0,Truck,0
DEL17650,Unknown,Unknown,0,0,Truck,0
DEL17651,Unknown,Unknown,0,0,Truck,0
DEL17652,Unknown,Unknown,0,0,Truck,0
DEL17653,Unknown,Unknown,0,0,Truck,0
DEL17654,Unknown,Unknown,0,0,Truck,0
DEL17655,Unknown,Unknown,0,0,Truck,0
DEL17656,Unknown,Unknown,0,0,Truck,0
DEL17657,Unknown,Unknown,0,0,Truck,0
DEL17658,Unknown,Unknown,0,0,Truck,0
DEL17659,Unknown,Unknown,0,0,Truck,0
DEL17660,Unknown,Unknown,0,0,Truck,0
DEL17661,Unknown,Unknown,0,0,Truck,0
DEL17662,Unknown,Unknown,0,0,Truck,0
DEL17663,Unknown,Unknown,0,0,Truck,0
DEL17664,Unknown,Unknown,0,0,Truck,0
DEL17665,Unknown,Unknown,0,0,Truck,0
DEL17666,Unknown,Unknown,0,0,Truck,0
DEL17667,Unknown,Unknown,0,0,Truck,0
DEL17668,Unknown,Unknown,0,0,Truck,0
DEL17669,Unknown,Unknown,0,0,Truck,0
DEL17670,Unknown,Unknown,0,0,Truck,0
DEL17671,Unknown,Unknown,0,0,Truck,0
DEL17672,Unknown,Unknown,0,0,Truck,0
DEL17673,Unknown,Unknown,0,0,Truck,0
DEL17674,Unknown,Unknown,0,0,Truck,0
DEL17675,Unknown,Unknown,0,0,Truck,0
DEL17676,Unknown,Unknown,0,0,Truck,0
DEL17677,Unknown,Unknown,0,0,Truck,0
DEL17678,Unknown,Unknown,0,0,Truck,0
DEL17679,Unknown,Unknown,0,0,Truck,0
DEL17680,Unknown,Unknown,0,0,Truck,0
DEL17681,Unknown,Unknown,0,0,Truck,0
DEL17682,Unknown,Unknown,0,0,Truck,0
DEL17683,Unknown,Unknown,0,0,Truck,0
DEL17684,Unknown,Unknown,0,0,Truck,0
DEL17685,Unknown,Unknown,0,0,Truck,0
DEL17686,Unknown,Unknown,0,0,Truck,0
DEL17687,Unknown,Unknown,0,0,Truck,0
DEL17688,Unknown,Unknown,0,0,Truck,0
DEL17689,Unknown,Unknown,0,0,Truck,0
DEL17690,Unknown,Unknown,0,0,Truck,0
DEL17691,Unknown,Unknown,0,0,Truck,0
DEL17692,Unknown,Unknown,0,0,Truck,0
DEL17693,Unknown,Unknown,0,0,Truck,0
DEL17694,Unknown,Unknown,0,0,Truck,0
DEL17695,Unknown,Unknown,0,0,Truck,0
DEL17696,Unknown,Unknown,0,0,Truck,0
DEL17697,Unknown,Unknown,0,0,Truck,0
DEL17698,Unknown,Unknown,0,0,Truck,0
DEL17699,Unknown,Unknown,0,0,Truck,0
DEL17700,Unknown,Unknown,0,0,Truck,0
DEL17701,Unknown,Unknown,0,0,Truck,0
DEL17702,Unknown,Unknown,0,0,Truck,0
DEL17703,Unknown,Unknown,0,0,Truck,0
DEL17704,Unknown,Unknown,0,0,Truck,0
DEL17705,Unknown,Unknown,0,0,Truck,0
DEL17706,Unknown,Unknown,0,0,Truck,0
DEL17707,Unknown,Unknown,0,0,Truck,0
DEL17708,Unknown,Unknown,0,0,Truck,0
DEL17709,Unknown,Unknown,0,0,Truck,0
DEL17710,Unknown,Unknown,0,0,Truck,0
DEL17711,Unknown,Unknown,0,0,Truck,0
DEL17712,Unknown,Unknown,0,0,Truck,0
DEL17713,Unknown,Unknown,0,0,Truck,0
DEL17714,Unknown,Unknown,0,0,Truck,0
DEL17715,Unknown,Unknown,0,0,Truck,0
DEL17716,Unknown,Unknown,0,0,Truck,0
DEL17717,Unknown,Unknown,0,0,Truck,0
DEL17718,Unknown,Unknown,0,0,Truck,0
DEL17719,Unknown,Unknown,0,0,Truck,0
DEL17720,Unknown,Unknown,0,0,Truck,0
DEL17721,Unknown,Unknown,0,0,Truck,0
DEL17722,Unknown,Unknown,0,0,Truck,0
DEL17723,Unknown,Unknown,0,0,Truck,0
DEL17724,Unknown,Unknown,0,0,Truck,0
DEL17725,Unknown,Unknown,0,0,Truck,0
DEL17726,Unknown,Unknown,0,0,Truck,0
DEL17727,Unknown,Unknown,0,0,Truck,0
DEL17728,Unknown,Unknown,0,0,Truck,0
DEL17729,Unknown,Unknown,0,0,Truck,0
DEL17730,Unknown,Unknown,0,0,Truck,0
DEL17731,Unknown,Unknown,0,0,Truck,0
DEL17732,Unknown,Unknown,0,0,Truck,0
DEL17733,Unknown,Unknown,0,0,Truck,0
DEL17734,Unknown,Unknown,0,0,Truck,0
DEL17735,Unknown,Unknown,0,0,Truck,0
DEL17736,Unknown,Unknown,0,0,Truck,0
DEL17737,Unknown,Unknown,0,0,Truck,0
DEL17738,Unknown,Unknown,0,0,Truck,0
DEL17739,Unknown,Unknown,0,0,Truck,0
DEL17740,Unknown,Unknown,0,0,Truck,0
DEL17741,Unknown,Unknown,0,0,Truck,0
DEL17742,Unknown,Unknown,0,0,Truck,0
DEL17743,Unknown,Unknown,0,0,Truck,0
DEL17744,Unknown,Unknown,0,0,Truck,0
DEL17745,Unknown,Unknown,0,0,Truck,0
DEL17746,Unknown,Unknown,0,0,Truck,0
DEL17747,Unknown,Unknown,0,0,Truck,0
DEL17748,Unknown,Unknown,0,0,Truck,0
DEL17749,Unknown,Unknown,0,0,Truck,0
DEL17750,Unknown,Unknown,0,0,Truck,0
DEL17751,Unknown,Unknown,0,0,Truck,0
DEL17752,Unknown,Unknown,0,0,Truck,0
DEL17753,Unknown,Unknown,0,0,Truck,0
DEL17754,Unknown,Unknown,0,0,Truck,0
DEL17755,Unknown,Unknown,0,0,Truck,0
DEL17756,Unknown,Unknown,0,0,Truck,0
DEL17757,Unknown,Unknown,0,0,Truck,0
DEL17758,Unknown,Unknown,0,0,Truck,0
DEL17759,Unknown,Unknown,0,0,Truck,0
DEL17760,Unknown,Unknown,0,0,Truck,0
DEL17761,Unknown,Unknown,0,0,Truck,0
DEL17762,Unknown,Unknown,0,0,Truck,0
DEL17763,Unknown,Unknown,0,0,Truck,0
DEL17764,Unknown,Unknown,0,0,Truck,0
DEL17765,Unknown,Unknown,0,0,Truck,0
DEL17766,Unknown,Unknown,0,0,Truck,0
DEL17767,Unknown,Unknown,0,0,Truck,0
DEL17768,Unknown,Unknown,0,0,Truck,0
DEL17769,Unknown,Unknown,0,0,Truck,0
DEL17770,Unknown,Unknown,0,0,Truck,0
DEL17771,Unknown,Unknown,0,0,Truck,0
DEL17772,Unknown,Unknown,0,0,Truck,0
DEL17773,Unknown,Unknown,0,0,Truck,0
DEL17774,Unknown,Unknown,0,0,Truck,0
DEL17775,Unknown,Unknown,0,0,Truck,0
DEL17776,Unknown,Unknown,0,0,Truck,0
DEL17777,Unknown,Unknown,0,0,Truck,0
DEL17778,Unknown,Unknown,0,0,Truck,0
DEL17779,Unknown,Unknown,0,0,Truck,0
DEL17780,Unknown,Unknown,0,0,Truck,0
DEL17781,Unknown,Unknown,0,0,Truck,0
DEL17782,Unknown,Unknown,0,0,Truck,0
DEL17783,Unknown,Unknown,0,0,Truck,0
DEL17784,Unknown,Unknown,0,0,Truck,0
DEL17785,Unknown,Unknown,0,0,Truck,0
DEL17786,Unknown,Unknown,0,0,Truck,0
DEL17787,Unknown,Unknown,0,0,Truck,0
DEL17788,Unknown,Unknown,0,0,Truck,0
DEL17789,Unknown,Unknown,0,0,Truck,0
DEL17790,Unknown,Unknown,0,0,Truck,0
DEL17791,Unknown,Unknown,0,0,Truck,0
DEL17792,Unknown,Unknown,0,0,Truck,0
DEL17793,Unknown,Unknown,0,0,Truck,0
DEL17794,Unknown,Unknown,0,0,Truck,0
DEL17795,Unknown,Unknown,0,0,Truck,0
DEL17796,Unknown,Unknown,0,0,Truck,0
DEL17797,Unknown,Unknown,0,0,Truck,0
DEL17798,Unknown,Unknown,0,0,Truck,0
DEL17799,Unknown,Unknown,0,0,Truck,0
DEL17800,Unknown,Unknown,0,0,Truck,0
DEL17801,Unknown,Unknown,0,0,Truck,0
DEL17802,Unknown,Unknown,0,0,Truck,0
DEL17803,Unknown,Unknown,0,0,Truck,0
DEL17804,Unknown,Unknown,0,0,Truck,0
DEL17805,Unknown,Unknown,0,0,Truck,0
DEL17806,Unknown,Unknown,0,0,Truck,0
DEL17807,Unknown,Unknown,0,0,Truck,0
DEL17808,Unknown,Unknown,0,0,Truck,0
DEL17809,Unknown,Unknown,0,0,Truck,0
DEL17810,Unknown,Unknown,0,0,Truck,0
DEL17811,Unknown,Unknown,0,0,Truck,0
DEL17812,Unknown,Unknown,0,0,Truck,0
DEL17813,Unknown,Unknown,0,0,Truck,0
DEL17814,Unknown,Unknown,0,0,Truck,0
DEL17815,Unknown,Unknown,0,0,Truck,0
DEL17816,Unknown,Unknown,0,0,Truck,0
DEL17817,Unknown,Unknown,0,0,Truck,0
DEL17818,Unknown,Unknown,0,0,Truck,0
DEL17819,Unknown,Unknown,0,0,Truck,0
DEL17820,Unknown,Unknown,0,0,Truck,0
DEL17821,Unknown,Unknown,0,0,Truck,0
DEL17822,Unknown,Unknown,0,0,Truck,0
DEL17823,Unknown,Unknown,0,0,Truck,0
DEL17824,Unknown,Unknown,0,0,Truck,0
DEL17825,Unknown,Unknown,0,0,Truck,0
DEL17826,Unknown,Unknown,0,0,Truck,0
DEL17827,Unknown,Unknown,0,0,Truck,0
DEL17828,Unknown,Unknown,0,0,Truck,0
DEL17829,Unknown,Unknown,0,0,Truck,0
DEL17830,Unknown,Unknown,0,0,Truck,0
DEL17831,Unknown,Unknown,0,0,Truck,0
DEL17832,Unknown,Unknown,0,0,Truck,0
DEL17833,Unknown,Unknown,0,0,Truck,0
DEL17834,Unknown,Unknown,0,0,Truck,0
DEL17835,Unknown,Unknown,0,0,Truck,0
DEL17836,Unknown,Unknown,0,0,Truck,0
DEL17837,Unknown,Unknown,0,0,Truck,0
DEL17838,Unknown,Unknown,0,0,Truck,0
DEL17839,Unknown,Unknown,0,0,Truck,0
DEL17840,Unknown,Unknown,0,0,Truck,0
DEL17841,Unknown,Unknown,0,0,Truck,0
DEL17842,Unknown,Unknown,0,0,Truck,0
DEL17843,Unknown,Unknown,0,0,Truck,0
DEL17844,Unknown,Unknown,0,0,Truck,0
DEL17845,Unknown,Unknown,0,0,Truck,0
DEL17846,Unknown,Unknown,0,0,Truck,0
DEL17847,Unknown,Unknown,0,0,Truck,0
DEL17848,Unknown,Unknown,0,0,Truck,0
DEL17849,Unknown,Unknown,0,0,Truck,0
DEL17850,Unknown,Unknown,0,0,Truck,0
DEL17851,Unknown,Unknown,0,0,Truck,0
DEL17852,Unknown,Unknown,0,0,Truck,0
DEL17853,Unknown,Unknown,0,0,Truck,0
DEL17854,Unknown,Unknown,0,0,Truck,0
DEL17855,Unknown,Unknown,0,0,Truck,0
DEL17856,Unknown,Unknown,0,0,Truck,0
DEL17857,Unknown,Unknown,0,0,Truck,0
DEL17858,Unknown,Unknown,0,0,Truck,0
DEL17859,Unknown,Unknown,0,0,Truck,0
DEL17860,Unknown,Unknown,0,0,Truck,0
DEL17861,Unknown,Unknown,0,0,Truck,0
DEL17862,Unknown,Unknown,0,0,Truck,0
DEL17863,Unknown,Unknown,0,0,Truck,0
DEL17864,Unknown,Unknown,0,0,Truck,0
DEL17865,Unknown,Unknown,0,0,Truck,0
DEL17866,Unknown,Unknown,0,0,Truck,0
DEL17867,Unknown,Unknown,0,0,Truck,0
DEL17868,Unknown,Unknown,0,0,Truck,0
DEL17869,Unknown,Unknown,0,0,Truck,0
DEL17870,Unknown,Unknown,0,0,Truck,0
DEL17871,Unknown,Unknown,0,0,Truck,0
DEL17872,Unknown,Unknown,0,0,Truck,0
DEL17873,Unknown,Unknown,0,0,Truck,0
DEL17874,Unknown,Unknown,0,0,Truck,0
DEL17875,Unknown,Unknown,0,0,Truck,0
DEL17876,Unknown,Unknown,0,0,Truck,0
DEL17877,Unknown,Unknown,0,0,Truck,0
DEL17878,Unknown,Unknown,0,0,Truck,0
DEL17879,Unknown,Unknown,0,0,Truck,0
DEL17880,Unknown,Unknown,0,0,Truck,0
DEL17881,Unknown,Unknown,0,0,Truck,0
DEL17882,Unknown,Unknown,0,0,Truck,0
DEL17883,Unknown,Unknown,0,0,Truck,0
DEL17884,Unknown,Unknown,0,0,Truck,0
DEL17885,Unknown,Unknown,0,0,Truck,0
DEL17886,Unknown,Unknown,0,0,Truck,0
DEL17887,Unknown,Unknown,0,0,Truck,0
DEL17888,Unknown,Unknown,0,0,Truck,0
DEL17889,Unknown,Unknown,0,0,Truck,0
DEL17890,Unknown,Unknown,0,0,Truck,0
DEL17891,Unknown,Unknown,0,0,Truck,0
DEL17892,Unknown,Unknown,0,0,Truck,0
DEL17893,Unknown,Unknown,0,0,Truck,0
DEL17894,Unknown,Unknown,0,0,Truck,0
DEL17895,Unknown,Unknown,0,0,Truck,0
DEL17896,Unknown,Unknown,0,0,Truck,0
DEL17897,Unknown,Unknown,0,0,Truck,0
DEL17898,Unknown,Unknown,0,0,Truck,0
DEL17899,Unknown,Unknown,0,0,Truck,0
DEL17900,Unknown,Unknown,0,0,Truck,0
DEL17901,Unknown,Unknown,0,0,Truck,0
DEL17902,Unknown,Unknown,0,0,Truck,0
DEL17903,Unknown,Unknown,0,0,Truck,0
DEL17904,Unknown,Unknown,0,0,Truck,0
DEL17905,Unknown,Unknown,0,0,Truck,0
DEL17906,Unknown,Unknown,0,0,Truck,0
DEL17907,Unknown,Unknown,0,0,Truck,0
DEL17908,Unknown,Unknown,0,0,Truck,0
DEL17909,Unknown,Unknown,0,0,Truck,0
DEL17910,Unknown,Unknown,0,0,Truck,0
DEL17911,Unknown,Unknown,0,0,Truck,0
DEL17912,Unknown,Unknown,0,0,Truck,0
DEL17913,Unknown,Unknown,0,0,Truck,0
DEL17914,Unknown,Unknown,0,0,Truck,0
DEL17915,Unknown,Unknown,0,0,Truck,0
DEL17916,Unknown,Unknown,0,0,Truck,0
DEL17917,Unknown,Unknown,0,0,Truck,0
DEL17918,Unknown,Unknown,0,0,Truck,0
DEL17919,Unknown,Unknown,0,0,Truck,0
DEL17920,Unknown,Unknown,0,0,Truck,0
DEL17921,Unknown,Unknown,0,0,Truck,0
DEL17922,Unknown,Unknown,0,0,Truck,0
DEL17923,Unknown,Unknown,0,0,Truck,0
DEL17924,Unknown,Unknown,0,0,Truck,0
DEL17925,Unknown,Unknown,0,0,Truck,0
DEL17926,Unknown,Unknown,0,0,Truck,0
DEL17927,Unknown,Unknown,0,0,Truck,0
DEL17928,Unknown,Unknown,0,0,Truck,0
DEL17929,Unknown,Unknown,0,0,Truck,0
DEL17930,Unknown,Unknown,0,0,Truck,0
DEL17931,Unknown,Unknown,0,0,Truck,0
DEL17932,Unknown,Unknown,0,0,Truck,0
DEL17933,Unknown,Unknown,0,0,Truck,0
DEL17934,Unknown,Unknown,0,0,Truck,0
DEL17935,Unknown,Unknown,0,0,Truck,0
DEL17936,Unknown,Unknown,0,0,Truck,0
DEL17937,Unknown,Unknown,0,0,Truck,0
DEL17938,Unknown,Unknown,0,0,Truck,0
DEL17939,Unknown,Unknown,0,0,Truck,0
DEL17940,Unknown,Unknown,0,0,Truck,0
DEL17941,Unknown,Unknown,0,0,Truck,0
DEL17942,Unknown,Unknown,0,0,Truck,0
DEL17943,Unknown,Unknown,0,0,Truck,0
DEL17944,Unknown,Unknown,0,0,Truck,0
DEL17945,Unknown,Unknown,0,0,Truck,0
DEL17946,Unknown,Unknown,0,0,Truck,0
DEL17947,Unknown,Unknown,0,0,Truck,0
DEL17948,Unknown,Unknown,0,0,Truck,0
DEL17949,Unknown,Unknown,0,0,Truck,0
DEL17950,Unknown,Unknown,0,0,Truck,0
DEL17951,Unknown,Unknown,0,0,Truck,0
DEL17952,Unknown,Unknown,0,0,Truck,0
DEL17953,Unknown,Unknown,0,0,Truck,0
DEL17954,Unknown,Unknown,0,0,Truck,0
DEL17955,Unknown,Unknown,0,0,Truck,0
DEL17956,Unknown,Unknown,0,0,Truck,0
DEL17957,Unknown,Unknown,0,0,Truck,0
DEL17958,Unknown,Unknown,0,0,Truck,0
DEL17959,Unknown,Unknown,0,0,Truck,0
DEL17960,Unknown,Unknown,0,0,Truck,0
DEL17961,Unknown,Unknown,0,0,Truck,0
DEL17962,Unknown,Unknown,0,0,Truck,0
DEL17963,Unknown,Unknown,0,0,Truck,0
DEL17964,Unknown,Unknown,0,0,Truck,0
DEL17965,Unknown,Unknown,0,0,Truck,0
DEL17966,Unknown,Unknown,0,0,Truck,0
DEL17967,Unknown,Unknown,0,0,Truck,0
DEL17968,Unknown,Unknown,0,0,Truck,0
DEL17969,Unknown,Unknown,0,0,Truck,0
DEL17970,Unknown,Unknown,0,0,Truck,0
DEL17971,Unknown,Unknown,0,0,Truck,0
DEL17972,Unknown,Unknown,0,0,Truck,0
DEL17973,Unknown,Unknown,0,0,Truck,0
DEL17974,Unknown,Unknown,0,0,Truck,0
DEL17975,Unknown,Unknown,0,0,Truck,0
DEL17976,Unknown,Unknown,0,0,Truck,0
DEL17977,Unknown,Unknown,0,0,Truck,0
DEL17978,Unknown,Unknown,0,0,Truck,0
DEL17979,Unknown,Unknown,0,0,Truck,0
DEL17980,Unknown,Unknown,0,0,Truck,0
DEL17981,Unknown,Unknown,0,0,Truck,0
DEL17982,Unknown,Unknown,0,0,Truck,0
DEL17983,Unknown,Unknown,0,0,Truck,0
DEL17984,Unknown,Unknown,0,0,Truck,0
DEL17985,Unknown,Unknown,0,0,Truck,0
DEL17986,Unknown,Unknown,0,0,Truck,0
DEL17987,Unknown,Unknown,0,0,Truck,0
DEL17988,Unknown,Unknown,0,0,Truck,0
DEL17989,Unknown,Unknown,0,0,Truck,0
DEL17990,Unknown,Unknown,0,0,Truck,0
DEL17991,Unknown,Unknown,0,0,Truck,0
DEL17992,Unknown,Unknown,0,0,Truck,0
DEL17993,Unknown,Unknown,0,0,Truck,0
DEL17994,Unknown,Unknown,0,0,Truck,0
DEL17995,Unknown,Unknown,0,0,Truck,0
DEL17996,Unknown,Unknown,0,0,Truck,0
DEL17997,Unknown,Unknown,0,0,Truck,0
DEL17998,Unknown,Unknown,0,0,Truck,0
DEL17999,Unknown,Unknown,0,0,Truck,0
DEL18000,Unknown,Unknown,0,0,Truck,0
DEL18001,Unknown,Unknown,0,0,Truck,0
DEL18002,Unknown,Unknown,0,0,Truck,0
DEL18003,Unknown,Unknown,0,0,Truck,0
DEL18004,Unknown,Unknown,0,0,Truck,0
DEL18005,Unknown,Unknown,0,0,Truck,0
DEL18006,Unknown,Unknown,0,0,Truck,0
DEL18007,Unknown,Unknown,0,0,Truck,0
DEL18008,Unknown,Unknown,0,0,Truck,0
DEL18009,Unknown,Unknown,0,0,Truck,0
DEL18010,Unknown,Unknown,0,0,Truck,0
DEL18011,Unknown,Unknown,0,0,Truck,0
DEL18012,Unknown,Unknown,0,0,Truck,0
DEL18013,Unknown,Unknown,0,0,Truck,0
DEL18014,Unknown,Unknown,0,0,Truck,0
DEL18015,Unknown,Unknown,0,0,Truck,0
DEL18016,Unknown,Unknown,0,0,Truck,0
DEL18017,Unknown,Unknown,0,0,Truck,0
DEL18018,Unknown,Unknown,0,0,Truck,0
DEL18019,Unknown,Unknown,0,0,Truck,0
DEL18020,Unknown,Unknown,0,0,Truck,0
DEL18021,Unknown,Unknown,0,0,Truck,0
DEL18022,Unknown,Unknown,0,0,Truck,0
DEL18023,Unknown,Unknown,0,0,Truck,0
DEL18024,Unknown,Unknown,0,0,Truck,0
DEL18025,Unknown,Unknown,0,0,Truck,0
DEL18026,Unknown,Unknown,0,0,Truck,0
DEL18027,Unknown,Unknown,0,0,Truck,0
DEL18028,Unknown,Unknown,0,0,Truck,0
DEL18029,Unknown,Unknown,0,0,Truck,0
DEL18030,Unknown,Unknown,0,0,Truck,0
DEL18031,Unknown,Unknown,0,0,Truck,0
DEL18032,Unknown,Unknown,0,0,Truck,0
DEL18033,Unknown,Unknown,0,0,Truck,0
DEL18034,Unknown,Unknown,0,0,Truck,0
DEL18035,Unknown,Unknown,0,0,Truck,0
DEL18036,Unknown,Unknown,0,0,Truck,0
DEL18037,Unknown,Unknown,0,0,Truck,0
DEL18038,Unknown,Unknown,0,0,Truck,0
DEL18039,Unknown,Unknown,0,0,Truck,0
DEL18040,Unknown,Unknown,0,0,Truck,0
DEL18041,Unknown,Unknown,0,0,Truck,0
DEL18042,Unknown,Unknown,0,0,Truck,0
DEL18043,Unknown,Unknown,0,0,Truck,0
DEL18044,Unknown,Unknown,0,0,Truck,0
DEL18045,Unknown,Unknown,0,0,Truck,0
DEL18046,Unknown,Unknown,0,0,Truck,0
DEL18047,Unknown,Unknown,0,0,Truck,0
DEL18048,Unknown,Unknown,0,0,Truck,0
DEL18049,Unknown,Unknown,0,0,Truck,0
DEL18050,Unknown,Unknown,0,0,Truck,0
DEL18051,Unknown,Unknown,0,0,Truck,0
DEL18052,Unknown,Unknown,0,0,Truck,0
DEL18053,Unknown,Unknown,0,0,Truck,0
DEL18054,Unknown,Unknown,0,0,Truck,0
DEL18055,Unknown,Unknown,0,0,Truck,0
DEL18056,Unknown,Unknown,0,0,Truck,0
DEL18057,Unknown,Unknown,0,0,Truck,0
DEL18058,Unknown,Unknown,0,0,Truck,0
DEL18059,Unknown,Unknown,0,0,Truck,0
DEL18060,Unknown,Unknown,0,0,Truck,0
DEL18061,Unknown,Unknown,0,0,Truck,0
DEL18062,Unknown,Unknown,0,0,Truck,0
DEL18063,Unknown,Unknown,0,0,Truck,0
DEL18064,Unknown,Unknown,0,0,Truck,0
DEL18065,Unknown,Unknown,0,0,Truck,0
DEL18066,Unknown,Unknown,0,0,Truck,0
DEL18067,Unknown,Unknown,0,0,Truck,0
DEL18068,Unknown,Unknown,0,0,Truck,0
DEL18069,Unknown,Unknown,0,0,Truck,0
DEL18070,Unknown,Unknown,0,0,Truck,0
DEL18071,Unknown,Unknown,0,0,Truck,0
DEL18072,Unknown,Unknown,0,0,Truck,0
DEL18073,Unknown,Unknown,0,0,Truck,0
DEL18074,Unknown,Unknown,0,0,Truck,0
DEL18075,Unknown,Unknown,0,0,Truck,0
DEL18076,Unknown,Unknown,0,0,Truck,0
DEL18077,Unknown,Unknown,0,0,Truck,0
DEL18078,Unknown,Unknown,0,0,Truck,0
DEL18079,Unknown,Unknown,0,0,Truck,0
DEL18080,Unknown,Unknown,0,0,Truck,0
DEL18081,Unknown,Unknown,0,0,Truck,0
DEL18082,Unknown,Unknown,0,0,Truck,0
DEL18083,Unknown,Unknown,0,0,Truck,0
DEL18084,Unknown,Unknown,0,0,Truck,0
DEL18085,Unknown,Unknown,0,0,Truck,0
DEL18086,Unknown,Unknown,0,0,Truck,0
DEL18087,Unknown,Unknown,0,0,Truck,0
DEL18088,Unknown,Unknown,0,0,Truck,0
DEL18089,Unknown,Unknown,0,0,Truck,0
DEL18090,Unknown,Unknown,0,0,Truck,0
DEL18091,Unknown,Unknown,0,0,Truck,0
DEL18092,Unknown,Unknown,0,0,Truck,0
DEL18093,Unknown,Unknown,0,0,Truck,0
DEL18094,Unknown,Unknown,0,0,Truck,0
DEL18095,Unknown,Unknown,0,0,Truck,0
DEL18096,Unknown,Unknown,0,0,Truck,0
DEL18097,Unknown,Unknown,0,0,Truck,0
DEL18098,Unknown,Unknown,0,0,Truck,0
DEL18099,Unknown,Unknown,0,0,Truck,0
DEL18100,Unknown,Unknown,0,0,Truck,0
DEL18101,Unknown,Unknown,0,0,Truck,0
DEL18102,Unknown,Unknown,0,0,Truck,0
DEL18103,Unknown,Unknown,0,0,Truck,0
DEL18104,Unknown,Unknown,0,0,Truck,0
DEL18105,Unknown,Unknown,0,0,Truck,0
DEL18106,Unknown,Unknown,0,0,Truck,0
DEL18107,Unknown,Unknown,0,0,Truck,0
DEL18108,Unknown,Unknown,0,0,Truck,0
DEL18109,Unknown,Unknown,0,0,Truck,0
DEL18110,Unknown,Unknown,0,0,Truck,0
DEL18111,Unknown,Unknown,0,0,Truck,0
DEL18112,Unknown,Unknown,0,0,Truck,0
DEL18113,Unknown,Unknown,0,0,Truck,0
DEL18114,Unknown,Unknown,0,0,Truck,0
DEL18115,Unknown,Unknown,0,0,Truck,0
DEL18116,Unknown,Unknown,0,0,Truck,0
DEL18117,Unknown,Unknown,0,0,Truck,0
DEL18118,Unknown,Unknown,0,0,Truck,0
DEL18119,Unknown,Unknown,0,0,Truck,0
DEL18120,Unknown,Unknown,0,0,Truck,0
DEL18121,Unknown,Unknown,0,0,Truck,0
DEL18122,Unknown,Unknown,0,0,Truck,0
DEL18123,Unknown,Unknown,0,0,Truck,0
DEL18124,Unknown,Unknown,0,0,Truck,0
DEL18125,Unknown,Unknown,0,0,Truck,0
DEL18126,Unknown,Unknown,0,0,Truck,0
DEL18127,Unknown,Unknown,0,0,Truck,0
DEL18128,Unknown,Unknown,0,0,Truck,0
DEL18129,Unknown,Unknown,0,0,Truck,0
DEL18130,Unknown,Unknown,0,0,Truck,0
DEL18131,Unknown,Unknown,0,0,Truck,0
DEL18132,Unknown,Unknown,0,0,Truck,0
DEL18133,Unknown,Unknown,0,0,Truck,0
DEL18134,Unknown,Unknown,0,0,Truck,0
DEL18135,Unknown,Unknown,0,0,Truck,0
DEL18136,Unknown,Unknown,0,0,Truck,0
DEL18137,Unknown,Unknown,0,0,Truck,0
DEL18138,Unknown,Unknown,0,0,Truck,0
DEL18139,Unknown,Unknown,0,0,Truck,0
DEL18140,Unknown,Unknown,0,0,Truck,0
DEL18141,Unknown,Unknown,0,0,Truck,0
DEL18142,Unknown,Unknown,0,0,Truck,0
DEL18143,Unknown,Unknown,0,0,Truck,0
DEL18144,Unknown,Unknown,0,0,Truck,0
DEL18145,Unknown,Unknown,0,0,Truck,0
DEL18146,Unknown,Unknown,0,0,Truck,0
DEL18147,Unknown,Unknown,0,0,Truck,0
DEL18148,Unknown,Unknown,0,0,Truck,0
DEL18149,Unknown,Unknown,0,0,Truck,0
DEL18150,Unknown,Unknown,0,0,Truck,0
DEL18151,Unknown,Unknown,0,0,Truck,0
DEL18152,Unknown,Unknown,0,0,Truck,0
DEL18153,Unknown,Unknown,0,0,Truck,0
DEL18154,Unknown,Unknown,0,0,Truck,0
DEL18155,Unknown,Unknown,0,0,Truck,0
DEL18156,Unknown,Unknown,0,0,Truck,0
DEL18157,Unknown,Unknown,0,0,Truck,0
DEL18158,Unknown,Unknown,0,0,Truck,0
DEL18159,Unknown,Unknown,0,0,Truck,0
DEL18160,Unknown,Unknown,0,0,Truck,0
DEL18161,Unknown,Unknown,0,0,Truck,0
DEL18162,Unknown,Unknown,0,0,Truck,0
DEL18163,Unknown,Unknown,0,0,Truck,0
DEL18164,Unknown,Unknown,0,0,Truck,0
DEL18165,Unknown,Unknown,0,0,Truck,0
DEL18166,Unknown,Unknown,0,0,Truck,0
DEL18167,Unknown,Unknown,0,0,Truck,0
DEL18168,Unknown,Unknown,0,0,Truck,0
DEL18169,Unknown,Unknown,0,0,Truck,0
DEL18170,Unknown,Unknown,0,0,Truck,0
DEL18171,Unknown,Unknown,0,0,Truck,0
DEL18172,Unknown,Unknown,0,0,Truck,0
DEL18173,Unknown,Unknown,0,0,Truck,0
DEL18174,Unknown,Unknown,0,0,Truck,0
DEL18175,Unknown,Unknown,0,0,Truck,0
DEL18176,Unknown,Unknown,0,0,Truck,0
DEL18177,Unknown,Unknown,0,0,Truck,0
DEL18178,Unknown,Unknown,0,0,Truck,0
DEL18179,Unknown,Unknown,0,0,Truck,0
DEL18180,Unknown,Unknown,0,0,Truck,0
DEL18181,Unknown,Unknown,0,0,Truck,0
DEL18182,Unknown,Unknown,0,0,Truck,0
DEL18183,Unknown,Unknown,0,0,Truck,0
DEL18184,Unknown,Unknown,0,0,Truck,0
DEL18185,Unknown,Unknown,0,0,Truck,0
DEL18186,Unknown,Unknown,0,0,Truck,0
DEL18187,Unknown,Unknown,0,0,Truck,0
DEL18188,Unknown,Unknown,0,0,Truck,0
DEL18189,Unknown,Unknown,0,0,Truck,0
DEL18190,Unknown,Unknown,0,0,Truck,0
DEL18191,Unknown,Unknown,0,0,Truck,0
DEL18192,Unknown,Unknown,0,0,Truck,0
DEL18193,Unknown,Unknown,0,0,Truck,0
DEL18194,Unknown,Unknown,0,0,Truck,0
DEL18195,Unknown,Unknown,0,0,Truck,0
DEL18196,Unknown,Unknown,0,0,Truck,0
DEL18197,Unknown,Unknown,0,0,Truck,0
DEL18198,Unknown,Unknown,0,0,Truck,0
DEL18199,Unknown,Unknown,0,0,Truck,0
DEL18200,Unknown,Unknown,0,0,Truck,0
DEL18201,Unknown,Unknown,0,0,Truck,0
DEL18202,Unknown,Unknown,0,0,Truck,0
DEL18203,Unknown,Unknown,0,0,Truck,0
DEL18204,Unknown,Unknown,0,0,Truck,0
DEL18205,Unknown,Unknown,0,0,Truck,0
DEL18206,Unknown,Unknown,0,0,Truck,0
DEL18207,Unknown,Unknown,0,0,Truck,0
DEL18208,Unknown,Unknown,0,0,Truck,0
DEL18209,Unknown,Unknown,0,0,Truck,0
DEL18210,Unknown,Unknown,0,0,Truck,0
DEL18211,Unknown,Unknown,0,0,Truck,0
DEL18212,Unknown,Unknown,0,0,Truck,0
DEL18213,Unknown,Unknown,0,0,Truck,0
DEL18214,Unknown,Unknown,0,0,Truck,0
DEL18215,Unknown,Unknown,0,0,Truck,0
DEL18216,Unknown,Unknown,0,0,Truck,0
DEL18217,Unknown,Unknown,0,0,Truck,0
DEL18218,Unknown,Unknown,0,0,Truck,0
DEL18219,Unknown,Unknown,0,0,Truck,0
DEL18220,Unknown,Unknown,0,0,Truck,0
DEL18221,Unknown,Unknown,0,0,Truck,0
DEL18222,Unknown,Unknown,0,0,Truck,0
DEL18223,Unknown,Unknown,0,0,Truck,0
DEL18224,Unknown,Unknown,0,0,Truck,0
DEL18225,Unknown,Unknown,0,0,Truck,0
DEL18226,Unknown,Unknown,0,0,Truck,0
DEL18227,Unknown,Unknown,0,0,Truck,0
DEL18228,Unknown,Unknown,0,0,Truck,0
DEL18229,Unknown,Unknown,0,0,Truck,0
DEL18230,Unknown,Unknown,0,0,Truck,0
DEL18231,Unknown,Unknown,0,0,Truck,0
DEL18232,Unknown,Unknown,0,0,Truck,0
DEL18233,Unknown,Unknown,0,0,Truck,0
DEL18234,Unknown,Unknown,0,0,Truck,0
DEL18235,Unknown,Unknown,0,0,Truck,0
DEL18236,Unknown,Unknown,0,0,Truck,0
DEL18237,Unknown,Unknown,0,0,Truck,0
DEL18238,Unknown,Unknown,0,0,Truck,0
DEL18239,Unknown,Unknown,0,0,Truck,0
DEL18240,Unknown,Unknown,0,0,Truck,0
DEL18241,Unknown,Unknown,0,0,Truck,0
DEL18242,Unknown,Unknown,0,0,Truck,0
DEL18243,Unknown,Unknown,0,0,Truck,0
DEL18244,Unknown,Unknown,0,0,Truck,0
DEL18245,Unknown,Unknown,0,0,Truck,0
DEL18246,Unknown,Unknown,0,0,Truck,0
DEL18247,Unknown,Unknown,0,0,Truck,0
DEL18248,Unknown,Unknown,0,0,Truck,0
DEL18249,Unknown,Unknown,0,0,Truck,0
DEL18250,Unknown,Unknown,0,0,Truck,0
DEL18251,Unknown,Unknown,0,0,Truck,0
DEL18252,Unknown,Unknown,0,0,Truck,0
DEL18253,Unknown,Unknown,0,0,Truck,0
DEL18254,Unknown,Unknown,0,0,Truck,0
DEL18255,Unknown,Unknown,0,0,Truck,0
DEL18256,Unknown,Unknown,0,0,Truck,0
DEL18257,Unknown,Unknown,0,0,Truck,0
DEL18258,Unknown,Unknown,0,0,Truck,0
DEL18259,Unknown,Unknown,0,0,Truck,0
DEL18260,Unknown,Unknown,0,0,Truck,0
DEL18261,Unknown,Unknown,0,0,Truck,0
DEL18262,Unknown,Unknown,0,0,Truck,0
DEL18263,Unknown,Unknown,0,0,Truck,0
DEL18264,Unknown,Unknown,0,0,Truck,0
DEL18265,Unknown,Unknown,0,0,Truck,0
DEL18266,Unknown,Unknown,0,0,Truck,0
DEL18267,Unknown,Unknown,0,0,Truck,0
DEL18268,Unknown,Unknown,0,0,Truck,0
DEL18269,Unknown,Unknown,0,0,Truck,0
DEL18270,Unknown,Unknown,0,0,Truck,0
DEL18271,Unknown,Unknown,0,0,Truck,0
DEL18272,Unknown,Unknown,0,0,Truck,0
DEL18273,Unknown,Unknown,0,0,Truck,0
DEL18274,Unknown,Unknown,0,0,Truck,0
DEL18275,Unknown,Unknown,0,0,Truck,0
DEL18276,Unknown,Unknown,0,0,Truck,0
DEL18277,Unknown,Unknown,0,0,Truck,0
DEL18278,Unknown,Unknown,0,0,Truck,0
DEL18279,Unknown,Unknown,0,0,Truck,0
DEL18280,Unknown,Unknown,0,0,Truck,0
DEL18281,Unknown,Unknown,0,0,Truck,0
DEL18282,Unknown,Unknown,0,0,Truck,0
DEL18283,Unknown,Unknown,0,0,Truck,0
DEL18284,Unknown,Unknown,0,0,Truck,0
DEL18285,Unknown,Unknown,0,0,Truck,0
DEL18286,Unknown,Unknown,0,0,Truck,0
DEL18287,Unknown,Unknown,0,0,Truck,0
DEL18288,Unknown,Unknown,0,0,Truck,0
DEL18289,Unknown,Unknown,0,0,Truck,0
DEL18290,Unknown,Unknown,0,0,Truck,0
DEL18291,Unknown,Unknown,0,0,Truck,0
DEL18292,Unknown,Unknown,0,0,Truck,0
DEL18293,Unknown,Unknown,0,0,Truck,0
DEL18294,Unknown,Unknown,0,0,Truck,0
DEL18295,Unknown,Unknown,0,0,Truck,0
DEL18296,Unknown,Unknown,0,0,Truck,0
DEL18297,Unknown,Unknown,0,0,Truck,0
DEL18298,Unknown,Unknown,0,0,Truck,0
DEL18299,Unknown,Unknown,0,0,Truck,0
DEL18300,Unknown,Unknown,0,0,Truck,0
DEL18301,Unknown,Unknown,0,0,Truck,0
DEL18302,Unknown,Unknown,0,0,Truck,0
DEL18303,Unknown,Unknown,0,0,Truck,0
DEL18304,Unknown,Unknown,0,0,Truck,0
DEL18305,Unknown,Unknown,0,0,Truck,0
DEL18306,Unknown,Unknown,0,0,Truck,0
DEL18307,Unknown,Unknown,0,0,Truck,0
DEL18308,Unknown,Unknown,0,0,Truck,0
DEL18309,Unknown,Unknown,0,0,Truck,0
DEL18310,Unknown,Unknown,0,0,Truck,0
DEL18311,Unknown,Unknown,0,0,Truck,0
DEL18312,Unknown,Unknown,0,0,Truck,0
DEL18313,Unknown,Unknown,0,0,Truck,0
DEL18314,Unknown,Unknown,0,0,Truck,0
DEL18315,Unknown,Unknown,0,0,Truck,0
DEL18316,Unknown,Unknown,0,0,Truck,0
DEL18317,Unknown,Unknown,0,0,Truck,0
DEL18318,Unknown,Unknown,0,0,Truck,0
DEL18319,Unknown,Unknown,0,0,Truck,0
DEL18320,Unknown,Unknown,0,0,Truck,0
DEL18321,Unknown,Unknown,0,0,Truck,0
DEL18322,Unknown,Unknown,0,0,Truck,0
DEL18323,Unknown,Unknown,0,0,Truck,0
DEL18324,Unknown,Unknown,0,0,Truck,0
DEL18325,Unknown,Unknown,0,0,Truck,0
DEL18326,Unknown,Unknown,0,0,Truck,0
DEL18327,Unknown,Unknown,0,0,Truck,0
DEL18328,Unknown,Unknown,0,0,Truck,0
DEL18329,Unknown,Unknown,0,0,Truck,0
DEL18330,Unknown,Unknown,0,0,Truck,0
DEL18331,Unknown,Unknown,0,0,Truck,0
DEL18332,Unknown,Unknown,0,0,Truck,0
DEL18333,Unknown,Unknown,0,0,Truck,0
DEL18334,Unknown,Unknown,0,0,Truck,0
DEL18335,Unknown,Unknown,0,0,Truck,0
DEL18336,Unknown,Unknown,0,0,Truck,0
DEL18337,Unknown,Unknown,0,0,Truck,0
DEL18338,Unknown,Unknown,0,0,Truck,0
DEL18339,Unknown,Unknown,0,0,Truck,0
DEL18340,Unknown,Unknown,0,0,Truck,0
DEL18341,Unknown,Unknown,0,0,Truck,0
DEL18342,Unknown,Unknown,0,0,Truck,0
DEL18343,Unknown,Unknown,0,0,Truck,0
DEL18344,Unknown,Unknown,0,0,Truck,0
DEL18345,Unknown,Unknown,0,0,Truck,0
DEL18346,Unknown,Unknown,0,0,Truck,0
DEL18347,Unknown,Unknown,0,0,Truck,0
DEL18348,Unknown,Unknown,0,0,Truck,0
DEL18349,Unknown,Unknown,0,0,Truck,0
DEL18350,Unknown,Unknown,0,0,Truck,0
DEL18351,Unknown,Unknown,0,0,Truck,0
DEL18352,Unknown,Unknown,0,0,Truck,0
DEL18353,Unknown,Unknown,0,0,Truck,0
DEL18354,Unknown,Unknown,0,0,Truck,0
DEL18355,Unknown,Unknown,0,0,Truck,0
DEL18356,Unknown,Unknown,0,0,Truck,0
DEL18357,Unknown,Unknown,0,0,Truck,0
DEL18358,Unknown,Unknown,0,0,Truck,0
DEL18359,Unknown,Unknown,0,0,Truck,0
DEL18360,Unknown,Unknown,0,0,Truck,0
DEL18361,Unknown,Unknown,0,0,Truck,0
DEL18362,Unknown,Unknown,0,0,Truck,0
DEL18363,Unknown,Unknown,0,0,Truck,0
DEL18364,Unknown,Unknown,0,0,Truck,0
DEL18365,Unknown,Unknown,0,0,Truck,0
DEL18366,Unknown,Unknown,0,0,Truck,0
DEL18367,Unknown,Unknown,0,0,Truck,0
DEL18368,Unknown,Unknown,0,0,Truck,0
DEL18369,Unknown,Unknown,0,0,Truck,0
DEL18370,Unknown,Unknown,0,0,Truck,0
DEL18371,Unknown,Unknown,0,0,Truck,0
DEL18372,Unknown,Unknown,0,0,Truck,0
DEL18373,Unknown,Unknown,0,0,Truck,0
DEL18374,Unknown,Unknown,0,0,Truck,0
DEL18375,Unknown,Unknown,0,0,Truck,0
DEL18376,Unknown,Unknown,0,0,Truck,0
DEL18377,Unknown,Unknown,0,0,Truck,0
DEL18378,Unknown,Unknown,0,0,Truck,0
DEL18379,Unknown,Unknown,0,0,Truck,0
DEL18380,Unknown,Unknown,0,0,Truck,0
DEL18381,Unknown,Unknown,0,0,Truck,0
DEL18382,Unknown,Unknown,0,0,Truck,0
DEL18383,Unknown,Unknown,0,0,Truck,0
DEL18384,Unknown,Unknown,0,0,Truck,0
DEL18385,Unknown,Unknown,0,0,Truck,0
DEL18386,Unknown,Unknown,0,0,Truck,0
DEL18387,Unknown,Unknown,0,0,Truck,0
DEL18388,Unknown,Unknown,0,0,Truck,0
DEL18389,Unknown,Unknown,0,0,Truck,0
DEL18390,Unknown,Unknown,0,0,Truck,0
DEL18391,Unknown,Unknown,0,0,Truck,0
DEL18392,Unknown,Unknown,0,0,Truck,0
DEL18393,Unknown,Unknown,0,0,Truck,0
DEL18394,Unknown,Unknown,0,0,Truck,0
DEL18395,Unknown,Unknown,0,0,Truck,0
DEL18396,Unknown,Unknown,0,0,Truck,0
DEL18397,Unknown,Unknown,0,0,Truck,0
DEL18398,Unknown,Unknown,0,0,Truck,0
DEL18399,Unknown,Unknown,0,0,Truck,0
DEL18400,Unknown,Unknown,0,0,Truck,0
DEL18401,Unknown,Unknown,0,0,Truck,0
DEL18402,Unknown,Unknown,0,0,Truck,0
DEL18403,Unknown,Unknown,0,0,Truck,0
DEL18404,Unknown,Unknown,0,0,Truck,0
DEL18405,Unknown,Unknown,0,0,Truck,0
DEL18406,Unknown,Unknown,0,0,Truck,0
DEL18407,Unknown,Unknown,0,0,Truck,0
DEL18408,Unknown,Unknown,0,0,Truck,0
DEL18409,Unknown,Unknown,0,0,Truck,0
DEL18410,Unknown,Unknown,0,0,Truck,0
DEL18411,Unknown,Unknown,0,0,Truck,0
DEL18412,Unknown,Unknown,0,0,Truck,0
DEL18413,Unknown,Unknown,0,0,Truck,0
DEL18414,Unknown,Unknown,0,0,Truck,0
DEL18415,Unknown,Unknown,0,0,Truck,0
DEL18416,Unknown,Unknown,0,0,Truck,0
DEL18417,Unknown,Unknown,0,0,Truck,0
DEL18418,Unknown,Unknown,0,0,Truck,0
DEL18419,Unknown,Unknown,0,0,Truck,0
DEL18420,Unknown,Unknown,0,0,Truck,0
DEL18421,Unknown,Unknown,0,0,Truck,0
DEL18422,Unknown,Unknown,0,0,Truck,0
DEL18423,Unknown,Unknown,0,0,Truck,0
DEL18424,Unknown,Unknown,0,0,Truck,0
DEL18425,Unknown,Unknown,0,0,Truck,0
DEL18426,Unknown,Unknown,0,0,Truck,0
DEL18427,Unknown,Unknown,0,0,Truck,0
DEL18428,Unknown,Unknown,0,0,Truck,0
DEL18429,Unknown,Unknown,0,0,Truck,0
DEL18430,Unknown,Unknown,0,0,Truck,0
DEL18431,Unknown,Unknown,0,0,Truck,0
DEL18432,Unknown,Unknown,0,0,Truck,0
DEL18433,Unknown,Unknown,0,0,Truck,0
DEL18434,Unknown,Unknown,0,0,Truck,0
DEL18435,Unknown,Unknown,0,0,Truck,0
DEL18436,Unknown,Unknown,0,0,Truck,0
DEL18437,Unknown,Unknown,0,0,Truck,0
DEL18438,Unknown,Unknown,0,0,Truck,0
DEL18439,Unknown,Unknown,0,0,Truck,0
DEL18440,Unknown,Unknown,0,0,Truck,0
DEL18441,Unknown,Unknown,0,0,Truck,0
DEL18442,Unknown,Unknown,0,0,Truck,0
DEL18443,Unknown,Unknown,0,0,Truck,0
DEL18444,Unknown,Unknown,0,0,Truck,0
DEL18445,Unknown,Unknown,0,0,Truck,0
DEL18446,Unknown,Unknown,0,0,Truck,0
DEL18447,Unknown,Unknown,0,0,Truck,0
DEL18448,Unknown,Unknown,0,0,Truck,0
DEL18449,Unknown,Unknown,0,0,Truck,0
DEL18450,Unknown,Unknown,0,0,Truck,0
DEL18451,Unknown,Unknown,0,0,Truck,0
DEL18452,Unknown,Unknown,0,0,Truck,0
DEL18453,Unknown,Unknown,0,0,Truck,0
DEL18454,Unknown,Unknown,0,0,Truck,0
DEL18455,Unknown,Unknown,0,0,Truck,0
DEL18456,Unknown,Unknown,0,0,Truck,0
DEL18457,Unknown,Unknown,0,0,Truck,0
DEL18458,Unknown,Unknown,0,0,Truck,0
DEL18459,Unknown,Unknown,0,0,Truck,0
DEL18460,Unknown,Unknown,0,0,Truck,0
DEL18461,Unknown,Unknown,0,0,Truck,0
DEL18462,Unknown,Unknown,0,0,Truck,0
DEL18463,Unknown,Unknown,0,0,Truck,0
DEL18464,Unknown,Unknown,0,0,Truck,0
DEL18465,Unknown,Unknown,0,0,Truck,0
DEL18466,Unknown,Unknown,0,0,Truck,0
DEL18467,Unknown,Unknown,0,0,Truck,0
DEL18468,Unknown,Unknown,0,0,Truck,0
DEL18469,Unknown,Unknown,0,0,Truck,0
DEL18470,Unknown,Unknown,0,0,Truck,0
DEL18471,Unknown,Unknown,0,0,Truck,0
DEL18472,Unknown,Unknown,0,0,Truck,0
DEL18473,Unknown,Unknown,0,0,Truck,0
DEL18474,Unknown,Unknown,0,0,Truck,0
DEL18475,Unknown,Unknown,0,0,Truck,0
DEL18476,Unknown,Unknown,0,0,Truck,0
DEL18477,Unknown,Unknown,0,0,Truck,0
DEL18478,Unknown,Unknown,0,0,Truck,0
DEL18479,Unknown,Unknown,0,0,Truck,0
DEL18480,Unknown,Unknown,0,0,Truck,0
DEL18481,Unknown,Unknown,0,0,Truck,0
DEL18482,Unknown,Unknown,0,0,Truck,0
DEL18483,Unknown,Unknown,0,0,Truck,0
DEL18484,Unknown,Unknown,0,0,Truck,0
DEL18485,Unknown,Unknown,0,0,Truck,0
DEL18486,Unknown,Unknown,0,0,Truck,0
DEL18487,Unknown,Unknown,0,0,Truck,0
DEL18488,Unknown,Unknown,0,0,Truck,0
DEL18489,Unknown,Unknown,0,0,Truck,0
DEL18490,Unknown,Unknown,0,0,Truck,0
DEL18491,Unknown,Unknown,0,0,Truck,0
DEL18492,Unknown,Unknown,0,0,Truck,0
DEL18493,Unknown,Unknown,0,0,Truck,0
DEL18494,Unknown,Unknown,0,0,Truck,0
DEL18495,Unknown,Unknown,0,0,Truck,0
DEL18496,Unknown,Unknown,0,0,Truck,0
DEL18497,Unknown,Unknown,0,0,Truck,0
DEL18498,Unknown,Unknown,0,0,Truck,0
DEL18499,Unknown,Unknown,0,0,Truck,0
DEL18500,Unknown,Unknown,0,0,Truck,0
DEL18501,Unknown,Unknown,0,0,Truck,0
DEL18502,Unknown,Unknown,0,0,Truck,0
DEL18503,Unknown,Unknown,0,0,Truck,0
DEL18504,Unknown,Unknown,0,0,Truck,0
DEL18505,Unknown,Unknown,0,0,Truck,0
DEL18506,Unknown,Unknown,0,0,Truck,0
DEL18507,Unknown,Unknown,0,0,Truck,0
DEL18508,Unknown,Unknown,0,0,Truck,0
DEL18509,Unknown,Unknown,0,0,Truck,0
DEL18510,Unknown,Unknown,0,0,Truck,0
DEL18511,Unknown,Unknown,0,0,Truck,0
DEL18512,Unknown,Unknown,0,0,Truck,0
DEL18513,Unknown,Unknown,0,0,Truck,0
DEL18514,Unknown,Unknown,0,0,Truck,0
DEL18515,Unknown,Unknown,0,0,Truck,0
DEL18516,Unknown,Unknown,0,0,Truck,0
DEL18517,Unknown,Unknown,0,0,Truck,0
DEL18518,Unknown,Unknown,0,0,Truck,0
DEL18519,Unknown,Unknown,0,0,Truck,0
DEL18520,Unknown,Unknown,0,0,Truck,0
DEL18521,Unknown,Unknown,0,0,Truck,0
DEL18522,Unknown,Unknown,0,0,Truck,0
DEL18523,Unknown,Unknown,0,0,Truck,0
DEL18524,Unknown,Unknown,0,0,Truck,0
DEL18525,Unknown,Unknown,0,0,Truck,0
DEL18526,Unknown,Unknown,0,0,Truck,0
DEL18527,Unknown,Unknown,0,0,Truck,0
DEL18528,Unknown,Unknown,0,0,Truck,0
DEL18529,Unknown,Unknown,0,0,Truck,0
DEL18530,Unknown,Unknown,0,0,Truck,0
DEL18531,Unknown,Unknown,0,0,Truck,0
DEL18532,Unknown,Unknown,0,0,Truck,0
DEL18533,Unknown,Unknown,0,0,Truck,0
DEL18534,Unknown,Unknown,0,0,Truck,0
DEL18535,Unknown,Unknown,0,0,Truck,0
DEL18536,Unknown,Unknown,0,0,Truck,0
DEL18537,Unknown,Unknown,0,0,Truck,0
DEL18538,Unknown,Unknown,0,0,Truck,0
DEL18539,Unknown,Unknown,0,0,Truck,0
DEL18540,Unknown,Unknown,0,0,Truck,0
DEL18541,Unknown,Unknown,0,0,Truck,0
DEL18542,Unknown,Unknown,0,0,Truck,0
DEL18543,Unknown,Unknown,0,0,Truck,0
DEL18544,Unknown,Unknown,0,0,Truck,0
DEL18545,Unknown,Unknown,0,0,Truck,0
DEL18546,Unknown,Unknown,0,0,Truck,0
DEL18547,Unknown,Unknown,0,0,Truck,0
DEL18548,Unknown,Unknown,0,0,Truck,0
DEL18549,Unknown,Unknown,0,0,Truck,0
DEL18550,Unknown,Unknown,0,0,Truck,0
DEL18551,Unknown,Unknown,0,0,Truck,0
DEL18552,Unknown,Unknown,0,0,Truck,0
DEL18553,Unknown,Unknown,0,0,Truck,0
DEL18554,Unknown,Unknown,0,0,Truck,0
DEL18555,Unknown,Unknown,0,0,Truck,0
DEL18556,Unknown,Unknown,0,0,Truck,0
DEL18557,Unknown,Unknown,0,0,Truck,0
DEL18558,Unknown,Unknown,0,0,Truck,0
DEL18559,Unknown,Unknown,0,0,Truck,0
DEL18560,Unknown,Unknown,0,0,Truck,0
DEL18561,Unknown,Unknown,0,0,Truck,0
DEL18562,Unknown,Unknown,0,0,Truck,0
DEL18563,Unknown,Unknown,0,0,Truck,0
DEL18564,Unknown,Unknown,0,0,Truck,0
DEL18565,Unknown,Unknown,0,0,Truck,0
DEL18566,Unknown,Unknown,0,0,Truck,0
DEL18567,Unknown,Unknown,0,0,Truck,0
DEL18568,Unknown,Unknown,0,0,Truck,0
DEL18569,Unknown,Unknown,0,0,Truck,0
DEL18570,Unknown,Unknown,0,0,Truck,0
DEL18571,Unknown,Unknown,0,0,Truck,0
DEL18572,Unknown,Unknown,0,0,Truck,0
DEL18573,Unknown,Unknown,0,0,Truck,0
DEL18574,Unknown,Unknown,0,0,Truck,0
DEL18575,Unknown,Unknown,0,0,Truck,0
DEL18576,Unknown,Unknown,0,0,Truck,0
DEL18577,Unknown,Unknown,0,0,Truck,0
DEL18578,Unknown,Unknown,0,0,Truck,0
DEL18579,Unknown,Unknown,0,0,Truck,0
DEL18580,Unknown,Unknown,0,0,Truck,0
DEL18581,Unknown,Unknown,0,0,Truck,0
DEL18582,Unknown,Unknown,0,0,Truck,0
DEL18583,Unknown,Unknown,0,0,Truck,0
DEL18584,Unknown,Unknown,0,0,Truck,0
DEL18585,Unknown,Unknown,0,0,Truck,0
DEL18586,Unknown,Unknown,0,0,Truck,0
DEL18587,Unknown,Unknown,0,0,Truck,0
DEL18588,Unknown,Unknown,0,0,Truck,0
DEL18589,Unknown,Unknown,0,0,Truck,0
DEL18590,Unknown,Unknown,0,0,Truck,0
DEL18591,Unknown,Unknown,0,0,Truck,0
DEL18592,Unknown,Unknown,0,0,Truck,0
DEL18593,Unknown,Unknown,0,0,Truck,0
DEL18594,Unknown,Unknown,0,0,Truck,0
DEL18595,Unknown,Unknown,0,0,Truck,0
DEL18596,Unknown,Unknown,0,0,Truck,0
DEL18597,Unknown,Unknown,0,0,Truck,0
DEL18598,Unknown,Unknown,0,0,Truck,0
DEL18599,Unknown,Unknown,0,0,Truck,0
DEL18600,Unknown,Unknown,0,0,Truck,0
DEL18601,Unknown,Unknown,0,0,Truck,0
DEL18602,Unknown,Unknown,0,0,Truck,0
DEL18603,Unknown,Unknown,0,0,Truck,0
DEL18604,Unknown,Unknown,0,0,Truck,0
DEL18605,Unknown,Unknown,0,0,Truck,0
DEL18606,Unknown,Unknown,0,0,Truck,0
DEL18607,Unknown,Unknown,0,0,Truck,0
DEL18608,Unknown,Unknown,0,0,Truck,0
DEL18609,Unknown,Unknown,0,0,Truck,0
DEL18610,Unknown,Unknown,0,0,Truck,0
DEL18611,Unknown,Unknown,0,0,Truck,0
DEL18612,Unknown,Unknown,0,0,Truck,0
DEL18613,Unknown,Unknown,0,0,Truck,0
DEL18614,Unknown,Unknown,0,0,Truck,0
DEL18615,Unknown,Unknown,0,0,Truck,0
DEL18616,Unknown,Unknown,0,0,Truck,0
DEL18617,Unknown,Unknown,0,0,Truck,0
DEL18618,Unknown,Unknown,0,0,Truck,0
DEL18619,Unknown,Unknown,0,0,Truck,0
DEL18620,Unknown,Unknown,0,0,Truck,0
DEL18621,Unknown,Unknown,0,0,Truck,0
DEL18622,Unknown,Unknown,0,0,Truck,0
DEL18623,Unknown,Unknown,0,0,Truck,0
DEL18624,Unknown,Unknown,0,0,Truck,0
DEL18625,Unknown,Unknown,0,0,Truck,0
DEL18626,Unknown,Unknown,0,0,Truck,0
DEL18627,Unknown,Unknown,0,0,Truck,0
DEL18628,Unknown,Unknown,0,0,Truck,0
DEL18629,Unknown,Unknown,0,0,Truck,0
DEL18630,Unknown,Unknown,0,0,Truck,0
DEL18631,Unknown,Unknown,0,0,Truck,0
DEL18632,Unknown,Unknown,0,0,Truck,0
DEL18633,Unknown,Unknown,0,0,Truck,0
DEL18634,Unknown,Unknown,0,0,Truck,0
DEL18635,Unknown,Unknown,0,0,Truck,0
DEL18636,Unknown,Unknown,0,0,Truck,0
DEL18637,Unknown,Unknown,0,0,Truck,0
DEL18638,Unknown,Unknown,0,0,Truck,0
DEL18639,Unknown,Unknown,0,0,Truck,0
DEL18640,Unknown,Unknown,0,0,Truck,0
DEL18641,Unknown,Unknown,0,0,Truck,0
DEL18642,Unknown,Unknown,0,0,Truck,0
DEL18643,Unknown,Unknown,0,0,Truck,0
DEL18644,Unknown,Unknown,0,0,Truck,0
DEL18645,Unknown,Unknown,0,0,Truck,0
DEL18646,Unknown,Unknown,0,0,Truck,0
DEL18647,Unknown,Unknown,0,0,Truck,0
DEL18648,Unknown,Unknown,0,0,Truck,0
DEL18649,Unknown,Unknown,0,0,Truck,0
DEL18650,Unknown,Unknown,0,0,Truck,0
DEL18651,Unknown,Unknown,0,0,Truck,0
DEL18652,Unknown,Unknown,0,0,Truck,0
DEL18653,Unknown,Unknown,0,0,Truck,0
DEL18654,Unknown,Unknown,0,0,Truck,0
DEL18655,Unknown,Unknown,0,0,Truck,0
DEL18656,Unknown,Unknown,0,0,Truck,0
DEL18657,Unknown,Unknown,0,0,Truck,0
DEL18658,Unknown,Unknown,0,0,Truck,0
DEL18659,Unknown,Unknown,0,0,Truck,0
DEL18660,Unknown,Unknown,0,0,Truck,0
DEL18661,Unknown,Unknown,0,0,Truck,0
DEL18662,Unknown,Unknown,0,0,Truck,0
DEL18663,Unknown,Unknown,0,0,Truck,0
DEL18664,Unknown,Unknown,0,0,Truck,0
DEL18665,Unknown,Unknown,0,0,Truck,0
DEL18666,Unknown,Unknown,0,0,Truck,0
DEL18667,Unknown,Unknown,0,0,Truck,0
DEL18668,Unknown,Unknown,0,0,Truck,0
DEL18669,Unknown,Unknown,0,0,Truck,0
DEL18670,Unknown,Unknown,0,0,Truck,0
DEL18671,Unknown,Unknown,0,0,Truck,0
DEL18672,Unknown,Unknown,0,0,Truck,0
DEL18673,Unknown,Unknown,0,0,Truck,0
DEL18674,Unknown,Unknown,0,0,Truck,0
DEL18675,Unknown,Unknown,0,0,Truck,0
DEL18676,Unknown,Unknown,0,0,Truck,0
DEL18677,Unknown,Unknown,0,0,Truck,0
DEL18678,Unknown,Unknown,0,0,Truck,0
DEL18679,Unknown,Unknown,0,0,Truck,0
DEL18680,Unknown,Unknown,0,0,Truck,0
DEL18681,Unknown,Unknown,0,0,Truck,0
DEL18682,Unknown,Unknown,0,0,Truck,0
DEL18683,Unknown,Unknown,0,0,Truck,0
DEL18684,Unknown,Unknown,0,0,Truck,0
DEL18685,Unknown,Unknown,0,0,Truck,0
DEL18686,Unknown,Unknown,0,0,Truck,0
DEL18687,Unknown,Unknown,0,0,Truck,0
DEL18688,Unknown,Unknown,0,0,Truck,0
DEL18689,Unknown,Unknown,0,0,Truck,0
DEL18690,Unknown,Unknown,0,0,Truck,0
DEL18691,Unknown,Unknown,0,0,Truck,0
DEL18692,Unknown,Unknown,0,0,Truck,0
DEL18693,Unknown,Unknown,0,0,Truck,0
DEL18694,Unknown,Unknown,0,0,Truck,0
DEL18695,Unknown,Unknown,0,0,Truck,0
DEL18696,Unknown,Unknown,0,0,Truck,0
DEL18697,Unknown,Unknown,0,0,Truck,0
DEL18698,Unknown,Unknown,0,0,Truck,0
DEL18699,Unknown,Unknown,0,0,Truck,0
DEL18700,Unknown,Unknown,0,0,Truck,0
DEL18701,Unknown,Unknown,0,0,Truck,0
DEL18702,Unknown,Unknown,0,0,Truck,0
DEL18703,Unknown,Unknown,0,0,Truck,0
DEL18704,Unknown,Unknown,0,0,Truck,0
DEL18705,Unknown,Unknown,0,0,Truck,0
DEL18706,Unknown,Unknown,0,0,Truck,0
DEL18707,Unknown,Unknown,0,0,Truck,0
DEL18708,Unknown,Unknown,0,0,Truck,0
DEL18709,Unknown,Unknown,0,0,Truck,0
DEL18710,Unknown,Unknown,0,0,Truck,0
DEL18711,Unknown,Unknown,0,0,Truck,0
DEL18712,Unknown,Unknown,0,0,Truck,0
DEL18713,Unknown,Unknown,0,0,Truck,0
DEL18714,Unknown,Unknown,0,0,Truck,0
DEL18715,Unknown,Unknown,0,0,Truck,0
DEL18716,Unknown,Unknown,0,0,Truck,0
DEL18717,Unknown,Unknown,0,0,Truck,0
DEL18718,Unknown,Unknown,0,0,Truck,0
DEL18719,Unknown,Unknown,0,0,Truck,0
DEL18720,Unknown,Unknown,0,0,Truck,0
DEL18721,Unknown,Unknown,0,0,Truck,0
DEL18722,Unknown,Unknown,0,0,Truck,0
DEL18723,Unknown,Unknown,0,0,Truck,0
DEL18724,Unknown,Unknown,0,0,Truck,0
DEL18725,Unknown,Unknown,0,0,Truck,0
DEL18726,Unknown,Unknown,0,0,Truck,0
DEL18727,Unknown,Unknown,0,0,Truck,0
DEL18728,Unknown,Unknown,0,0,Truck,0
DEL18729,Unknown,Unknown,0,0,Truck,0
DEL18730,Unknown,Unknown,0,0,Truck,0
DEL18731,Unknown,Unknown,0,0,Truck,0
DEL18732,Unknown,Unknown,0,0,Truck,0
DEL18733,Unknown,Unknown,0,0,Truck,0
DEL18734,Unknown,Unknown,0,0,Truck,0
DEL18735,Unknown,Unknown,0,0,Truck,0
DEL18736,Unknown,Unknown,0,0,Truck,0
DEL18737,Unknown,Unknown,0,0,Truck,0
DEL18738,Unknown,Unknown,0,0,Truck,0
DEL18739,Unknown,Unknown,0,0,Truck,0
DEL18740,Unknown,Unknown,0,0,Truck,0
DEL18741,Unknown,Unknown,0,0,Truck,0
DEL18742,Unknown,Unknown,0,0,Truck,0
DEL18743,Unknown,Unknown,0,0,Truck,0
DEL18744,Unknown,Unknown,0,0,Truck,0
DEL18745,Unknown,Unknown,0,0,Truck,0
DEL18746,Unknown,Unknown,0,0,Truck,0
DEL18747,Unknown,Unknown,0,0,Truck,0
DEL18748,Unknown,Unknown,0,0,Truck,0
DEL18749,Unknown,Unknown,0,0,Truck,0
DEL18750,Unknown,Unknown,0,0,Truck,0
DEL18751,Unknown,Unknown,0,0,Truck,0
DEL18752,Unknown,Unknown,0,0,Truck,0
DEL18753,Unknown,Unknown,0,0,Truck,0
DEL18754,Unknown,Unknown,0,0,Truck,0
DEL18755,Unknown,Unknown,0,0,Truck,0
DEL18756,Unknown,Unknown,0,0,Truck,0
DEL18757,Unknown,Unknown,0,0,Truck,0
DEL18758,Unknown,Unknown,0,0,Truck,0
DEL18759,Unknown,Unknown,0,0,Truck,0
DEL18760,Unknown,Unknown,0,0,Truck,0
DEL18761,Unknown,Unknown,0,0,Truck,0
DEL18762,Unknown,Unknown,0,0,Truck,0
DEL18763,Unknown,Unknown,0,0,Truck,0
DEL18764,Unknown,Unknown,0,0,Truck,0
DEL18765,Unknown,Unknown,0,0,Truck,0
DEL18766,Unknown,Unknown,0,0,Truck,0
DEL18767,Unknown,Unknown,0,0,Truck,0
DEL18768,Unknown,Unknown,0,0,Truck,0
DEL18769,Unknown,Unknown,0,0,Truck,0
DEL18770,Unknown,Unknown,0,0,Truck,0
DEL18771,Unknown,Unknown,0,0,Truck,0
DEL18772,Unknown,Unknown,0,0,Truck,0
DEL18773,Unknown,Unknown,0,0,Truck,0
DEL18774,Unknown,Unknown,0,0,Truck,0
DEL18775,Unknown,Unknown,0,0,Truck,0
DEL18776,Unknown,Unknown,0,0,Truck,0
DEL18777,Unknown,Unknown,0,0,Truck,0
DEL18778,Unknown,Unknown,0,0,Truck,0
DEL18779,Unknown,Unknown,0,0,Truck,0
DEL18780,Unknown,Unknown,0,0,Truck,0
DEL18781,Unknown,Unknown,0,0,Truck,0
DEL18782,Unknown,Unknown,0,0,Truck,0
DEL18783,Unknown,Unknown,0,0,Truck,0
DEL18784,Unknown,Unknown,0,0,Truck,0
DEL18785,Unknown,Unknown,0,0,Truck,0
DEL18786,Unknown,Unknown,0,0,Truck,0
DEL18787,Unknown,Unknown,0,0,Truck,0
DEL18788,Unknown,Unknown,0,0,Truck,0
DEL18789,Unknown,Unknown,0,0,Truck,0
DEL18790,Unknown,Unknown,0,0,Truck,0
DEL18791,Unknown,Unknown,0,0,Truck,0
DEL18792,Unknown,Unknown,0,0,Truck,0
DEL18793,Unknown,Unknown,0,0,Truck,0
DEL18794,Unknown,Unknown,0,0,Truck,0
DEL18795,Unknown,Unknown,0,0,Truck,0
DEL18796,Unknown,Unknown,0,0,Truck,0
DEL18797,Unknown,Unknown,0,0,Truck,0
DEL18798,Unknown,Unknown,0,0,Truck,0
DEL18799,Unknown,Unknown,0,0,Truck,0
DEL18800,Unknown,Unknown,0,0,Truck,0
DEL18801,Unknown,Unknown,0,0,Truck,0
DEL18802,Unknown,Unknown,0,0,Truck,0
DEL18803,Unknown,Unknown,0,0,Truck,0
DEL18804,Unknown,Unknown,0,0,Truck,0
DEL18805,Unknown,Unknown,0,0,Truck,0
DEL18806,Unknown,Unknown,0,0,Truck,0
DEL18807,Unknown,Unknown,0,0,Truck,0
DEL18808,Unknown,Unknown,0,0,Truck,0
DEL18809,Unknown,Unknown,0,0,Truck,0
DEL18810,Unknown,Unknown,0,0,Truck,0
DEL18811,Unknown,Unknown,0,0,Truck,0
DEL18812,Unknown,Unknown,0,0,Truck,0
DEL18813,Unknown,Unknown,0,0,Truck,0
DEL18814,Unknown,Unknown,0,0,Truck,0
DEL18815,Unknown,Unknown,0,0,Truck,0
DEL18816,Unknown,Unknown,0,0,Truck,0
DEL18817,Unknown,Unknown,0,0,Truck,0
DEL18818,Unknown,Unknown,0,0,Truck,0
DEL18819,Unknown,Unknown,0,0,Truck,0
DEL18820,Unknown,Unknown,0,0,Truck,0
DEL18821,Unknown,Unknown,0,0,Truck,0
DEL18822,Unknown,Unknown,0,0,Truck,0
DEL18823,Unknown,Unknown,0,0,Truck,0
DEL18824,Unknown,Unknown,0,0,Truck,0
DEL18825,Unknown,Unknown,0,0,Truck,0
DEL18826,Unknown,Unknown,0,0,Truck,0
DEL18827,Unknown,Unknown,0,0,Truck,0
DEL18828,Unknown,Unknown,0,0,Truck,0
DEL18829,Unknown,Unknown,0,0,Truck,0
DEL18830,Unknown,Unknown,0,0,Truck,0
DEL18831,Unknown,Unknown,0,0,Truck,0
DEL18832,Unknown,Unknown,0,0,Truck,0
DEL18833,Unknown,Unknown,0,0,Truck,0
DEL18834,Unknown,Unknown,0,0,Truck,0
DEL18835,Unknown,Unknown,0,0,Truck,0
DEL18836,Unknown,Unknown,0,0,Truck,0
DEL18837,Unknown,Unknown,0,0,Truck,0
DEL18838,Unknown,Unknown,0,0,Truck,0
DEL18839,Unknown,Unknown,0,0,Truck,0
DEL18840,Unknown,Unknown,0,0,Truck,0
DEL18841,Unknown,Unknown,0,0,Truck,0
DEL18842,Unknown,Unknown,0,0,Truck,0
DEL18843,Unknown,Unknown,0,0,Truck,0
DEL18844,Unknown,Unknown,0,0,Truck,0
DEL18845,Unknown,Unknown,0,0,Truck,0
DEL18846,Unknown,Unknown,0,0,Truck,0
DEL18847,Unknown,Unknown,0,0,Truck,0
DEL18848,Unknown,Unknown,0,0,Truck,0
DEL18849,Unknown,Unknown,0,0,Truck,0
DEL18850,Unknown,Unknown,0,0,Truck,0
DEL18851,Unknown,Unknown,0,0,Truck,0
DEL18852,Unknown,Unknown,0,0,Truck,0
DEL18853,Unknown,Unknown,0,0,Truck,0
DEL18854,Unknown,Unknown,0,0,Truck,0
DEL18855,Unknown,Unknown,0,0,Truck,0
DEL18856,Unknown,Unknown,0,0,Truck,0
DEL18857,Unknown,Unknown,0,0,Truck,0
DEL18858,Unknown,Unknown,0,0,Truck,0
DEL18859,Unknown,Unknown,0,0,Truck,0
DEL18860,Unknown,Unknown,0,0,Truck,0
DEL18861,Unknown,Unknown,0,0,Truck,0
DEL18862,Unknown,Unknown,0,0,Truck,0
DEL18863,Unknown,Unknown,0,0,Truck,0
DEL18864,Unknown,Unknown,0,0,Truck,0
DEL18865,Unknown,Unknown,0,0,Truck,0
DEL18866,Unknown,Unknown,0,0,Truck,0
DEL18867,Unknown,Unknown,0,0,Truck,0
DEL18868,Unknown,Unknown,0,0,Truck,0
DEL18869,Unknown,Unknown,0,0,Truck,0
DEL18870,Unknown,Unknown,0,0,Truck,0
DEL18871,Unknown,Unknown,0,0,Truck,0
DEL18872,Unknown,Unknown,0,0,Truck,0
DEL18873,Unknown,Unknown,0,0,Truck,0
DEL18874,Unknown,Unknown,0,0,Truck,0
DEL18875,Unknown,Unknown,0,0,Truck,0
DEL18876,Unknown,Unknown,0,0,Truck,0
DEL18877,Unknown,Unknown,0,0,Truck,0
DEL18878,Unknown,Unknown,0,0,Truck,0
DEL18879,Unknown,Unknown,0,0,Truck,0
DEL18880,Unknown,Unknown,0,0,Truck,0
DEL18881,Unknown,Unknown,0,0,Truck,0
DEL18882,Unknown,Unknown,0,0,Truck,0
DEL18883,Unknown,Unknown,0,0,Truck,0
DEL18884,Unknown,Unknown,0,0,Truck,0
DEL18885,Unknown,Unknown,0,0,Truck,0
DEL18886,Unknown,Unknown,0,0,Truck,0
DEL18887,Unknown,Unknown,0,0,Truck,0
DEL18888,Unknown,Unknown,0,0,Truck,0
DEL18889,Unknown,Unknown,0,0,Truck,0
DEL18890,Unknown,Unknown,0,0,Truck,0
DEL18891,Unknown,Unknown,0,0,Truck,0
DEL18892,Unknown,Unknown,0,0,Truck,0
DEL18893,Unknown,Unknown,0,0,Truck,0
DEL18894,Unknown,Unknown,0,0,Truck,0
DEL18895,Unknown,Unknown,0,0,Truck,0
DEL18896,Unknown,Unknown,0,0,Truck,0
DEL18897,Unknown,Unknown,0,0,Truck,0
DEL18898,Unknown,Unknown,0,0,Truck,0
DEL18899,Unknown,Unknown,0,0,Truck,0
DEL18900,Unknown,Unknown,0,0,Truck,0
DEL18901,Unknown,Unknown,0,0,Truck,0
DEL18902,Unknown,Unknown,0,0,Truck,0
DEL18903,Unknown,Unknown,0,0,Truck,0
DEL18904,Unknown,Unknown,0,0,Truck,0
DEL18905,Unknown,Unknown,0,0,Truck,0
DEL18906,Unknown,Unknown,0,0,Truck,0
DEL18907,Unknown,Unknown,0,0,Truck,0
DEL18908,Unknown,Unknown,0,0,Truck,0
DEL18909,Unknown,Unknown,0,0,Truck,0
DEL18910,Unknown,Unknown,0,0,Truck,0
DEL18911,Unknown,Unknown,0,0,Truck,0
DEL18912,Unknown,Unknown,0,0,Truck,0
DEL18913,Unknown,Unknown,0,0,Truck,0
DEL18914,Unknown,Unknown,0,0,Truck,0
DEL18915,Unknown,Unknown,0,0,Truck,0
DEL18916,Unknown,Unknown,0,0,Truck,0
DEL18917,Unknown,Unknown,0,0,Truck,0
DEL18918,Unknown,Unknown,0,0,Truck,0
DEL18919,Unknown,Unknown,0,0,Truck,0
DEL18920,Unknown,Unknown,0,0,Truck,0
DEL18921,Unknown,Unknown,0,0,Truck,0
DEL18922,Unknown,Unknown,0,0,Truck,0
DEL18923,Unknown,Unknown,0,0,Truck,0
DEL18924,Unknown,Unknown,0,0,Truck,0
DEL18925,Unknown,Unknown,0,0,Truck,0
DEL18926,Unknown,Unknown,0,0,Truck,0
DEL18927,Unknown,Unknown,0,0,Truck,0
DEL18928,Unknown,Unknown,0,0,Truck,0
DEL18929,Unknown,Unknown,0,0,Truck,0
DEL18930,Unknown,Unknown,0,0,Truck,0
DEL18931,Unknown,Unknown,0,0,Truck,0
DEL18932,Unknown,Unknown,0,0,Truck,0
DEL18933,Unknown,Unknown,0,0,Truck,0
DEL18934,Unknown,Unknown,0,0,Truck,0
DEL18935,Unknown,Unknown,0,0,Truck,0
DEL18936,Unknown,Unknown,0,0,Truck,0
DEL18937,Unknown,Unknown,0,0,Truck,0
DEL18938,Unknown,Unknown,0,0,Truck,0
DEL18939,Unknown,Unknown,0,0,Truck,0
DEL18940,Unknown,Unknown,0,0,Truck,0
DEL18941,Unknown,Unknown,0,0,Truck,0
DEL18942,Unknown,Unknown,0,0,Truck,0
DEL18943,Unknown,Unknown,0,0,Truck,0
DEL18944,Unknown,Unknown,0,0,Truck,0
DEL18945,Unknown,Unknown,0,0,Truck,0
DEL18946,Unknown,Unknown,0,0,Truck,0
DEL18947,Unknown,Unknown,0,0,Truck,0
DEL18948,Unknown,Unknown,0,0,Truck,0
DEL18949,Unknown,Unknown,0,0,Truck,0
DEL18950,Unknown,Unknown,0,0,Truck,0
DEL18951,Unknown,Unknown,0,0,Truck,0
DEL18952,Unknown,Unknown,0,0,Truck,0
DEL18953,Unknown,Unknown,0,0,Truck,0
DEL18954,Unknown,Unknown,0,0,Truck,0
DEL18955,Unknown,Unknown,0,0,Truck,0
DEL18956,Unknown,Unknown,0,0,Truck,0
DEL18957,Unknown,Unknown,0,0,Truck,0
DEL18958,Unknown,Unknown,0,0,Truck,0
DEL18959,Unknown,Unknown,0,0,Truck,0
DEL18960,Unknown,Unknown,0,0,Truck,0
DEL18961,Unknown,Unknown,0,0,Truck,0
DEL18962,Unknown,Unknown,0,0,Truck,0
DEL18963,Unknown,Unknown,0,0,Truck,0
DEL18964,Unknown,Unknown,0,0,Truck,0
DEL18965,Unknown,Unknown,0,0,Truck,0
DEL18966,Unknown,Unknown,0,0,Truck,0
DEL18967,Unknown,Unknown,0,0,Truck,0
DEL18968,Unknown,Unknown,0,0,Truck,0
DEL18969,Unknown,Unknown,0,0,Truck,0
DEL18970,Unknown,Unknown,0,0,Truck,0
DEL18971,Unknown,Unknown,0,0,Truck,0
DEL18972,Unknown,Unknown,0,0,Truck,0
DEL18973,Unknown,Unknown,0,0,Truck,0
DEL18974,Unknown,Unknown,0,0,Truck,0
DEL18975,Unknown,Unknown,0,0,Truck,0
DEL18976,Unknown,Unknown,0,0,Truck,0
DEL18977,Unknown,Unknown,0,0,Truck,0
DEL18978,Unknown,Unknown,0,0,Truck,0
DEL18979,Unknown,Unknown,0,0,Truck,0
DEL18980,Unknown,Unknown,0,0,Truck,0
DEL18981,Unknown,Unknown,0,0,Truck,0
DEL18982,Unknown,Unknown,0,0,Truck,0
DEL18983,Unknown,Unknown,0,0,Truck,0
DEL18984,Unknown,Unknown,0,0,Truck,0
DEL18985,Unknown,Unknown,0,0,Truck,0
DEL18986,Unknown,Unknown,0,0,Truck,0
DEL18987,Unknown,Unknown,0,0,Truck,0
DEL18988,Unknown,Unknown,0,0,Truck,0
DEL18989,Unknown,Unknown,0,0,Truck,0
DEL18990,Unknown,Unknown,0,0,Truck,0
DEL18991,Unknown,Unknown,0,0,Truck,0
DEL18992,Unknown,Unknown,0,0,Truck,0
DEL18993,Unknown,Unknown,0,0,Truck,0
DEL18994,Unknown,Unknown,0,0,Truck,0
DEL18995,Unknown,Unknown,0,0,Truck,0
DEL18996,Unknown,Unknown,0,0,Truck,0
DEL18997,Unknown,Unknown,0,0,Truck,0
DEL18998,Unknown,Unknown,0,0,Truck,0
DEL18999,Unknown,Unknown,0,0,Truck,0
DEL19000,Unknown,Unknown,0,0,Truck,0
DEL19001,Unknown,Unknown,0,0,Truck,0
DEL19002,Unknown,Unknown,0,0,Truck,0
DEL19003,Unknown,Unknown,0,0,Truck,0
DEL19004,Unknown,Unknown,0,0,Truck,0
DEL19005,Unknown,Unknown,0,0,Truck,0
DEL19006,Unknown,Unknown,0,0,Truck,0
DEL19007,Unknown,Unknown,0,0,Truck,0
DEL19008,Unknown,Unknown,0,0,Truck,0
DEL19009,Unknown,Unknown,0,0,Truck,0
DEL19010,Unknown,Unknown,0,0,Truck,0
DEL19011,Unknown,Unknown,0,0,Truck,0
DEL19012,Unknown,Unknown,0,0,Truck,0
DEL19013,Unknown,Unknown,0,0,Truck,0
DEL19014,Unknown,Unknown,0,0,Truck,0
DEL19015,Unknown,Unknown,0,0,Truck,0
DEL19016,Unknown,Unknown,0,0,Truck,0
DEL19017,Unknown,Unknown,0,0,Truck,0
DEL19018,Unknown,Unknown,0,0,Truck,0
DEL19019,Unknown,Unknown,0,0,Truck,0
DEL19020,Unknown,Unknown,0,0,Truck,0
DEL19021,Unknown,Unknown,0,0,Truck,0
DEL19022,Unknown,Unknown,0,0,Truck,0
DEL19023,Unknown,Unknown,0,0,Truck,0
DEL19024,Unknown,Unknown,0,0,Truck,0
DEL19025,Unknown,Unknown,0,0,Truck,0
DEL19026,Unknown,Unknown,0,0,Truck,0
DEL19027,Unknown,Unknown,0,0,Truck,0
DEL19028,Unknown,Unknown,0,0,Truck,0
DEL19029,Unknown,Unknown,0,0,Truck,0
DEL19030,Unknown,Unknown,0,0,Truck,0
DEL19031,Unknown,Unknown,0,0,Truck,0
DEL19032,Unknown,Unknown,0,0,Truck,0
DEL19033,Unknown,Unknown,0,0,Truck,0
DEL19034,Unknown,Unknown,0,0,Truck,0
DEL19035,Unknown,Unknown,0,0,Truck,0
DEL19036,Unknown,Unknown,0,0,Truck,0
DEL19037,Unknown,Unknown,0,0,Truck,0
DEL19038,Unknown,Unknown,0,0,Truck,0
DEL19039,Unknown,Unknown,0,0,Truck,0
DEL19040,Unknown,Unknown,0,0,Truck,0
DEL19041,Unknown,Unknown,0,0,Truck,0
DEL19042,Unknown,Unknown,0,0,Truck,0
DEL19043,Unknown,Unknown,0,0,Truck,0
DEL19044,Unknown,Unknown,0,0,Truck,0
DEL19045,Unknown,Unknown,0,0,Truck,0
DEL19046,Unknown,Unknown,0,0,Truck,0
DEL19047,Unknown,Unknown,0,0,Truck,0
DEL19048,Unknown,Unknown,0,0,Truck,0
DEL19049,Unknown,Unknown,0,0,Truck,0
DEL19050,Unknown,Unknown,0,0,Truck,0
DEL19051,Unknown,Unknown,0,0,Truck,0
DEL19052,Unknown,Unknown,0,0,Truck,0
DEL19053,Unknown,Unknown,0,0,Truck,0
DEL19054,Unknown,Unknown,0,0,Truck,0
DEL19055,Unknown,Unknown,0,0,Truck,0
DEL19056,Unknown,Unknown,0,0,Truck,0
DEL19057,Unknown,Unknown,0,0,Truck,0
DEL19058,Unknown,Unknown,0,0,Truck,0
DEL19059,Unknown,Unknown,0,0,Truck,0
DEL19060,Unknown,Unknown,0,0,Truck,0
DEL19061,Unknown,Unknown,0,0,Truck,0
DEL19062,Unknown,Unknown,0,0,Truck,0
DEL19063,Unknown,Unknown,0,0,Truck,0
DEL19064,Unknown,Unknown,0,0,Truck,0
DEL19065,Unknown,Unknown,0,0,Truck,0
DEL19066,Unknown,Unknown,0,0,Truck,0
DEL19067,Unknown,Unknown,0,0,Truck,0
DEL19068,Unknown,Unknown,0,0,Truck,0
DEL19069,Unknown,Unknown,0,0,Truck,0
DEL19070,Unknown,Unknown,0,0,Truck,0
DEL19071,Unknown,Unknown,0,0,Truck,0
DEL19072,Unknown,Unknown,0,0,Truck,0
DEL19073,Unknown,Unknown,0,0,Truck,0
DEL19074,Unknown,Unknown,0,0,Truck,0
DEL19075,Unknown,Unknown,0,0,Truck,0
DEL19076,Unknown,Unknown,0,0,Truck,0
DEL19077,Unknown,Unknown,0,0,Truck,0
DEL19078,Unknown,Unknown,0,0,Truck,0
DEL19079,Unknown,Unknown,0,0,Truck,0
DEL19080,Unknown,Unknown,0,0,Truck,0
DEL19081,Unknown,Unknown,0,0,Truck,0
DEL19082,Unknown,Unknown,0,0,Truck,0
DEL19083,Unknown,Unknown,0,0,Truck,0
DEL19084,Unknown,Unknown,0,0,Truck,0
DEL19085,Unknown,Unknown,0,0,Truck,0
DEL19086,Unknown,Unknown,0,0,Truck,0
DEL19087,Unknown,Unknown,0,0,Truck,0
DEL19088,Unknown,Unknown,0,0,Truck,0
DEL19089,Unknown,Unknown,0,0,Truck,0
DEL19090,Unknown,Unknown,0,0,Truck,0
DEL19091,Unknown,Unknown,0,0,Truck,0
DEL19092,Unknown,Unknown,0,0,Truck,0
DEL19093,Unknown,Unknown,0,0,Truck,0
DEL19094,Unknown,Unknown,0,0,Truck,0
DEL19095,Unknown,Unknown,0,0,Truck,0
DEL19096,Unknown,Unknown,0,0,Truck,0
DEL19097,Unknown,Unknown,0,0,Truck,0
DEL19098,Unknown,Unknown,0,0,Truck,0
DEL19099,Unknown,Unknown,0,0,Truck,0
DEL19100,Unknown,Unknown,0,0,Truck,0
DEL19101,Unknown,Unknown,0,0,Truck,0
DEL19102,Unknown,Unknown,0,0,Truck,0
DEL19103,Unknown,Unknown,0,0,Truck,0
DEL19104,Unknown,Unknown,0,0,Truck,0
DEL19105,Unknown,Unknown,0,0,Truck,0
DEL19106,Unknown,Unknown,0,0,Truck,0
DEL19107,Unknown,Unknown,0,0,Truck,0
DEL19108,Unknown,Unknown,0,0,Truck,0
DEL19109,Unknown,Unknown,0,0,Truck,0
DEL19110,Unknown,Unknown,0,0,Truck,0
DEL19111,Unknown,Unknown,0,0,Truck,0
DEL19112,Unknown,Unknown,0,0,Truck,0
DEL19113,Unknown,Unknown,0,0,Truck,0
DEL19114,Unknown,Unknown,0,0,Truck,0
DEL19115,Unknown,Unknown,0,0,Truck,0
DEL19116,Unknown,Unknown,0,0,Truck,0
DEL19117,Unknown,Unknown,0,0,Truck,0
DEL19118,Unknown,Unknown,0,0,Truck,0
DEL19119,Unknown,Unknown,0,0,Truck,0
DEL19120,Unknown,Unknown,0,0,Truck,0
DEL19121,Unknown,Unknown,0,0,Truck,0
DEL19122,Unknown,Unknown,0,0,Truck,0
DEL19123,Unknown,Unknown,0,0,Truck,0
DEL19124,Unknown,Unknown,0,0,Truck,0
DEL19125,Unknown,Unknown,0,0,Truck,0
DEL19126,Unknown,Unknown,0,0,Truck,0
DEL19127,Unknown,Unknown,0,0,Truck,0
DEL19128,Unknown,Unknown,0,0,Truck,0
DEL19129,Unknown,Unknown,0,0,Truck,0
DEL19130,Unknown,Unknown,0,0,Truck,0
DEL19131,Unknown,Unknown,0,0,Truck,0
DEL19132,Unknown,Unknown,0,0,Truck,0
DEL19133,Unknown,Unknown,0,0,Truck,0
DEL19134,Unknown,Unknown,0,0,Truck,0
DEL19135,Unknown,Unknown,0,0,Truck,0
DEL19136,Unknown,Unknown,0,0,Truck,0
DEL19137,Unknown,Unknown,0,0,Truck,0
DEL19138,Unknown,Unknown,0,0,Truck,0
DEL19139,Unknown,Unknown,0,0,Truck,0
DEL19140,Unknown,Unknown,0,0,Truck,0
DEL19141,Unknown,Unknown,0,0,Truck,0
DEL19142,Unknown,Unknown,0,0,Truck,0
DEL19143,Unknown,Unknown,0,0,Truck,0
DEL19144,Unknown,Unknown,0,0,Truck,0
DEL19145,Unknown,Unknown,0,0,Truck,0
DEL19146,Unknown,Unknown,0,0,Truck,0
DEL19147,Unknown,Unknown,0,0,Truck,0
DEL19148,Unknown,Unknown,0,0,Truck,0
DEL19149,Unknown,Unknown,0,0,Truck,0
DEL19150,Unknown,Unknown,0,0,Truck,0
DEL19151,Unknown,Unknown,0,0,Truck,0
DEL19152,Unknown,Unknown,0,0,Truck,0
DEL19153,Unknown,Unknown,0,0,Truck,0
DEL19154,Unknown,Unknown,0,0,Truck,0
DEL19155,Unknown,Unknown,0,0,Truck,0
DEL19156,Unknown,Unknown,0,0,Truck,0
DEL19157,Unknown,Unknown,0,0,Truck,0
DEL19158,Unknown,Unknown,0,0,Truck,0
DEL19159,Unknown,Unknown,0,0,Truck,0
DEL19160,Unknown,Unknown,0,0,Truck,0
DEL19161,Unknown,Unknown,0,0,Truck,0
DEL19162,Unknown,Unknown,0,0,Truck,0
DEL19163,Unknown,Unknown,0,0,Truck,0
DEL19164,Unknown,Unknown,0,0,Truck,0
DEL19165,Unknown,Unknown,0,0,Truck,0
DEL19166,Unknown,Unknown,0,0,Truck,0
DEL19167,Unknown,Unknown,0,0,Truck,0
DEL19168,Unknown,Unknown,0,0,Truck,0
DEL19169,Unknown,Unknown,0,0,Truck,0
DEL19170,Unknown,Unknown,0,0,Truck,0
DEL19171,Unknown,Unknown,0,0,Truck,0
DEL19172,Unknown,Unknown,0,0,Truck,0
DEL19173,Unknown,Unknown,0,0,Truck,0
DEL19174,Unknown,Unknown,0,0,Truck,0
DEL19175,Unknown,Unknown,0,0,Truck,0
DEL19176,Unknown,Unknown,0,0,Truck,0
DEL19177,Unknown,Unknown,0,0,Truck,0
DEL19178,Unknown,Unknown,0,0,Truck,0
DEL19179,Unknown,Unknown,0,0,Truck,0
DEL19180,Unknown,Unknown,0,0,Truck,0
DEL19181,Unknown,Unknown,0,0,Truck,0
DEL19182,Unknown,Unknown,0,0,Truck,0
DEL19183,Unknown,Unknown,0,0,Truck,0
DEL19184,Unknown,Unknown,0,0,Truck,0
DEL19185,Unknown,Unknown,0,0,Truck,0
DEL19186,Unknown,Unknown,0,0,Truck,0
DEL19187,Unknown,Unknown,0,0,Truck,0
DEL19188,Unknown,Unknown,0,0,Truck,0
DEL19189,Unknown,Unknown,0,0,Truck,0
DEL19190,Unknown,Unknown,0,0,Truck,0
DEL19191,Unknown,Unknown,0,0,Truck,0
DEL19192,Unknown,Unknown,0,0,Truck,0
DEL19193,Unknown,Unknown,0,0,Truck,0
DEL19194,Unknown,Unknown,0,0,Truck,0
DEL19195,Unknown,Unknown,0,0,Truck,0
DEL19196,Unknown,Unknown,0,0,Truck,0
DEL19197,Unknown,Unknown,0,0,Truck,0
DEL19198,Unknown,Unknown,0,0,Truck,0
DEL19199,Unknown,Unknown,0,0,Truck,0
DEL19200,Unknown,Unknown,0,0,Truck,0
DEL19201,Unknown,Unknown,0,0,Truck,0
DEL19202,Unknown,Unknown,0,0,Truck,0
DEL19203,Unknown,Unknown,0,0,Truck,0
DEL19204,Unknown,Unknown,0,0,Truck,0
DEL19205,Unknown,Unknown,0,0,Truck,0
DEL19206,Unknown,Unknown,0,0,Truck,0
DEL19207,Unknown,Unknown,0,0,Truck,0
DEL19208,Unknown,Unknown,0,0,Truck,0
DEL19209,Unknown,Unknown,0,0,Truck,0
DEL19210,Unknown,Unknown,0,0,Truck,0
DEL19211,Unknown,Unknown,0,0,Truck,0
DEL19212,Unknown,Unknown,0,0,Truck,0
DEL19213,Unknown,Unknown,0,0,Truck,0
DEL19214,Unknown,Unknown,0,0,Truck,0
DEL19215,Unknown,Unknown,0,0,Truck,0
DEL19216,Unknown,Unknown,0,0,Truck,0
DEL19217,Unknown,Unknown,0,0,Truck,0
DEL19218,Unknown,Unknown,0,0,Truck,0
DEL19219,Unknown,Unknown,0,0,Truck,0
DEL19220,Unknown,Unknown,0,0,Truck,0
DEL19221,Unknown,Unknown,0,0,Truck,0
DEL19222,Unknown,Unknown,0,0,Truck,0
DEL19223,Unknown,Unknown,0,0,Truck,0
DEL19224,Unknown,Unknown,0,0,Truck,0
DEL19225,Unknown,Unknown,0,0,Truck,0
DEL19226,Unknown,Unknown,0,0,Truck,0
DEL19227,Unknown,Unknown,0,0,Truck,0
DEL19228,Unknown,Unknown,0,0,Truck,0
DEL19229,Unknown,Unknown,0,0,Truck,0
DEL19230,Unknown,Unknown,0,0,Truck,0
DEL19231,Unknown,Unknown,0,0,Truck,0
DEL19232,Unknown,Unknown,0,0,Truck,0
DEL19233,Unknown,Unknown,0,0,Truck,0
DEL19234,Unknown,Unknown,0,0,Truck,0
DEL19235,Unknown,Unknown,0,0,Truck,0
DEL19236,Unknown,Unknown,0,0,Truck,0
DEL19237,Unknown,Unknown,0,0,Truck,0
DEL19238,Unknown,Unknown,0,0,Truck,0
DEL19239,Unknown,Unknown,0,0,Truck,0
DEL19240,Unknown,Unknown,0,0,Truck,0
DEL19241,Unknown,Unknown,0,0,Truck,0
DEL19242,Unknown,Unknown,0,0,Truck,0
DEL19243,Unknown,Unknown,0,0,Truck,0
DEL19244,Unknown,Unknown,0,0,Truck,0
DEL19245,Unknown,Unknown,0,0,Truck,0
DEL19246,Unknown,Unknown,0,0,Truck,0
DEL19247,Unknown,Unknown,0,0,Truck,0
DEL19248,Unknown,Unknown,0,0,Truck,0
DEL19249,Unknown,Unknown,0,0,Truck,0
DEL19250,Unknown,Unknown,0,0,Truck,0
DEL19251,Unknown,Unknown,0,0,Truck,0
DEL19252,Unknown,Unknown,0,0,Truck,0
DEL19253,Unknown,Unknown,0,0,Truck,0
DEL19254,Unknown,Unknown,0,0,Truck,0
DEL19255,Unknown,Unknown,0,0,Truck,0
DEL19256,Unknown,Unknown,0,0,Truck,0
DEL19257,Unknown,Unknown,0,0,Truck,0
DEL19258,Unknown,Unknown,0,0,Truck,0
DEL19259,Unknown,Unknown,0,0,Truck,0
DEL19260,Unknown,Unknown,0,0,Truck,0
DEL19261,Unknown,Unknown,0,0,Truck,0
DEL19262,Unknown,Unknown,0,0,Truck,0
DEL19263,Unknown,Unknown,0,0,Truck,0
DEL19264,Unknown,Unknown,0,0,Truck,0
DEL19265,Unknown,Unknown,0,0,Truck,0
DEL19266,Unknown,Unknown,0,0,Truck,0
DEL19267,Unknown,Unknown,0,0,Truck,0
DEL19268,Unknown,Unknown,0,0,Truck,0
DEL19269,Unknown,Unknown,0,0,Truck,0
DEL19270,Unknown,Unknown,0,0,Truck,0
DEL19271,Unknown,Unknown,0,0,Truck,0
DEL19272,Unknown,Unknown,0,0,Truck,0
DEL19273,Unknown,Unknown,0,0,Truck,0
DEL19274,Unknown,Unknown,0,0,Truck,0
DEL19275,Unknown,Unknown,0,0,Truck,0
DEL19276,Unknown,Unknown,0,0,Truck,0
DEL19277,Unknown,Unknown,0,0,Truck,0
DEL19278,Unknown,Unknown,0,0,Truck,0
DEL19279,Unknown,Unknown,0,0,Truck,0
DEL19280,Unknown,Unknown,0,0,Truck,0
DEL19281,Unknown,Unknown,0,0,Truck,0
DEL19282,Unknown,Unknown,0,0,Truck,0
DEL19283,Unknown,Unknown,0,0,Truck,0
DEL19284,Unknown,Unknown,0,0,Truck,0
DEL19285,Unknown,Unknown,0,0,Truck,0
DEL19286,Unknown,Unknown,0,0,Truck,0
DEL19287,Unknown,Unknown,0,0,Truck,0
DEL19288,Unknown,Unknown,0,0,Truck,0
DEL19289,Unknown,Unknown,0,0,Truck,0
DEL19290,Unknown,Unknown,0,0,Truck,0
DEL19291,Unknown,Unknown,0,0,Truck,0
DEL19292,Unknown,Unknown,0,0,Truck,0
DEL19293,Unknown,Unknown,0,0,Truck,0
DEL19294,Unknown,Unknown,0,0,Truck,0
DEL19295,Unknown,Unknown,0,0,Truck,0
DEL19296,Unknown,Unknown,0,0,Truck,0
DEL19297,Unknown,Unknown,0,0,Truck,0
DEL19298,Unknown,Unknown,0,0,Truck,0
DEL19299,Unknown,Unknown,0,0,Truck,0
DEL19300,Unknown,Unknown,0,0,Truck,0
DEL19301,Unknown,Unknown,0,0,Truck,0
DEL19302,Unknown,Unknown,0,0,Truck,0
DEL19303,Unknown,Unknown,0,0,Truck,0
DEL19304,Unknown,Unknown,0,0,Truck,0
DEL19305,Unknown,Unknown,0,0,Truck,0
DEL19306,Unknown,Unknown,0,0,Truck,0
DEL19307,Unknown,Unknown,0,0,Truck,0
DEL19308,Unknown,Unknown,0,0,Truck,0
DEL19309,Unknown,Unknown,0,0,Truck,0
DEL19310,Unknown,Unknown,0,0,Truck,0
DEL19311,Unknown,Unknown,0,0,Truck,0
DEL19312,Unknown,Unknown,0,0,Truck,0
DEL19313,Unknown,Unknown,0,0,Truck,0
DEL19314,Unknown,Unknown,0,0,Truck,0
DEL19315,Unknown,Unknown,0,0,Truck,0
DEL19316,Unknown,Unknown,0,0,Truck,0
DEL19317,Unknown,Unknown,0,0,Truck,0
DEL19318,Unknown,Unknown,0,0,Truck,0
DEL19319,Unknown,Unknown,0,0,Truck,0
DEL19320,Unknown,Unknown,0,0,Truck,0
DEL19321,Unknown,Unknown,0,0,Truck,0
DEL19322,Unknown,Unknown,0,0,Truck,0
DEL19323,Unknown,Unknown,0,0,Truck,0
DEL19324,Unknown,Unknown,0,0,Truck,0
DEL19325,Unknown,Unknown,0,0,Truck,0
DEL19326,Unknown,Unknown,0,0,Truck,0
DEL19327,Unknown,Unknown,0,0,Truck,0
DEL19328,Unknown,Unknown,0,0,Truck,0
DEL19329,Unknown,Unknown,0,0,Truck,0
DEL19330,Unknown,Unknown,0,0,Truck,0
DEL19331,Unknown,Unknown,0,0,Truck,0
DEL19332,Unknown,Unknown,0,0,Truck,0
DEL19333,Unknown,Unknown,0,0,Truck,0
DEL19334,Unknown,Unknown,0,0,Truck,0
DEL19335,Unknown,Unknown,0,0,Truck,0
DEL19336,Unknown,Unknown,0,0,Truck,0
DEL19337,Unknown,Unknown,0,0,Truck,0
DEL19338,Unknown,Unknown,0,0,Truck,0
DEL19339,Unknown,Unknown,0,0,Truck,0
DEL19340,Unknown,Unknown,0,0,Truck,0
DEL19341,Unknown,Unknown,0,0,Truck,0
DEL19342,Unknown,Unknown,0,0,Truck,0
DEL19343,Unknown,Unknown,0,0,Truck,0
DEL19344,Unknown,Unknown,0,0,Truck,0
DEL19345,Unknown,Unknown,0,0,Truck,0
DEL19346,Unknown,Unknown,0,0,Truck,0
DEL19347,Unknown,Unknown,0,0,Truck,0
DEL19348,Unknown,Unknown,0,0,Truck,0
DEL19349,Unknown,Unknown,0,0,Truck,0
DEL19350,Unknown,Unknown,0,0,Truck,0
DEL19351,Unknown,Unknown,0,0,Truck,0
DEL19352,Unknown,Unknown,0,0,Truck,0
DEL19353,Unknown,Unknown,0,0,Truck,0
DEL19354,Unknown,Unknown,0,0,Truck,0
DEL19355,Unknown,Unknown,0,0,Truck,0
DEL19356,Unknown,Unknown,0,0,Truck,0
DEL19357,Unknown,Unknown,0,0,Truck,0
DEL19358,Unknown,Unknown,0,0,Truck,0
DEL19359,Unknown,Unknown,0,0,Truck,0
DEL19360,Unknown,Unknown,0,0,Truck,0
DEL19361,Unknown,Unknown,0,0,Truck,0
DEL19362,Unknown,Unknown,0,0,Truck,0
DEL19363,Unknown,Unknown,0,0,Truck,0
DEL19364,Unknown,Unknown,0,0,Truck,0
DEL19365,Unknown,Unknown,0,0,Truck,0
DEL19366,Unknown,Unknown,0,0,Truck,0
DEL19367,Unknown,Unknown,0,0,Truck,0
DEL19368,Unknown,Unknown,0,0,Truck,0
DEL19369,Unknown,Unknown,0,0,Truck,0
DEL19370,Unknown,Unknown,0,0,Truck,0
DEL19371,Unknown,Unknown,0,0,Truck,0
DEL19372,Unknown,Unknown,0,0,Truck,0
DEL19373,Unknown,Unknown,0,0,Truck,0
DEL19374,Unknown,Unknown,0,0,Truck,0
DEL19375,Unknown,Unknown,0,0,Truck,0
DEL19376,Unknown,Unknown,0,0,Truck,0
DEL19377,Unknown,Unknown,0,0,Truck,0
DEL19378,Unknown,Unknown,0,0,Truck,0
DEL19379,Unknown,Unknown,0,0,Truck,0
DEL19380,Unknown,Unknown,0,0,Truck,0
DEL19381,Unknown,Unknown,0,0,Truck,0
DEL19382,Unknown,Unknown,0,0,Truck,0
DEL19383,Unknown,Unknown,0,0,Truck,0
DEL19384,Unknown,Unknown,0,0,Truck,0
DEL19385,Unknown,Unknown,0,0,Truck,0
DEL19386,Unknown,Unknown,0,0,Truck,0
DEL19387,Unknown,Unknown,0,0,Truck,0
DEL19388,Unknown,Unknown,0,0,Truck,0
DEL19389,Unknown,Unknown,0,0,Truck,0
DEL19390,Unknown,Unknown,0,0,Truck,0
DEL19391,Unknown,Unknown,0,0,Truck,0
DEL19392,Unknown,Unknown,0,0,Truck,0
DEL19393,Unknown,Unknown,0,0,Truck,0
DEL19394,Unknown,Unknown,0,0,Truck,0
DEL19395,Unknown,Unknown,0,0,Truck,0
DEL19396,Unknown,Unknown,0,0,Truck,0
DEL19397,Unknown,Unknown,0,0,Truck,0
DEL19398,Unknown,Unknown,0,0,Truck,0
DEL19399,Unknown,Unknown,0,0,Truck,0
DEL19400,Unknown,Unknown,0,0,Truck,0
DEL19401,Unknown,Unknown,0,0,Truck,0
DEL19402,Unknown,Unknown,0,0,Truck,0
DEL19403,Unknown,Unknown,0,0,Truck,0
DEL19404,Unknown,Unknown,0,0,Truck,0
DEL19405,Unknown,Unknown,0,0,Truck,0
DEL19406,Unknown,Unknown,0,0,Truck,0
DEL19407,Unknown,Unknown,0,0,Truck,0
DEL19408,Unknown,Unknown,0,0,Truck,0
DEL19409,Unknown,Unknown,0,0,Truck,0
DEL19410,Unknown,Unknown,0,0,Truck,0
DEL19411,Unknown,Unknown,0,0,Truck,0
DEL19412,Unknown,Unknown,0,0,Truck,0
DEL19413,Unknown,Unknown,0,0,Truck,0
DEL19414,Unknown,Unknown,0,0,Truck,0
DEL19415,Unknown,Unknown,0,0,Truck,0
DEL19416,Unknown,Unknown,0,0,Truck,0
DEL19417,Unknown,Unknown,0,0,Truck,0
DEL19418,Unknown,Unknown,0,0,Truck,0
DEL19419,Unknown,Unknown,0,0,Truck,0
DEL19420,Unknown,Unknown,0,0,Truck,0
DEL19421,Unknown,Unknown,0,0,Truck,0
DEL19422,Unknown,Unknown,0,0,Truck,0
DEL19423,Unknown,Unknown,0,0,Truck,0
DEL19424,Unknown,Unknown,0,0,Truck,0
DEL19425,Unknown,Unknown,0,0,Truck,0
DEL19426,Unknown,Unknown,0,0,Truck,0
DEL19427,Unknown,Unknown,0,0,Truck,0
DEL19428,Unknown,Unknown,0,0,Truck,0
DEL19429,Unknown,Unknown,0,0,Truck,0
DEL19430,Unknown,Unknown,0,0,Truck,0
DEL19431,Unknown,Unknown,0,0,Truck,0
DEL19432,Unknown,Unknown,0,0,Truck,0
DEL19433,Unknown,Unknown,0,0,Truck,0
DEL19434,Unknown,Unknown,0,0,Truck,0
DEL19435,Unknown,Unknown,0,0,Truck,0
DEL19436,Unknown,Unknown,0,0,Truck,0
DEL19437,Unknown,Unknown,0,0,Truck,0
DEL19438,Unknown,Unknown,0,0,Truck,0
DEL19439,Unknown,Unknown,0,0,Truck,0
DEL19440,Unknown,Unknown,0,0,Truck,0
DEL19441,Unknown,Unknown,0,0,Truck,0
DEL19442,Unknown,Unknown,0,0,Truck,0
DEL19443,Unknown,Unknown,0,0,Truck,0
DEL19444,Unknown,Unknown,0,0,Truck,0
DEL19445,Unknown,Unknown,0,0,Truck,0
DEL19446,Unknown,Unknown,0,0,Truck,0
DEL19447,Unknown,Unknown,0,0,Truck,0
DEL19448,Unknown,Unknown,0,0,Truck,0
DEL19449,Unknown,Unknown,0,0,Truck,0
DEL19450,Unknown,Unknown,0,0,Truck,0
DEL19451,Unknown,Unknown,0,0,Truck,0
DEL19452,Unknown,Unknown,0,0,Truck,0
DEL19453,Unknown,Unknown,0,0,Truck,0
DEL19454,Unknown,Unknown,0,0,Truck,0
DEL19455,Unknown,Unknown,0,0,Truck,0
DEL19456,Unknown,Unknown,0,0,Truck,0
DEL19457,Unknown,Unknown,0,0,Truck,0
DEL19458,Unknown,Unknown,0,0,Truck,0
DEL19459,Unknown,Unknown,0,0,Truck,0
DEL19460,Unknown,Unknown,0,0,Truck,0
DEL19461,Unknown,Unknown,0,0,Truck,0
DEL19462,Unknown,Unknown,0,0,Truck,0
DEL19463,Unknown,Unknown,0,0,Truck,0
DEL19464,Unknown,Unknown,0,0,Truck,0
DEL19465,Unknown,Unknown,0,0,Truck,0
DEL19466,Unknown,Unknown,0,0,Truck,0
DEL19467,Unknown,Unknown,0,0,Truck,0
DEL19468,Unknown,Unknown,0,0,Truck,0
DEL19469,Unknown,Unknown,0,0,Truck,0
DEL19470,Unknown,Unknown,0,0,Truck,0
DEL19471,Unknown,Unknown,0,0,Truck,0
DEL19472,Unknown,Unknown,0,0,Truck,0
DEL19473,Unknown,Unknown,0,0,Truck,0
DEL19474,Unknown,Unknown,0,0,Truck,0
DEL19475,Unknown,Unknown,0,0,Truck,0
DEL19476,Unknown,Unknown,0,0,Truck,0
DEL19477,Unknown,Unknown,0,0,Truck,0
DEL19478,Unknown,Unknown,0,0,Truck,0
DEL19479,Unknown,Unknown,0,0,Truck,0
DEL19480,Unknown,Unknown,0,0,Truck,0
DEL19481,Unknown,Unknown,0,0,Truck,0
DEL19482,Unknown,Unknown,0,0,Truck,0
DEL19483,Unknown,Unknown,0,0,Truck,0
DEL19484,Unknown,Unknown,0,0,Truck,0
DEL19485,Unknown,Unknown,0,0,Truck,0
DEL19486,Unknown,Unknown,0,0,Truck,0
DEL19487,Unknown,Unknown,0,0,Truck,0
DEL19488,Unknown,Unknown,0,0,Truck,0
DEL19489,Unknown,Unknown,0,0,Truck,0
DEL19490,Unknown,Unknown,0,0,Truck,0
DEL19491,Unknown,Unknown,0,0,Truck,0
DEL19492,Unknown,Unknown,0,0,Truck,0
DEL19493,Unknown,Unknown,0,0,Truck,0
DEL19494,Unknown,Unknown,0,0,Truck,0
DEL19495,Unknown,Unknown,0,0,Truck,0
DEL19496,Unknown,Unknown,0,0,Truck,0
DEL19497,Unknown,Unknown,0,0,Truck,0
DEL19498,Unknown,Unknown,0,0,Truck,0
DEL19499,Unknown,Unknown,0,0,Truck,0
DEL19500,Unknown,Unknown,0,0,Truck,0
DEL19501,Unknown,Unknown,0,0,Truck,0
DEL19502,Unknown,Unknown,0,0,Truck,0
DEL19503,Unknown,Unknown,0,0,Truck,0
DEL19504,Unknown,Unknown,0,0,Truck,0
DEL19505,Unknown,Unknown,0,0,Truck,0
DEL19506,Unknown,Unknown,0,0,Truck,0
DEL19507,Unknown,Unknown,0,0,Truck,0
DEL19508,Unknown,Unknown,0,0,Truck,0
DEL19509,Unknown,Unknown,0,0,Truck,0
DEL19510,Unknown,Unknown,0,0,Truck,0
DEL19511,Unknown,Unknown,0,0,Truck,0
DEL19512,Unknown,Unknown,0,0,Truck,0
DEL19513,Unknown,Unknown,0,0,Truck,0
DEL19514,Unknown,Unknown,0,0,Truck,0
DEL19515,Unknown,Unknown,0,0,Truck,0
DEL19516,Unknown,Unknown,0,0,Truck,0
DEL19517,Unknown,Unknown,0,0,Truck,0
DEL19518,Unknown,Unknown,0,0,Truck,0
DEL19519,Unknown,Unknown,0,0,Truck,0
DEL19520,Unknown,Unknown,0,0,Truck,0
DEL19521,Unknown,Unknown,0,0,Truck,0
DEL19522,Unknown,Unknown,0,0,Truck,0
DEL19523,Unknown,Unknown,0,0,Truck,0
DEL19524,Unknown,Unknown,0,0,Truck,0
DEL19525,Unknown,Unknown,0,0,Truck,0
DEL19526,Unknown,Unknown,0,0,Truck,0
DEL19527,Unknown,Unknown,0,0,Truck,0
DEL19528,Unknown,Unknown,0,0,Truck,0
DEL19529,Unknown,Unknown,0,0,Truck,0
DEL19530,Unknown,Unknown,0,0,Truck,0
DEL19531,Unknown,Unknown,0,0,Truck,0
DEL19532,Unknown,Unknown,0,0,Truck,0
DEL19533,Unknown,Unknown,0,0,Truck,0
DEL19534,Unknown,Unknown,0,0,Truck,0
DEL19535,Unknown,Unknown,0,0,Truck,0
DEL19536,Unknown,Unknown,0,0,Truck,0
DEL19537,Unknown,Unknown,0,0,Truck,0
DEL19538,Unknown,Unknown,0,0,Truck,0
DEL19539,Unknown,Unknown,0,0,Truck,0
DEL19540,Unknown,Unknown,0,0,Truck,0
DEL19541,Unknown,Unknown,0,0,Truck,0
DEL19542,Unknown,Unknown,0,0,Truck,0
DEL19543,Unknown,Unknown,0,0,Truck,0
DEL19544,Unknown,Unknown,0,0,Truck,0
DEL19545,Unknown,Unknown,0,0,Truck,0
DEL19546,Unknown,Unknown,0,0,Truck,0
DEL19547,Unknown,Unknown,0,0,Truck,0
DEL19548,Unknown,Unknown,0,0,Truck,0
DEL19549,Unknown,Unknown,0,0,Truck,0
DEL19550,Unknown,Unknown,0,0,Truck,0
DEL19551,Unknown,Unknown,0,0,Truck,0
DEL19552,Unknown,Unknown,0,0,Truck,0
DEL19553,Unknown,Unknown,0,0,Truck,0
DEL19554,Unknown,Unknown,0,0,Truck,0
DEL19555,Unknown,Unknown,0,0,Truck,0
DEL19556,Unknown,Unknown,0,0,Truck,0
DEL19557,Unknown,Unknown,0,0,Truck,0
DEL19558,Unknown,Unknown,0,0,Truck,0
DEL19559,Unknown,Unknown,0,0,Truck,0
DEL19560,Unknown,Unknown,0,0,Truck,0
DEL19561,Unknown,Unknown,0,0,Truck,0
DEL19562,Unknown,Unknown,0,0,Truck,0
DEL19563,Unknown,Unknown,0,0,Truck,0
DEL19564,Unknown,Unknown,0,0,Truck,0
DEL19565,Unknown,Unknown,0,0,Truck,0
DEL19566,Unknown,Unknown,0,0,Truck,0
DEL19567,Unknown,Unknown,0,0,Truck,0
DEL19568,Unknown,Unknown,0,0,Truck,0
DEL19569,Unknown,Unknown,0,0,Truck,0
DEL19570,Unknown,Unknown,0,0,Truck,0
DEL19571,Unknown,Unknown,0,0,Truck,0
DEL19572,Unknown,Unknown,0,0,Truck,0
DEL19573,Unknown,Unknown,0,0,Truck,0
DEL19574,Unknown,Unknown,0,0,Truck,0
DEL19575,Unknown,Unknown,0,0,Truck,0
DEL19576,Unknown,Unknown,0,0,Truck,0
DEL19577,Unknown,Unknown,0,0,Truck,0
DEL19578,Unknown,Unknown,0,0,Truck,0
DEL19579,Unknown,Unknown,0,0,Truck,0
DEL19580,Unknown,Unknown,0,0,Truck,0
DEL19581,Unknown,Unknown,0,0,Truck,0
DEL19582,Unknown,Unknown,0,0,Truck,0
DEL19583,Unknown,Unknown,0,0,Truck,0
DEL19584,Unknown,Unknown,0,0,Truck,0
DEL19585,Unknown,Unknown,0,0,Truck,0
DEL19586,Unknown,Unknown,0,0,Truck,0
DEL19587,Unknown,Unknown,0,0,Truck,0
DEL19588,Unknown,Unknown,0,0,Truck,0
DEL19589,Unknown,Unknown,0,0,Truck,0
DEL19590,Unknown,Unknown,0,0,Truck,0
DEL19591,Unknown,Unknown,0,0,Truck,0
DEL19592,Unknown,Unknown,0,0,Truck,0
DEL19593,Unknown,Unknown,0,0,Truck,0
DEL19594,Unknown,Unknown,0,0,Truck,0
DEL19595,Unknown,Unknown,0,0,Truck,0
DEL19596,Unknown,Unknown,0,0,Truck,0
DEL19597,Unknown,Unknown,0,0,Truck,0
DEL19598,Unknown,Unknown,0,0,Truck,0
DEL19599,Unknown,Unknown,0,0,Truck,0
DEL19600,Unknown,Unknown,0,0,Truck,0
DEL19601,Unknown,Unknown,0,0,Truck,0
DEL19602,Unknown,Unknown,0,0,Truck,0
DEL19603,Unknown,Unknown,0,0,Truck,0
DEL19604,Unknown,Unknown,0,0,Truck,0
DEL19605,Unknown,Unknown,0,0,Truck,0
DEL19606,Unknown,Unknown,0,0,Truck,0
DEL19607,Unknown,Unknown,0,0,Truck,0
DEL19608,Unknown,Unknown,0,0,Truck,0
DEL19609,Unknown,Unknown,0,0,Truck,0
DEL19610,Unknown,Unknown,0,0,Truck,0
DEL19611,Unknown,Unknown,0,0,Truck,0
DEL19612,Unknown,Unknown,0,0,Truck,0
DEL19613,Unknown,Unknown,0,0,Truck,0
DEL19614,Unknown,Unknown,0,0,Truck,0
DEL19615,Unknown,Unknown,0,0,Truck,0
DEL19616,Unknown,Unknown,0,0,Truck,0
DEL19617,Unknown,Unknown,0,0,Truck,0
DEL19618,Unknown,Unknown,0,0,Truck,0
DEL19619,Unknown,Unknown,0,0,Truck,0
DEL19620,Unknown,Unknown,0,0,Truck,0
DEL19621,Unknown,Unknown,0,0,Truck,0
DEL19622,Unknown,Unknown,0,0,Truck,0
DEL19623,Unknown,Unknown,0,0,Truck,0
DEL19624,Unknown,Unknown,0,0,Truck,0
DEL19625,Unknown,Unknown,0,0,Truck,0
DEL19626,Unknown,Unknown,0,0,Truck,0
DEL19627,Unknown,Unknown,0,0,Truck,0
DEL19628,Unknown,Unknown,0,0,Truck,0
DEL19629,Unknown,Unknown,0,0,Truck,0
DEL19630,Unknown,Unknown,0,0,Truck,0
DEL19631,Unknown,Unknown,0,0,Truck,0
DEL19632,Unknown,Unknown,0,0,Truck,0
DEL19633,Unknown,Unknown,0,0,Truck,0
DEL19634,Unknown,Unknown,0,0,Truck,0
DEL19635,Unknown,Unknown,0,0,Truck,0
DEL19636,Unknown,Unknown,0,0,Truck,0
DEL19637,Unknown,Unknown,0,0,Truck,0
DEL19638,Unknown,Unknown,0,0,Truck,0
DEL19639,Unknown,Unknown,0,0,Truck,0
DEL19640,Unknown,Unknown,0,0,Truck,0
DEL19641,Unknown,Unknown,0,0,Truck,0
DEL19642,Unknown,Unknown,0,0,Truck,0
DEL19643,Unknown,Unknown,0,0,Truck,0
DEL19644,Unknown,Unknown,0,0,Truck,0
DEL19645,Unknown,Unknown,0,0,Truck,0
DEL19646,Unknown,Unknown,0,0,Truck,0
DEL19647,Unknown,Unknown,0,0,Truck,0
DEL19648,Unknown,Unknown,0,0,Truck,0
DEL19649,Unknown,Unknown,0,0,Truck,0
DEL19650,Unknown,Unknown,0,0,Truck,0
DEL19651,Unknown,Unknown,0,0,Truck,0
DEL19652,Unknown,Unknown,0,0,Truck,0
DEL19653,Unknown,Unknown,0,0,Truck,0
DEL19654,Unknown,Unknown,0,0,Truck,0
DEL19655,Unknown,Unknown,0,0,Truck,0
DEL19656,Unknown,Unknown,0,0,Truck,0
DEL19657,Unknown,Unknown,0,0,Truck,0
DEL19658,Unknown,Unknown,0,0,Truck,0
DEL19659,Unknown,Unknown,0,0,Truck,0
DEL19660,Unknown,Unknown,0,0,Truck,0
DEL19661,Unknown,Unknown,0,0,Truck,0
DEL19662,Unknown,Unknown,0,0,Truck,0
DEL19663,Unknown,Unknown,0,0,Truck,0
DEL19664,Unknown,Unknown,0,0,Truck,0
DEL19665,Unknown,Unknown,0,0,Truck,0
DEL19666,Unknown,Unknown,0,0,Truck,0
DEL19667,Unknown,Unknown,0,0,Truck,0
DEL19668,Unknown,Unknown,0,0,Truck,0
DEL19669,Unknown,Unknown,0,0,Truck,0
DEL19670,Unknown,Unknown,0,0,Truck,0
DEL19671,Unknown,Unknown,0,0,Truck,0
DEL19672,Unknown,Unknown,0,0,Truck,0
DEL19673,Unknown,Unknown,0,0,Truck,0
DEL19674,Unknown,Unknown,0,0,Truck,0
DEL19675,Unknown,Unknown,0,0,Truck,0
DEL19676,Unknown,Unknown,0,0,Truck,0
DEL19677,Unknown,Unknown,0,0,Truck,0
DEL19678,Unknown,Unknown,0,0,Truck,0
DEL19679,Unknown,Unknown,0,0,Truck,0
DEL19680,Unknown,Unknown,0,0,Truck,0
DEL19681,Unknown,Unknown,0,0,Truck,0
DEL19682,Unknown,Unknown,0,0,Truck,0
DEL19683,Unknown,Unknown,0,0,Truck,0
DEL19684,Unknown,Unknown,0,0,Truck,0
DEL19685,Unknown,Unknown,0,0,Truck,0
DEL19686,Unknown,Unknown,0,0,Truck,0
DEL19687,Unknown,Unknown,0,0,Truck,0
DEL19688,Unknown,Unknown,0,0,Truck,0
DEL19689,Unknown,Unknown,0,0,Truck,0
DEL19690,Unknown,Unknown,0,0,Truck,0
DEL19691,Unknown,Unknown,0,0,Truck,0
DEL19692,Unknown,Unknown,0,0,Truck,0
DEL19693,Unknown,Unknown,0,0,Truck,0
DEL19694,Unknown,Unknown,0,0,Truck,0
DEL19695,Unknown,Unknown,0,0,Truck,0
DEL19696,Unknown,Unknown,0,0,Truck,0
DEL19697,Unknown,Unknown,0,0,Truck,0
DEL19698,Unknown,Unknown,0,0,Truck,0
DEL19699,Unknown,Unknown,0,0,Truck,0
DEL19700,Unknown,Unknown,0,0,Truck,0
DEL19701,Unknown,Unknown,0,0,Truck,0
DEL19702,Unknown,Unknown,0,0,Truck,0
DEL19703,Unknown,Unknown,0,0,Truck,0
DEL19704,Unknown,Unknown,0,0,Truck,0
DEL19705,Unknown,Unknown,0,0,Truck,0
DEL19706,Unknown,Unknown,0,0,Truck,0
DEL19707,Unknown,Unknown,0,0,Truck,0
DEL19708,Unknown,Unknown,0,0,Truck,0
DEL19709,Unknown,Unknown,0,0,Truck,0
DEL19710,Unknown,Unknown,0,0,Truck,0
DEL19711,Unknown,Unknown,0,0,Truck,0
DEL19712,Unknown,Unknown,0,0,Truck,0
DEL19713,Unknown,Unknown,0,0,Truck,0
DEL19714,Unknown,Unknown,0,0,Truck,0
DEL19715,Unknown,Unknown,0,0,Truck,0
DEL19716,Unknown,Unknown,0,0,Truck,0
DEL19717,Unknown,Unknown,0,0,Truck,0
DEL19718,Unknown,Unknown,0,0,Truck,0
DEL19719,Unknown,Unknown,0,0,Truck,0
DEL19720,Unknown,Unknown,0,0,Truck,0
DEL19721,Unknown,Unknown,0,0,Truck,0
DEL19722,Unknown,Unknown,0,0,Truck,0
DEL19723,Unknown,Unknown,0,0,Truck,0
DEL19724,Unknown,Unknown,0,0,Truck,0
DEL19725,Unknown,Unknown,0,0,Truck,0
DEL19726,Unknown,Unknown,0,0,Truck,0
DEL19727,Unknown,Unknown,0,0,Truck,0
DEL19728,Unknown,Unknown,0,0,Truck,0
DEL19729,Unknown,Unknown,0,0,Truck,0
DEL19730,Unknown,Unknown,0,0,Truck,0
DEL19731,Unknown,Unknown,0,0,Truck,0
DEL19732,Unknown,Unknown,0,0,Truck,0
DEL19733,Unknown,Unknown,0,0,Truck,0
DEL19734,Unknown,Unknown,0,0,Truck,0
DEL19735,Unknown,Unknown,0,0,Truck,0
DEL19736,Unknown,Unknown,0,0,Truck,0
DEL19737,Unknown,Unknown,0,0,Truck,0
DEL19738,Unknown,Unknown,0,0,Truck,0
DEL19739,Unknown,Unknown,0,0,Truck,0
DEL19740,Unknown,Unknown,0,0,Truck,0
DEL19741,Unknown,Unknown,0,0,Truck,0
DEL19742,Unknown,Unknown,0,0,Truck,0
DEL19743,Unknown,Unknown,0,0,Truck,0
DEL19744,Unknown,Unknown,0,0,Truck,0
DEL19745,Unknown,Unknown,0,0,Truck,0
DEL19746,Unknown,Unknown,0,0,Truck,0
DEL19747,Unknown,Unknown,0,0,Truck,0
DEL19748,Unknown,Unknown,0,0,Truck,0
DEL19749,Unknown,Unknown,0,0,Truck,0
DEL19750,Unknown,Unknown,0,0,Truck,0
DEL19751,Unknown,Unknown,0,0,Truck,0
DEL19752,Unknown,Unknown,0,0,Truck,0
DEL19753,Unknown,Unknown,0,0,Truck,0
DEL19754,Unknown,Unknown,0,0,Truck,0
DEL19755,Unknown,Unknown,0,0,Truck,0
DEL19756,Unknown,Unknown,0,0,Truck,0
DEL19757,Unknown,Unknown,0,0,Truck,0
DEL19758,Unknown,Unknown,0,0,Truck,0
DEL19759,Unknown,Unknown,0,0,Truck,0
DEL19760,Unknown,Unknown,0,0,Truck,0
DEL19761,Unknown,Unknown,0,0,Truck,0
DEL19762,Unknown,Unknown,0,0,Truck,0
DEL19763,Unknown,Unknown,0,0,Truck,0
DEL19764,Unknown,Unknown,0,0,Truck,0
DEL19765,Unknown,Unknown,0,0,Truck,0
DEL19766,Unknown,Unknown,0,0,Truck,0
DEL19767,Unknown,Unknown,0,0,Truck,0
DEL19768,Unknown,Unknown,0,0,Truck,0
DEL19769,Unknown,Unknown,0,0,Truck,0
DEL19770,Unknown,Unknown,0,0,Truck,0
DEL19771,Unknown,Unknown,0,0,Truck,0
DEL19772,Unknown,Unknown,0,0,Truck,0
DEL19773,Unknown,Unknown,0,0,Truck,0
DEL19774,Unknown,Unknown,0,0,Truck,0
DEL19775,Unknown,Unknown,0,0,Truck,0
DEL19776,Unknown,Unknown,0,0,Truck,0
DEL19777,Unknown,Unknown,0,0,Truck,0
DEL19778,Unknown,Unknown,0,0,Truck,0
DEL19779,Unknown,Unknown,0,0,Truck,0
DEL19780,Unknown,Unknown,0,0,Truck,0
DEL19781,Unknown,Unknown,0,0,Truck,0
DEL19782,Unknown,Unknown,0,0,Truck,0
DEL19783,Unknown,Unknown,0,0,Truck,0
DEL19784,Unknown,Unknown,0,0,Truck,0
DEL19785,Unknown,Unknown,0,0,Truck,0
DEL19786,Unknown,Unknown,0,0,Truck,0
DEL19787,Unknown,Unknown,0,0,Truck,0
DEL19788,Unknown,Unknown,0,0,Truck,0
DEL19789,Unknown,Unknown,0,0,Truck,0
DEL19790,Unknown,Unknown,0,0,Truck,0
DEL19791,Unknown,Unknown,0,0,Truck,0
DEL19792,Unknown,Unknown,0,0,Truck,0
DEL19793,Unknown,Unknown,0,0,Truck,0
DEL19794,Unknown,Unknown,0,0,Truck,0
DEL19795,Unknown,Unknown,0,0,Truck,0
DEL19796,Unknown,Unknown,0,0,Truck,0
DEL19797,Unknown,Unknown,0,0,Truck,0
DEL19798,Unknown,Unknown,0,0,Truck,0
DEL19799,Unknown,Unknown,0,0,Truck,0
DEL19800,Unknown,Unknown,0,0,Truck,0
DEL19801,Unknown,Unknown,0,0,Truck,0
DEL19802,Unknown,Unknown,0,0,Truck,0
DEL19803,Unknown,Unknown,0,0,Truck,0
DEL19804,Unknown,Unknown,0,0,Truck,0
DEL19805,Unknown,Unknown,0,0,Truck,0
DEL19806,Unknown,Unknown,0,0,Truck,0
DEL19807,Unknown,Unknown,0,0,Truck,0
DEL19808,Unknown,Unknown,0,0,Truck,0
DEL19809,Unknown,Unknown,0,0,Truck,0
DEL19810,Unknown,Unknown,0,0,Truck,0
DEL19811,Unknown,Unknown,0,0,Truck,0
DEL19812,Unknown,Unknown,0,0,Truck,0
DEL19813,Unknown,Unknown,0,0,Truck,0
DEL19814,Unknown,Unknown,0,0,Truck,0
DEL19815,Unknown,Unknown,0,0,Truck,0
DEL19816,Unknown,Unknown,0,0,Truck,0
DEL19817,Unknown,Unknown,0,0,Truck,0
DEL19818,Unknown,Unknown,0,0,Truck,0
DEL19819,Unknown,Unknown,0,0,Truck,0
DEL19820,Unknown,Unknown,0,0,Truck,0
DEL19821,Unknown,Unknown,0,0,Truck,0
DEL19822,Unknown,Unknown,0,0,Truck,0
DEL19823,Unknown,Unknown,0,0,Truck,0
DEL19824,Unknown,Unknown,0,0,Truck,0
DEL19825,Unknown,Unknown,0,0,Truck,0
DEL19826,Unknown,Unknown,0,0,Truck,0
DEL19827,Unknown,Unknown,0,0,Truck,0
DEL19828,Unknown,Unknown,0,0,Truck,0
DEL19829,Unknown,Unknown,0,0,Truck,0
DEL19830,Unknown,Unknown,0,0,Truck,0
DEL19831,Unknown,Unknown,0,0,Truck,0
DEL19832,Unknown,Unknown,0,0,Truck,0
DEL19833,Unknown,Unknown,0,0,Truck,0
DEL19834,Unknown,Unknown,0,0,Truck,0
DEL19835,Unknown,Unknown,0,0,Truck,0
DEL19836,Unknown,Unknown,0,0,Truck,0
DEL19837,Unknown,Unknown,0,0,Truck,0
DEL19838,Unknown,Unknown,0,0,Truck,0
DEL19839,Unknown,Unknown,0,0,Truck,0
DEL19840,Unknown,Unknown,0,0,Truck,0
DEL19841,Unknown,Unknown,0,0,Truck,0
DEL19842,Unknown,Unknown,0,0,Truck,0
DEL19843,Unknown,Unknown,0,0,Truck,0
DEL19844,Unknown,Unknown,0,0,Truck,0
DEL19845,Unknown,Unknown,0,0,Truck,0
DEL19846,Unknown,Unknown,0,0,Truck,0
DEL19847,Unknown,Unknown,0,0,Truck,0
DEL19848,Unknown,Unknown,0,0,Truck,0
DEL19849,Unknown,Unknown,0,0,Truck,0
DEL19850,Unknown,Unknown,0,0,Truck,0
DEL19851,Unknown,Unknown,0,0,Truck,0
DEL19852,Unknown,Unknown,0,0,Truck,0
DEL19853,Unknown,Unknown,0,0,Truck,0
DEL19854,Unknown,Unknown,0,0,Truck,0
DEL19855,Unknown,Unknown,0,0,Truck,0
DEL19856,Unknown,Unknown,0,0,Truck,0
DEL19857,Unknown,Unknown,0,0,Truck,0
DEL19858,Unknown,Unknown,0,0,Truck,0
DEL19859,Unknown,Unknown,0,0,Truck,0
DEL19860,Unknown,Unknown,0,0,Truck,0
DEL19861,Unknown,Unknown,0,0,Truck,0
DEL19862,Unknown,Unknown,0,0,Truck,0
DEL19863,Unknown,Unknown,0,0,Truck,0
DEL19864,Unknown,Unknown,0,0,Truck,0
DEL19865,Unknown,Unknown,0,0,Truck,0
DEL19866,Unknown,Unknown,0,0,Truck,0
DEL19867,Unknown,Unknown,0,0,Truck,0
DEL19868,Unknown,Unknown,0,0,Truck,0
DEL19869,Unknown,Unknown,0,0,Truck,0
DEL19870,Unknown,Unknown,0,0,Truck,0
DEL19871,Unknown,Unknown,0,0,Truck,0
DEL19872,Unknown,Unknown,0,0,Truck,0
DEL19873,Unknown,Unknown,0,0,Truck,0
DEL19874,Unknown,Unknown,0,0,Truck,0
DEL19875,Unknown,Unknown,0,0,Truck,0
DEL19876,Unknown,Unknown,0,0,Truck,0
DEL19877,Unknown,Unknown,0,0,Truck,0
DEL19878,Unknown,Unknown,0,0,Truck,0
DEL19879,Unknown,Unknown,0,0,Truck,0
DEL19880,Unknown,Unknown,0,0,Truck,0
DEL19881,Unknown,Unknown,0,0,Truck,0
DEL19882,Unknown,Unknown,0,0,Truck,0
DEL19883,Unknown,Unknown,0,0,Truck,0
DEL19884,Unknown,Unknown,0,0,Truck,0
DEL19885,Unknown,Unknown,0,0,Truck,0
DEL19886,Unknown,Unknown,0,0,Truck,0
DEL19887,Unknown,Unknown,0,0,Truck,0
DEL19888,Unknown,Unknown,0,0,Truck,0
DEL19889,Unknown,Unknown,0,0,Truck,0
DEL19890,Unknown,Unknown,0,0,Truck,0
DEL19891,Unknown,Unknown,0,0,Truck,0
DEL19892,Unknown,Unknown,0,0,Truck,0
DEL19893,Unknown,Unknown,0,0,Truck,0
DEL19894,Unknown,Unknown,0,0,Truck,0
DEL19895,Unknown,Unknown,0,0,Truck,0
DEL19896,Unknown,Unknown,0,0,Truck,0
DEL19897,Unknown,Unknown,0,0,Truck,0
DEL19898,Unknown,Unknown,0,0,Truck,0
DEL19899,Unknown,Unknown,0,0,Truck,0
DEL19900,Unknown,Unknown,0,0,Truck,0
DEL19901,Unknown,Unknown,0,0,Truck,0
DEL19902,Unknown,Unknown,0,0,Truck,0
DEL19903,Unknown,Unknown,0,0,Truck,0
DEL19904,Unknown,Unknown,0,0,Truck,0
DEL19905,Unknown,Unknown,0,0,Truck,0
DEL19906,Unknown,Unknown,0,0,Truck,0
DEL19907,Unknown,Unknown,0,0,Truck,0
DEL19908,Unknown,Unknown,0,0,Truck,0
DEL19909,Unknown,Unknown,0,0,Truck,0
DEL19910,Unknown,Unknown,0,0,Truck,0
DEL19911,Unknown,Unknown,0,0,Truck,0
DEL19912,Unknown,Unknown,0,0,Truck,0
DEL19913,Unknown,Unknown,0,0,Truck,0
DEL19914,Unknown,Unknown,0,0,Truck,0
DEL19915,Unknown,Unknown,0,0,Truck,0
DEL19916,Unknown,Unknown,0,0,Truck,0
DEL19917,Unknown,Unknown,0,0,Truck,0
DEL19918,Unknown,Unknown,0,0,Truck,0
DEL19919,Unknown,Unknown,0,0,Truck,0
DEL19920,Unknown,Unknown,0,0,Truck,0
DEL19921,Unknown,Unknown,0,0,Truck,0
DEL19922,Unknown,Unknown,0,0,Truck,0
DEL19923,Unknown,Unknown,0,0,Truck,0
DEL19924,Unknown,Unknown,0,0,Truck,0
DEL19925,Unknown,Unknown,0,0,Truck,0
DEL19926,Unknown,Unknown,0,0,Truck,0
DEL19927,Unknown,Unknown,0,0,Truck,0
DEL19928,Unknown,Unknown,0,0,Truck,0
DEL19929,Unknown,Unknown,0,0,Truck,0
DEL19930,Unknown,Unknown,0,0,Truck,0
DEL19931,Unknown,Unknown,0,0,Truck,0
DEL19932,Unknown,Unknown,0,0,Truck,0
DEL19933,Unknown,Unknown,0,0,Truck,0
DEL19934,Unknown,Unknown,0,0,Truck,0
DEL19935,Unknown,Unknown,0,0,Truck,0
DEL19936,Unknown,Unknown,0,0,Truck,0
DEL19937,Unknown,Unknown,0,0,Truck,0
DEL19938,Unknown,Unknown,0,0,Truck,0
DEL19939,Unknown,Unknown,0,0,Truck,0
DEL19940,Unknown,Unknown,0,0,Truck,0
DEL19941,Unknown,Unknown,0,0,Truck,0
DEL19942,Unknown,Unknown,0,0,Truck,0
DEL19943,Unknown,Unknown,0,0,Truck,0
DEL19944,Unknown,Unknown,0,0,Truck,0
DEL19945,Unknown,Unknown,0,0,Truck,0
DEL19946,Unknown,Unknown,0,0,Truck,0
DEL19947,Unknown,Unknown,0,0,Truck,0
DEL19948,Unknown,Unknown,0,0,Truck,0
DEL19949,Unknown,Unknown,0,0,Truck,0
DEL19950,Unknown,Unknown,0,0,Truck,0
DEL19951,Unknown,Unknown,0,0,Truck,0
DEL19952,Unknown,Unknown,0,0,Truck,0
DEL19953,Unknown,Unknown,0,0,Truck,0
DEL19954,Unknown,Unknown,0,0,Truck,0
DEL19955,Unknown,Unknown,0,0,Truck,0
DEL19956,Unknown,Unknown,0,0,Truck,0
DEL19957,Unknown,Unknown,0,0,Truck,0
DEL19958,Unknown,Unknown,0,0,Truck,0
DEL19959,Unknown,Unknown,0,0,Truck,0
DEL19960,Unknown,Unknown,0,0,Truck,0
DEL19961,Unknown,Unknown,0,0,Truck,0
DEL19962,Unknown,Unknown,0,0,Truck,0
DEL19963,Unknown,Unknown,0,0,Truck,0
DEL19964,Unknown,Unknown,0,0,Truck,0
DEL19965,Unknown,Unknown,0,0,Truck,0
DEL19966,Unknown,Unknown,0,0,Truck,0
DEL19967,Unknown,Unknown,0,0,Truck,0
DEL19968,Unknown,Unknown,0,0,Truck,0
DEL19969,Unknown,Unknown,0,0,Truck,0
DEL19970,Unknown,Unknown,0,0,Truck,0
DEL19971,Unknown,Unknown,0,0,Truck,0
DEL19972,Unknown,Unknown,0,0,Truck,0
DEL19973,Unknown,Unknown,0,0,Truck,0
DEL19974,Unknown,Unknown,0,0,Truck,0
DEL19975,Unknown,Unknown,0,0,Truck,0
DEL19976,Unknown,Unknown,0,0,Truck,0
DEL19977,Unknown,Unknown,0,0,Truck,0
DEL19978,Unknown,Unknown,0,0,Truck,0
DEL19979,Unknown,Unknown,0,0,Truck,0
DEL19980,Unknown,Unknown,0,0,Truck,0
DEL19981,Unknown,Unknown,0,0,Truck,0
DEL19982,Unknown,Unknown,0,0,Truck,0
DEL19983,Unknown,Unknown,0,0,Truck,0
DEL19984,Unknown,Unknown,0,0,Truck,0
DEL19985,Unknown,Unknown,0,0,Truck,0
DEL19986,Unknown,Unknown,0,0,Truck,0
DEL19987,Unknown,Unknown,0,0,Truck,0
DEL19988,Unknown,Unknown,0,0,Truck,0
DEL19989,Unknown,Unknown,0,0,Truck,0
DEL19990,Unknown,Unknown,0,0,Truck,0
DEL19991,Unknown,Unknown,0,0,Truck,0
DEL19992,Unknown,Unknown,0,0,Truck,0
DEL19993,Unknown,Unknown,0,0,Truck,0
DEL19994,Unknown,Unknown,0,0,Truck,0
DEL19995,Unknown,Unknown,0,0,Truck,0
DEL19996,Unknown,Unknown,0,0,Truck,0
DEL19997,Unknown,Unknown,0,0,Truck,0
DEL19998,Unknown,Unknown,0,0,Truck,0
DEL19999,Unknown,Unknown,0,0,Truck,0
DEL20000,Unknown,Unknown,0,0,Truck,0
DEL20001,Unknown,Unknown,0,0,Truck,0
DEL20002,Unknown,Unknown,0,0,Truck,0
DEL20003,Unknown,Unknown,0,0,Truck,0
DEL20004,Unknown,Unknown,0,0,Truck,0
DEL20005,Unknown,Unknown,0,0,Truck,0
DEL20006,Unknown,Unknown,0,0,Truck,0
DEL20007,Unknown,Unknown,0,0,Truck,0
DEL20008,Unknown,Unknown,0,0,Truck,0
DEL20009,Unknown,Unknown,0,0,Truck,0
DEL20010,Unknown,Unknown,0,0,Truck,0
DEL20011,Unknown,Unknown,0,0,Truck,0
DEL20012,Unknown,Unknown,0,0,Truck,0
DEL20013,Unknown,Unknown,0,0,Truck,0
DEL20014,Unknown,Unknown,0,0,Truck,0
DEL20015,Unknown,Unknown,0,0,Truck,0
DEL20016,Unknown,Unknown,0,0,Truck,0
DEL20017,Unknown,Unknown,0,0,Truck,0
DEL20018,Unknown,Unknown,0,0,Truck,0
DEL20019,Unknown,Unknown,0,0,Truck,0
DEL20020,Unknown,Unknown,0,0,Truck,0
DEL20021,Unknown,Unknown,0,0,Truck,0
DEL20022,Unknown,Unknown,0,0,Truck,0
DEL20023,Unknown,Unknown,0,0,Truck,0
DEL20024,Unknown,Unknown,0,0,Truck,0
DEL20025,Unknown,Unknown,0,0,Truck,0
DEL20026,Unknown,Unknown,0,0,Truck,0
DEL20027,Unknown,Unknown,0,0,Truck,0
DEL20028,Unknown,Unknown,0,0,Truck,0
DEL20029,Unknown,Unknown,0,0,Truck,0
DEL20030,Unknown,Unknown,0,0,Truck,0
DEL20031,Unknown,Unknown,0,0,Truck,0
DEL20032,Unknown,Unknown,0,0,Truck,0
DEL20033,Unknown,Unknown,0,0,Truck,0
DEL20034,Unknown,Unknown,0,0,Truck,0
DEL20035,Unknown,Unknown,0,0,Truck,0
DEL20036,Unknown,Unknown,0,0,Truck,0
DEL20037,Unknown,Unknown,0,0,Truck,0
DEL20038,Unknown,Unknown,0,0,Truck,0
DEL20039,Unknown,Unknown,0,0,Truck,0
DEL20040,Unknown,Unknown,0,0,Truck,0
DEL20041,Unknown,Unknown,0,0,Truck,0
DEL20042,Unknown,Unknown,0,0,Truck,0
DEL20043,Unknown,Unknown,0,0,Truck,0
DEL20044,Unknown,Unknown,0,0,Truck,0
DEL20045,Unknown,Unknown,0,0,Truck,0
DEL20046,Unknown,Unknown,0,0,Truck,0
DEL20047,Unknown,Unknown,0,0,Truck,0
DEL20048,Unknown,Unknown,0,0,Truck,0
DEL20049,Unknown,Unknown,0,0,Truck,0
DEL20050,Unknown,Unknown,0,0,Truck,0
DEL20051,Unknown,Unknown,0,0,Truck,0
DEL20052,Unknown,Unknown,0,0,Truck,0
DEL20053,Unknown,Unknown,0,0,Truck,0
DEL20054,Unknown,Unknown,0,0,Truck,0
DEL20055,Unknown,Unknown,0,0,Truck,0
DEL20056,Unknown,Unknown,0,0,Truck,0
DEL20057,Unknown,Unknown,0,0,Truck,0
DEL20058,Unknown,Unknown,0,0,Truck,0
DEL20059,Unknown,Unknown,0,0,Truck,0
DEL20060,Unknown,Unknown,0,0,Truck,0
DEL20061,Unknown,Unknown,0,0,Truck,0
DEL20062,Unknown,Unknown,0,0,Truck,0
DEL20063,Unknown,Unknown,0,0,Truck,0
DEL20064,Unknown,Unknown,0,0,Truck,0
DEL20065,Unknown,Unknown,0,0,Truck,0
DEL20066,Unknown,Unknown,0,0,Truck,0
DEL20067,Unknown,Unknown,0,0,Truck,0
DEL20068,Unknown,Unknown,0,0,Truck,0
DEL20069,Unknown,Unknown,0,0,Truck,0
DEL20070,Unknown,Unknown,0,0,Truck,0
DEL20071,Unknown,Unknown,0,0,Truck,0
DEL20072,Unknown,Unknown,0,0,Truck,0
DEL20073,Unknown,Unknown,0,0,Truck,0
DEL20074,Unknown,Unknown,0,0,Truck,0
DEL20075,Unknown,Unknown,0,0,Truck,0
DEL20076,Unknown,Unknown,0,0,Truck,0
DEL20077,Unknown,Unknown,0,0,Truck,0
DEL20078,Unknown,Unknown,0,0,Truck,0
DEL20079,Unknown,Unknown,0,0,Truck,0
DEL20080,Unknown,Unknown,0,0,Truck,0
DEL20081,Unknown,Unknown,0,0,Truck,0
DEL20082,Unknown,Unknown,0,0,Truck,0
DEL20083,Unknown,Unknown,0,0,Truck,0
DEL20084,Unknown,Unknown,0,0,Truck,0
DEL20085,Unknown,Unknown,0,0,Truck,0
DEL20086,Unknown,Unknown,0,0,Truck,0
DEL20087,Unknown,Unknown,0,0,Truck,0
DEL20088,Unknown,Unknown,0,0,Truck,0
DEL20089,Unknown,Unknown,0,0,Truck,0
DEL20090,Unknown,Unknown,0,0,Truck,0
DEL20091,Unknown,Unknown,0,0,Truck,0
DEL20092,Unknown,Unknown,0,0,Truck,0
DEL20093,Unknown,Unknown,0,0,Truck,0
DEL20094,Unknown,Unknown,0,0,Truck,0
DEL20095,Unknown,Unknown,0,0,Truck,0
DEL20096,Unknown,Unknown,0,0,Truck,0
DEL20097,Unknown,Unknown,0,0,Truck,0
DEL20098,Unknown,Unknown,0,0,Truck,0
DEL20099,Unknown,Unknown,0,0,Truck,0
DEL20100,Unknown,Unknown,0,0,Truck,0
DEL20101,Unknown,Unknown,0,0,Truck,0
DEL20102,Unknown,Unknown,0,0,Truck,0
DEL20103,Unknown,Unknown,0,0,Truck,0
DEL20104,Unknown,Unknown,0,0,Truck,0
DEL20105,Unknown,Unknown,0,0,Truck,0
DEL20106,Unknown,Unknown,0,0,Truck,0
DEL20107,Unknown,Unknown,0,0,Truck,0
DEL20108,Unknown,Unknown,0,0,Truck,0
DEL20109,Unknown,Unknown,0,0,Truck,0
DEL20110,Unknown,Unknown,0,0,Truck,0
DEL20111,Unknown,Unknown,0,0,Truck,0
DEL20112,Unknown,Unknown,0,0,Truck,0
DEL20113,Unknown,Unknown,0,0,Truck,0
DEL20114,Unknown,Unknown,0,0,Truck,0
DEL20115,Unknown,Unknown,0,0,Truck,0
DEL20116,Unknown,Unknown,0,0,Truck,0
DEL20117,Unknown,Unknown,0,0,Truck,0
DEL20118,Unknown,Unknown,0,0,Truck,0
DEL20119,Unknown,Unknown,0,0,Truck,0
DEL20120,Unknown,Unknown,0,0,Truck,0
DEL20121,Unknown,Unknown,0,0,Truck,0
DEL20122,Unknown,Unknown,0,0,Truck,0
DEL20123,Unknown,Unknown,0,0,Truck,0
DEL20124,Unknown,Unknown,0,0,Truck,0
DEL20125,Unknown,Unknown,0,0,Truck,0
DEL20126,Unknown,Unknown,0,0,Truck,0
DEL20127,Unknown,Unknown,0,0,Truck,0
DEL20128,Unknown,Unknown,0,0,Truck,0
DEL20129,Unknown,Unknown,0,0,Truck,0
DEL20130,Unknown,Unknown,0,0,Truck,0
DEL20131,Unknown,Unknown,0,0,Truck,0
DEL20132,Unknown,Unknown,0,0,Truck,0
DEL20133,Unknown,Unknown,0,0,Truck,0
DEL20134,Unknown,Unknown,0,0,Truck,0
DEL20135,Unknown,Unknown,0,0,Truck,0
DEL20136,Unknown,Unknown,0,0,Truck,0
DEL20137,Unknown,Unknown,0,0,Truck,0
DEL20138,Unknown,Unknown,0,0,Truck,0
DEL20139,Unknown,Unknown,0,0,Truck,0
DEL20140,Unknown,Unknown,0,0,Truck,0
DEL20141,Unknown,Unknown,0,0,Truck,0
DEL20142,Unknown,Unknown,0,0,Truck,0
DEL20143,Unknown,Unknown,0,0,Truck,0
DEL20144,Unknown,Unknown,0,0,Truck,0
DEL20145,Unknown,Unknown,0,0,Truck,0
DEL20146,Unknown,Unknown,0,0,Truck,0
DEL20147,Unknown,Unknown,0,0,Truck,0
DEL20148,Unknown,Unknown,0,0,Truck,0
DEL20149,Unknown,Unknown,0,0,Truck,0
DEL20150,Unknown,Unknown,0,0,Truck,0
DEL20151,Unknown,Unknown,0,0,Truck,0
DEL20152,Unknown,Unknown,0,0,Truck,0
DEL20153,Unknown,Unknown,0,0,Truck,0
DEL20154,Unknown,Unknown,0,0,Truck,0
DEL20155,Unknown,Unknown,0,0,Truck,0
DEL20156,Unknown,Unknown,0,0,Truck,0
DEL20157,Unknown,Unknown,0,0,Truck,0
DEL20158,Unknown,Unknown,0,0,Truck,0
DEL20159,Unknown,Unknown,0,0,Truck,0
DEL20160,Unknown,Unknown,0,0,Truck,0
DEL20161,Unknown,Unknown,0,0,Truck,0
DEL20162,Unknown,Unknown,0,0,Truck,0
DEL20163,Unknown,Unknown,0,0,Truck,0
DEL20164,Unknown,Unknown,0,0,Truck,0
DEL20165,Unknown,Unknown,0,0,Truck,0
DEL20166,Unknown,Unknown,0,0,Truck,0
DEL20167,Unknown,Unknown,0,0,Truck,0
DEL20168,Unknown,Unknown,0,0,Truck,0
DEL20169,Unknown,Unknown,0,0,Truck,0
DEL20170,Unknown,Unknown,0,0,Truck,0
DEL20171,Unknown,Unknown,0,0,Truck,0
DEL20172,Unknown,Unknown,0,0,Truck,0
DEL20173,Unknown,Unknown,0,0,Truck,0
DEL20174,Unknown,Unknown,0,0,Truck,0
DEL20175,Unknown,Unknown,0,0,Truck,0
DEL20176,Unknown,Unknown,0,0,Truck,0
DEL20177,Unknown,Unknown,0,0,Truck,0
DEL20178,Unknown,Unknown,0,0,Truck,0
DEL20179,Unknown,Unknown,0,0,Truck,0
DEL20180,Unknown,Unknown,0,0,Truck,0
DEL20181,Unknown,Unknown,0,0,Truck,0
DEL20182,Unknown,Unknown,0,0,Truck,0
DEL20183,Unknown,Unknown,0,0,Truck,0
DEL20184,Unknown,Unknown,0,0,Truck,0
DEL20185,Unknown,Unknown,0,0,Truck,0
DEL20186,Unknown,Unknown,0,0,Truck,0
DEL20187,Unknown,Unknown,0,0,Truck,0
DEL20188,Unknown,Unknown,0,0,Truck,0
DEL20189,Unknown,Unknown,0,0,Truck,0
DEL20190,Unknown,Unknown,0,0,Truck,0
DEL20191,Unknown,Unknown,0,0,Truck,0
DEL20192,Unknown,Unknown,0,0,Truck,0
DEL20193,Unknown,Unknown,0,0,Truck,0
DEL20194,Unknown,Unknown,0,0,Truck,0
DEL20195,Unknown,Unknown,0,0,Truck,0
DEL20196,Unknown,Unknown,0,0,Truck,0
DEL20197,Unknown,Unknown,0,0,Truck,0
DEL20198,Unknown,Unknown,0,0,Truck,0
DEL20199,Unknown,Unknown,0,0,Truck,0
DEL20200,Unknown,Unknown,0,0,Truck,0
DEL20201,Unknown,Unknown,0,0,Truck,0
DEL20202,Unknown,Unknown,0,0,Truck,0
DEL20203,Unknown,Unknown,0,0,Truck,0
DEL20204,Unknown,Unknown,0,0,Truck,0
DEL20205,Unknown,Unknown,0,0,Truck,0
DEL20206,Unknown,Unknown,0,0,Truck,0
DEL20207,Unknown,Unknown,0,0,Truck,0
DEL20208,Unknown,Unknown,0,0,Truck,0
DEL20209,Unknown,Unknown,0,0,Truck,0
DEL20210,Unknown,Unknown,0,0,Truck,0
DEL20211,Unknown,Unknown,0,0,Truck,0
DEL20212,Unknown,Unknown,0,0,Truck,0
DEL20213,Unknown,Unknown,0,0,Truck,0
DEL20214,Unknown,Unknown,0,0,Truck,0
DEL20215,Unknown,Unknown,0,0,Truck,0
DEL20216,Unknown,Unknown,0,0,Truck,0
DEL20217,Unknown,Unknown,0,0,Truck,0
DEL20218,Unknown,Unknown,0,0,Truck,0
DEL20219,Unknown,Unknown,0,0,Truck,0
DEL20220,Unknown,Unknown,0,0,Truck,0
DEL20221,Unknown,Unknown,0,0,Truck,0
DEL20222,Unknown,Unknown,0,0,Truck,0
DEL20223,Unknown,Unknown,0,0,Truck,0
DEL20224,Unknown,Unknown,0,0,Truck,0
DEL20225,Unknown,Unknown,0,0,Truck,0
DEL20226,Unknown,Unknown,0,0,Truck,0
DEL20227,Unknown,Unknown,0,0,Truck,0
DEL20228,Unknown,Unknown,0,0,Truck,0
DEL20229,Unknown,Unknown,0,0,Truck,0
DEL20230,Unknown,Unknown,0,0,Truck,0
DEL20231,Unknown,Unknown,0,0,Truck,0
DEL20232,Unknown,Unknown,0,0,Truck,0
DEL20233,Unknown,Unknown,0,0,Truck,0
DEL20234,Unknown,Unknown,0,0,Truck,0
DEL20235,Unknown,Unknown,0,0,Truck,0
DEL20236,Unknown,Unknown,0,0,Truck,0
DEL20237,Unknown,Unknown,0,0,Truck,0
DEL20238,Unknown,Unknown,0,0,Truck,0
DEL20239,Unknown,Unknown,0,0,Truck,0
DEL20240,Unknown,Unknown,0,0,Truck,0
DEL20241,Unknown,Unknown,0,0,Truck,0
DEL20242,Unknown,Unknown,0,0,Truck,0
DEL20243,Unknown,Unknown,0,0,Truck,0
DEL20244,Unknown,Unknown,0,0,Truck,0
DEL20245,Unknown,Unknown,0,0,Truck,0
DEL20246,Unknown,Unknown,0,0,Truck,0
DEL20247,Unknown,Unknown,0,0,Truck,0
DEL20248,Unknown,Unknown,0,0,Truck,0
DEL20249,Unknown,Unknown,0,0,Truck,0
DEL20250,Unknown,Unknown,0,0,Truck,0
DEL20251,Unknown,Unknown,0,0,Truck,0
DEL20252,Unknown,Unknown,0,0,Truck,0
DEL20253,Unknown,Unknown,0,0,Truck,0
DEL20254,Unknown,Unknown,0,0,Truck,0
DEL20255,Unknown,Unknown,0,0,Truck,0
DEL20256,Unknown,Unknown,0,0,Truck,0
DEL20257,Unknown,Unknown,0,0,Truck,0
DEL20258,Unknown,Unknown,0,0,Truck,0
DEL20259,Unknown,Unknown,0,0,Truck,0
DEL20260,Unknown,Unknown,0,0,Truck,0
DEL20261,Unknown,Unknown,0,0,Truck,0
DEL20262,Unknown,Unknown,0,0,Truck,0
DEL20263,Unknown,Unknown,0,0,Truck,0
DEL20264,Unknown,Unknown,0,0,Truck,0
DEL20265,Unknown,Unknown,0,0,Truck,0
DEL20266,Unknown,Unknown,0,0,Truck,0
DEL20267,Unknown,Unknown,0,0,Truck,0
DEL20268,Unknown,Unknown,0,0,Truck,0
DEL20269,Unknown,Unknown,0,0,Truck,0
DEL20270,Unknown,Unknown,0,0,Truck,0
DEL20271,Unknown,Unknown,0,0,Truck,0
DEL20272,Unknown,Unknown,0,0,Truck,0
DEL20273,Unknown,Unknown,0,0,Truck,0
DEL20274,Unknown,Unknown,0,0,Truck,0
DEL20275,Unknown,Unknown,0,0,Truck,0
DEL20276,Unknown,Unknown,0,0,Truck,0
DEL20277,Unknown,Unknown,0,0,Truck,0
DEL20278,Unknown,Unknown,0,0,Truck,0
DEL20279,Unknown,Unknown,0,0,Truck,0
DEL20280,Unknown,Unknown,0,0,Truck,0
DEL20281,Unknown,Unknown,0,0,Truck,0
DEL20282,Unknown,Unknown,0,0,Truck,0
DEL20283,Unknown,Unknown,0,0,Truck,0
DEL20284,Unknown,Unknown,0,0,Truck,0
DEL20285,Unknown,Unknown,0,0,Truck,0
DEL20286,Unknown,Unknown,0,0,Truck,0
DEL20287,Unknown,Unknown,0,0,Truck,0
DEL20288,Unknown,Unknown,0,0,Truck,0
DEL20289,Unknown,Unknown,0,0,Truck,0
DEL20290,Unknown,Unknown,0,0,Truck,0
DEL20291,Unknown,Unknown,0,0,Truck,0
DEL20292,Unknown,Unknown,0,0,Truck,0
DEL20293,Unknown,Unknown,0,0,Truck,0
DEL20294,Unknown,Unknown,0,0,Truck,0
DEL20295,Unknown,Unknown,0,0,Truck,0
DEL20296,Unknown,Unknown,0,0,Truck,0
DEL20297,Unknown,Unknown,0,0,Truck,0
DEL20298,Unknown,Unknown,0,0,Truck,0
DEL20299,Unknown,Unknown,0,0,Truck,0
DEL20300,Unknown,Unknown,0,0,Truck,0
DEL20301,Unknown,Unknown,0,0,Truck,0
DEL20302,Unknown,Unknown,0,0,Truck,0
DEL20303,Unknown,Unknown,0,0,Truck,0
DEL20304,Unknown,Unknown,0,0,Truck,0
DEL20305,Unknown,Unknown,0,0,Truck,0
DEL20306,Unknown,Unknown,0,0,Truck,0
DEL20307,Unknown,Unknown,0,0,Truck,0
DEL20308,Unknown,Unknown,0,0,Truck,0
DEL20309,Unknown,Unknown,0,0,Truck,0
DEL20310,Unknown,Unknown,0,0,Truck,0
DEL20311,Unknown,Unknown,0,0,Truck,0
DEL20312,Unknown,Unknown,0,0,Truck,0
DEL20313,Unknown,Unknown,0,0,Truck,0
DEL20314,Unknown,Unknown,0,0,Truck,0
DEL20315,Unknown,Unknown,0,0,Truck,0
DEL20316,Unknown,Unknown,0,0,Truck,0
DEL20317,Unknown,Unknown,0,0,Truck,0
DEL20318,Unknown,Unknown,0,0,Truck,0
DEL20319,Unknown,Unknown,0,0,Truck,0
DEL20320,Unknown,Unknown,0,0,Truck,0
DEL20321,Unknown,Unknown,0,0,Truck,0
DEL20322,Unknown,Unknown,0,0,Truck,0
DEL20323,Unknown,Unknown,0,0,Truck,0
DEL20324,Unknown,Unknown,0,0,Truck,0
DEL20325,Unknown,Unknown,0,0,Truck,0
DEL20326,Unknown,Unknown,0,0,Truck,0
DEL20327,Unknown,Unknown,0,0,Truck,0
DEL20328,Unknown,Unknown,0,0,Truck,0
DEL20329,Unknown,Unknown,0,0,Truck,0
DEL20330,Unknown,Unknown,0,0,Truck,0
DEL20331,Unknown,Unknown,0,0,Truck,0
DEL20332,Unknown,Unknown,0,0,Truck,0
DEL20333,Unknown,Unknown,0,0,Truck,0
DEL20334,Unknown,Unknown,0,0,Truck,0
DEL20335,Unknown,Unknown,0,0,Truck,0
DEL20336,Unknown,Unknown,0,0,Truck,0
DEL20337,Unknown,Unknown,0,0,Truck,0
DEL20338,Unknown,Unknown,0,0,Truck,0
DEL20339,Unknown,Unknown,0,0,Truck,0
DEL20340,Unknown,Unknown,0,0,Truck,0
DEL20341,Unknown,Unknown,0,0,Truck,0
DEL20342,Unknown,Unknown,0,0,Truck,0
DEL20343,Unknown,Unknown,0,0,Truck,0
DEL20344,Unknown,Unknown,0,0,Truck,0
DEL20345,Unknown,Unknown,0,0,Truck,0
DEL20346,Unknown,Unknown,0,0,Truck,0
DEL20347,Unknown,Unknown,0,0,Truck,0
DEL20348,Unknown,Unknown,0,0,Truck,0
DEL20349,Unknown,Unknown,0,0,Truck,0
DEL20350,Unknown,Unknown,0,0,Truck,0
DEL20351,Unknown,Unknown,0,0,Truck,0
DEL20352,Unknown,Unknown,0,0,Truck,0
DEL20353,Unknown,Unknown,0,0,Truck,0
DEL20354,Unknown,Unknown,0,0,Truck,0
DEL20355,Unknown,Unknown,0,0,Truck,0
DEL20356,Unknown,Unknown,0,0,Truck,0
DEL20357,Unknown,Unknown,0,0,Truck,0
DEL20358,Unknown,Unknown,0,0,Truck,0
DEL20359,Unknown,Unknown,0,0,Truck,0
DEL20360,Unknown,Unknown,0,0,Truck,0
DEL20361,Unknown,Unknown,0,0,Truck,0
DEL20362,Unknown,Unknown,0,0,Truck,0
DEL20363,Unknown,Unknown,0,0,Truck,0
DEL20364,Unknown,Unknown,0,0,Truck,0
DEL20365,Unknown,Unknown,0,0,Truck,0
DEL20366,Unknown,Unknown,0,0,Truck,0
DEL20367,Unknown,Unknown,0,0,Truck,0
DEL20368,Unknown,Unknown,0,0,Truck,0
DEL20369,Unknown,Unknown,0,0,Truck,0
DEL20370,Unknown,Unknown,0,0,Truck,0
DEL20371,Unknown,Unknown,0,0,Truck,0
DEL20372,Unknown,Unknown,0,0,Truck,0
DEL20373,Unknown,Unknown,0,0,Truck,0
DEL20374,Unknown,Unknown,0,0,Truck,0
DEL20375,Unknown,Unknown,0,0,Truck,0
DEL20376,Unknown,Unknown,0,0,Truck,0
DEL20377,Unknown,Unknown,0,0,Truck,0
DEL20378,Unknown,Unknown,0,0,Truck,0
DEL20379,Unknown,Unknown,0,0,Truck,0
DEL20380,Unknown,Unknown,0,0,Truck,0
DEL20381,Unknown,Unknown,0,0,Truck,0
DEL20382,Unknown,Unknown,0,0,Truck,0
DEL20383,Unknown,Unknown,0,0,Truck,0
DEL20384,Unknown,Unknown,0,0,Truck,0
DEL20385,Unknown,Unknown,0,0,Truck,0
DEL20386,Unknown,Unknown,0,0,Truck,0
DEL20387,Unknown,Unknown,0,0,Truck,0
DEL20388,Unknown,Unknown,0,0,Truck,0
DEL20389,Unknown,Unknown,0,0,Truck,0
DEL20390,Unknown,Unknown,0,0,Truck,0
DEL20391,Unknown,Unknown,0,0,Truck,0
DEL20392,Unknown,Unknown,0,0,Truck,0
DEL20393,Unknown,Unknown,0,0,Truck,0
DEL20394,Unknown,Unknown,0,0,Truck,0
DEL20395,Unknown,Unknown,0,0,Truck,0
DEL20396,Unknown,Unknown,0,0,Truck,0
DEL20397,Unknown,Unknown,0,0,Truck,0
DEL20398,Unknown,Unknown,0,0,Truck,0
DEL20399,Unknown,Unknown,0,0,Truck,0
DEL20400,Unknown,Unknown,0,0,Truck,0
DEL20401,Unknown,Unknown,0,0,Truck,0
DEL20402,Unknown,Unknown,0,0,Truck,0
DEL20403,Unknown,Unknown,0,0,Truck,0
DEL20404,Unknown,Unknown,0,0,Truck,0
DEL20405,Unknown,Unknown,0,0,Truck,0
DEL20406,Unknown,Unknown,0,0,Truck,0
DEL20407,Unknown,Unknown,0,0,Truck,0
DEL20408,Unknown,Unknown,0,0,Truck,0
DEL20409,Unknown,Unknown,0,0,Truck,0
DEL20410,Unknown,Unknown,0,0,Truck,0
DEL20411,Unknown,Unknown,0,0,Truck,0
DEL20412,Unknown,Unknown,0,0,Truck,0
DEL20413,Unknown,Unknown,0,0,Truck,0
DEL20414,Unknown,Unknown,0,0,Truck,0
DEL20415,Unknown,Unknown,0,0,Truck,0
DEL20416,Unknown,Unknown,0,0,Truck,0
DEL20417,Unknown,Unknown,0,0,Truck,0
DEL20418,Unknown,Unknown,0,0,Truck,0
DEL20419,Unknown,Unknown,0,0,Truck,0
DEL20420,Unknown,Unknown,0,0,Truck,0
DEL20421,Unknown,Unknown,0,0,Truck,0
DEL20422,Unknown,Unknown,0,0,Truck,0
DEL20423,Unknown,Unknown,0,0,Truck,0
DEL20424,Unknown,Unknown,0,0,Truck,0
DEL20425,Unknown,Unknown,0,0,Truck,0
DEL20426,Unknown,Unknown,0,0,Truck,0
DEL20427,Unknown,Unknown,0,0,Truck,0
DEL20428,Unknown,Unknown,0,0,Truck,0
DEL20429,Unknown,Unknown,0,0,Truck,0
DEL20430,Unknown,Unknown,0,0,Truck,0
DEL20431,Unknown,Unknown,0,0,Truck,0
DEL20432,Unknown,Unknown,0,0,Truck,0
DEL20433,Unknown,Unknown,0,0,Truck,0
DEL20434,Unknown,Unknown,0,0,Truck,0
DEL20435,Unknown,Unknown,0,0,Truck,0
DEL20436,Unknown,Unknown,0,0,Truck,0
DEL20437,Unknown,Unknown,0,0,Truck,0
DEL20438,Unknown,Unknown,0,0,Truck,0
DEL20439,Unknown,Unknown,0,0,Truck,0
DEL20440,Unknown,Unknown,0,0,Truck,0
DEL20441,Unknown,Unknown,0,0,Truck,0
DEL20442,Unknown,Unknown,0,0,Truck,0
DEL20443,Unknown,Unknown,0,0,Truck,0
DEL20444,Unknown,Unknown,0,0,Truck,0
DEL20445,Unknown,Unknown,0,0,Truck,0
DEL20446,Unknown,Unknown,0,0,Truck,0
DEL20447,Unknown,Unknown,0,0,Truck,0
DEL20448,Unknown,Unknown,0,0,Truck,0
DEL20449,Unknown,Unknown,0,0,Truck,0
DEL20450,Unknown,Unknown,0,0,Truck,0
DEL20451,Unknown,Unknown,0,0,Truck,0
DEL20452,Unknown,Unknown,0,0,Truck,0
DEL20453,Unknown,Unknown,0,0,Truck,0
DEL20454,Unknown,Unknown,0,0,Truck,0
DEL20455,Unknown,Unknown,0,0,Truck,0
DEL20456,Unknown,Unknown,0,0,Truck,0
DEL20457,Unknown,Unknown,0,0,Truck,0
DEL20458,Unknown,Unknown,0,0,Truck,0
DEL20459,Unknown,Unknown,0,0,Truck,0
DEL20460,Unknown,Unknown,0,0,Truck,0
DEL20461,Unknown,Unknown,0,0,Truck,0
DEL20462,Unknown,Unknown,0,0,Truck,0
DEL20463,Unknown,Unknown,0,0,Truck,0
DEL20464,Unknown,Unknown,0,0,Truck,0
DEL20465,Unknown,Unknown,0,0,Truck,0
DEL20466,Unknown,Unknown,0,0,Truck,0
DEL20467,Unknown,Unknown,0,0,Truck,0
DEL20468,Unknown,Unknown,0,0,Truck,0
DEL20469,Unknown,Unknown,0,0,Truck,0
DEL20470,Unknown,Unknown,0,0,Truck,0
DEL20471,Unknown,Unknown,0,0,Truck,0
DEL20472,Unknown,Unknown,0,0,Truck,0
DEL20473,Unknown,Unknown,0,0,Truck,0
DEL20474,Unknown,Unknown,0,0,Truck,0
DEL20475,Unknown,Unknown,0,0,Truck,0
DEL20476,Unknown,Unknown,0,0,Truck,0
DEL20477,Unknown,Unknown,0,0,Truck,0
DEL20478,Unknown,Unknown,0,0,Truck,0
DEL20479,Unknown,Unknown,0,0,Truck,0
DEL20480,Unknown,Unknown,0,0,Truck,0
DEL20481,Unknown,Unknown,0,0,Truck,0
DEL20482,Unknown,Unknown,0,0,Truck,0
DEL20483,Unknown,Unknown,0,0,Truck,0
DEL20484,Unknown,Unknown,0,0,Truck,0
DEL20485,Unknown,Unknown,0,0,Truck,0
DEL20486,Unknown,Unknown,0,0,Truck,0
DEL20487,Unknown,Unknown,0,0,Truck,0
DEL20488,Unknown,Unknown,0,0,Truck,0
DEL20489,Unknown,Unknown,0,0,Truck,0
DEL20490,Unknown,Unknown,0,0,Truck,0
DEL20491,Unknown,Unknown,0,0,Truck,0
DEL20492,Unknown,Unknown,0,0,Truck,0
DEL20493,Unknown,Unknown,0,0,Truck,0
DEL20494,Unknown,Unknown,0,0,Truck,0
DEL20495,Unknown,Unknown,0,0,Truck,0
DEL20496,Unknown,Unknown,0,0,Truck,0
DEL20497,Unknown,Unknown,0,0,Truck,0
DEL20498,Unknown,Unknown,0,0,Truck,0
DEL20499,Unknown,Unknown,0,0,Truck,0
DEL20500,Unknown,Unknown,0,0,Truck,0
DEL20501,Unknown,Unknown,0,0,Truck,0
DEL20502,Unknown,Unknown,0,0,Truck,0
DEL20503,Unknown,Unknown,0,0,Truck,0
DEL20504,Unknown,Unknown,0,0,Truck,0
DEL20505,Unknown,Unknown,0,0,Truck,0
DEL20506,Unknown,Unknown,0,0,Truck,0
DEL20507,Unknown,Unknown,0,0,Truck,0
DEL20508,Unknown,Unknown,0,0,Truck,0
DEL20509,Unknown,Unknown,0,0,Truck,0
DEL20510,Unknown,Unknown,0,0,Truck,0
DEL20511,Unknown,Unknown,0,0,Truck,0
DEL20512,Unknown,Unknown,0,0,Truck,0
DEL20513,Unknown,Unknown,0,0,Truck,0
DEL20514,Unknown,Unknown,0,0,Truck,0
DEL20515,Unknown,Unknown,0,0,Truck,0
DEL20516,Unknown,Unknown,0,0,Truck,0
DEL20517,Unknown,Unknown,0,0,Truck,0
DEL20518,Unknown,Unknown,0,0,Truck,0
DEL20519,Unknown,Unknown,0,0,Truck,0
DEL20520,Unknown,Unknown,0,0,Truck,0
DEL20521,Unknown,Unknown,0,0,Truck,0
DEL20522,Unknown,Unknown,0,0,Truck,0
DEL20523,Unknown,Unknown,0,0,Truck,0
DEL20524,Unknown,Unknown,0,0,Truck,0
DEL20525,Unknown,Unknown,0,0,Truck,0
DEL20526,Unknown,Unknown,0,0,Truck,0
DEL20527,Unknown,Unknown,0,0,Truck,0
DEL20528,Unknown,Unknown,0,0,Truck,0
DEL20529,Unknown,Unknown,0,0,Truck,0
DEL20530,Unknown,Unknown,0,0,Truck,0
DEL20531,Unknown,Unknown,0,0,Truck,0
DEL20532,Unknown,Unknown,0,0,Truck,0
DEL20533,Unknown,Unknown,0,0,Truck,0
DEL20534,Unknown,Unknown,0,0,Truck,0
DEL20535,Unknown,Unknown,0,0,Truck,0
DEL20536,Unknown,Unknown,0,0,Truck,0
DEL20537,Unknown,Unknown,0,0,Truck,0
DEL20538,Unknown,Unknown,0,0,Truck,0
DEL20539,Unknown,Unknown,0,0,Truck,0
DEL20540,Unknown,Unknown,0,0,Truck,0
DEL20541,Unknown,Unknown,0,0,Truck,0
DEL20542,Unknown,Unknown,0,0,Truck,0
DEL20543,Unknown,Unknown,0,0,Truck,0
DEL20544,Unknown,Unknown,0,0,Truck,0
DEL20545,Unknown,Unknown,0,0,Truck,0
DEL20546,Unknown,Unknown,0,0,Truck,0
DEL20547,Unknown,Unknown,0,0,Truck,0
DEL20548,Unknown,Unknown,0,0,Truck,0
DEL20549,Unknown,Unknown,0,0,Truck,0
DEL20550,Unknown,Unknown,0,0,Truck,0
DEL20551,Unknown,Unknown,0,0,Truck,0
DEL20552,Unknown,Unknown,0,0,Truck,0
DEL20553,Unknown,Unknown,0,0,Truck,0
DEL20554,Unknown,Unknown,0,0,Truck,0
DEL20555,Unknown,Unknown,0,0,Truck,0
DEL20556,Unknown,Unknown,0,0,Truck,0
DEL20557,Unknown,Unknown,0,0,Truck,0
DEL20558,Unknown,Unknown,0,0,Truck,0
DEL20559,Unknown,Unknown,0,0,Truck,0
DEL20560,Unknown,Unknown,0,0,Truck,0
DEL20561,Unknown,Unknown,0,0,Truck,0
DEL20562,Unknown,Unknown,0,0,Truck,0
DEL20563,Unknown,Unknown,0,0,Truck,0
DEL20564,Unknown,Unknown,0,0,Truck,0
DEL20565,Unknown,Unknown,0,0,Truck,0
DEL20566,Unknown,Unknown,0,0,Truck,0
DEL20567,Unknown,Unknown,0,0,Truck,0
DEL20568,Unknown,Unknown,0,0,Truck,0
DEL20569,Unknown,Unknown,0,0,Truck,0
DEL20570,Unknown,Unknown,0,0,Truck,0
DEL20571,Unknown,Unknown,0,0,Truck,0
DEL20572,Unknown,Unknown,0,0,Truck,0
DEL20573,Unknown,Unknown,0,0,Truck,0
DEL20574,Unknown,Unknown,0,0,Truck,0
DEL20575,Unknown,Unknown,0,0,Truck,0
DEL20576,Unknown,Unknown,0,0,Truck,0
DEL20577,Unknown,Unknown,0,0,Truck,0
DEL20578,Unknown,Unknown,0,0,Truck,0
DEL20579,Unknown,Unknown,0,0,Truck,0
DEL20580,Unknown,Unknown,0,0,Truck,0
DEL20581,Unknown,Unknown,0,0,Truck,0
DEL20582,Unknown,Unknown,0,0,Truck,0
DEL20583,Unknown,Unknown,0,0,Truck,0
DEL20584,Unknown,Unknown,0,0,Truck,0
DEL20585,Unknown,Unknown,0,0,Truck,0
DEL20586,Unknown,Unknown,0,0,Truck,0
DEL20587,Unknown,Unknown,0,0,Truck,0
DEL20588,Unknown,Unknown,0,0,Truck,0
DEL20589,Unknown,Unknown,0,0,Truck,0
DEL20590,Unknown,Unknown,0,0,Truck,0
DEL20591,Unknown,Unknown,0,0,Truck,0
DEL20592,Unknown,Unknown,0,0,Truck,0
DEL20593,Unknown,Unknown,0,0,Truck,0
DEL20594,Unknown,Unknown,0,0,Truck,0
DEL20595,Unknown,Unknown,0,0,Truck,0
DEL20596,Unknown,Unknown,0,0,Truck,0
DEL20597,Unknown,Unknown,0,0,Truck,0
DEL20598,Unknown,Unknown,0,0,Truck,0
DEL20599,Unknown,Unknown,0,0,Truck,0
DEL20600,Unknown,Unknown,0,0,Truck,0
DEL20601,Unknown,Unknown,0,0,Truck,0
DEL20602,Unknown,Unknown,0,0,Truck,0
DEL20603,Unknown,Unknown,0,0,Truck,0
DEL20604,Unknown,Unknown,0,0,Truck,0
DEL20605,Unknown,Unknown,0,0,Truck,0
DEL20606,Unknown,Unknown,0,0,Truck,0
DEL20607,Unknown,Unknown,0,0,Truck,0
DEL20608,Unknown,Unknown,0,0,Truck,0
DEL20609,Unknown,Unknown,0,0,Truck,0
DEL20610,Unknown,Unknown,0,0,Truck,0
DEL20611,Unknown,Unknown,0,0,Truck,0
DEL20612,Unknown,Unknown,0,0,Truck,0
DEL20613,Unknown,Unknown,0,0,Truck,0
DEL20614,Unknown,Unknown,0,0,Truck,0
DEL20615,Unknown,Unknown,0,0,Truck,0
DEL20616,Unknown,Unknown,0,0,Truck,0
DEL20617,Unknown,Unknown,0,0,Truck,0
DEL20618,Unknown,Unknown,0,0,Truck,0
DEL20619,Unknown,Unknown,0,0,Truck,0
DEL20620,Unknown,Unknown,0,0,Truck,0
DEL20621,Unknown,Unknown,0,0,Truck,0
DEL20622,Unknown,Unknown,0,0,Truck,0
DEL20623,Unknown,Unknown,0,0,Truck,0
DEL20624,Unknown,Unknown,0,0,Truck,0
DEL20625,Unknown,Unknown,0,0,Truck,0
DEL20626,Unknown,Unknown,0,0,Truck,0
DEL20627,Unknown,Unknown,0,0,Truck,0
DEL20628,Unknown,Unknown,0,0,Truck,0
DEL20629,Unknown,Unknown,0,0,Truck,0
DEL20630,Unknown,Unknown,0,0,Truck,0
DEL20631,Unknown,Unknown,0,0,Truck,0
DEL20632,Unknown,Unknown,0,0,Truck,0
DEL20633,Unknown,Unknown,0,0,Truck,0
DEL20634,Unknown,Unknown,0,0,Truck,0
DEL20635,Unknown,Unknown,0,0,Truck,0
DEL20636,Unknown,Unknown,0,0,Truck,0
DEL20637,Unknown,Unknown,0,0,Truck,0
DEL20638,Unknown,Unknown,0,0,Truck,0
DEL20639,Unknown,Unknown,0,0,Truck,0
DEL20640,Unknown,Unknown,0,0,Truck,0
DEL20641,Unknown,Unknown,0,0,Truck,0
DEL20642,Unknown,Unknown,0,0,Truck,0
DEL20643,Unknown,Unknown,0,0,Truck,0
DEL20644,Unknown,Unknown,0,0,Truck,0
DEL20645,Unknown,Unknown,0,0,Truck,0
DEL20646,Unknown,Unknown,0,0,Truck,0
DEL20647,Unknown,Unknown,0,0,Truck,0
DEL20648,Unknown,Unknown,0,0,Truck,0
DEL20649,Unknown,Unknown,0,0,Truck,0
DEL20650,Unknown,Unknown,0,0,Truck,0
DEL20651,Unknown,Unknown,0,0,Truck,0
DEL20652,Unknown,Unknown,0,0,Truck,0
DEL20653,Unknown,Unknown,0,0,Truck,0
DEL20654,Unknown,Unknown,0,0,Truck,0
DEL20655,Unknown,Unknown,0,0,Truck,0
DEL20656,Unknown,Unknown,0,0,Truck,0
DEL20657,Unknown,Unknown,0,0,Truck,0
DEL20658,Unknown,Unknown,0,0,Truck,0
DEL20659,Unknown,Unknown,0,0,Truck,0
DEL20660,Unknown,Unknown,0,0,Truck,0
DEL20661,Unknown,Unknown,0,0,Truck,0
DEL20662,Unknown,Unknown,0,0,Truck,0
DEL20663,Unknown,Unknown,0,0,Truck,0
DEL20664,Unknown,Unknown,0,0,Truck,0
DEL20665,Unknown,Unknown,0,0,Truck,0
DEL20666,Unknown,Unknown,0,0,Truck,0
DEL20667,Unknown,Unknown,0,0,Truck,0
DEL20668,Unknown,Unknown,0,0,Truck,0
DEL20669,Unknown,Unknown,0,0,Truck,0
DEL20670,Unknown,Unknown,0,0,Truck,0
DEL20671,Unknown,Unknown,0,0,Truck,0
DEL20672,Unknown,Unknown,0,0,Truck,0
DEL20673,Unknown,Unknown,0,0,Truck,0
DEL20674,Unknown,Unknown,0,0,Truck,0
DEL20675,Unknown,Unknown,0,0,Truck,0
DEL20676,Unknown,Unknown,0,0,Truck,0
DEL20677,Unknown,Unknown,0,0,Truck,0
DEL20678,Unknown,Unknown,0,0,Truck,0
DEL20679,Unknown,Unknown,0,0,Truck,0
DEL20680,Unknown,Unknown,0,0,Truck,0
DEL20681,Unknown,Unknown,0,0,Truck,0
DEL20682,Unknown,Unknown,0,0,Truck,0
DEL20683,Unknown,Unknown,0,0,Truck,0
DEL20684,Unknown,Unknown,0,0,Truck,0
DEL20685,Unknown,Unknown,0,0,Truck,0
DEL20686,Unknown,Unknown,0,0,Truck,0
DEL20687,Unknown,Unknown,0,0,Truck,0
DEL20688,Unknown,Unknown,0,0,Truck,0
DEL20689,Unknown,Unknown,0,0,Truck,0
DEL20690,Unknown,Unknown,0,0,Truck,0
DEL20691,Unknown,Unknown,0,0,Truck,0
DEL20692,Unknown,Unknown,0,0,Truck,0
DEL20693,Unknown,Unknown,0,0,Truck,0
DEL20694,Unknown,Unknown,0,0,Truck,0
DEL20695,Unknown,Unknown,0,0,Truck,0
DEL20696,Unknown,Unknown,0,0,Truck,0
DEL20697,Unknown,Unknown,0,0,Truck,0
DEL20698,Unknown,Unknown,0,0,Truck,0
DEL20699,Unknown,Unknown,0,0,Truck,0
DEL20700,Unknown,Unknown,0,0,Truck,0
DEL20701,Unknown,Unknown,0,0,Truck,0
DEL20702,Unknown,Unknown,0,0,Truck,0
DEL20703,Unknown,Unknown,0,0,Truck,0
DEL20704,Unknown,Unknown,0,0,Truck,0
DEL20705,Unknown,Unknown,0,0,Truck,0
DEL20706,Unknown,Unknown,0,0,Truck,0
DEL20707,Unknown,Unknown,0,0,Truck,0
DEL20708,Unknown,Unknown,0,0,Truck,0
DEL20709,Unknown,Unknown,0,0,Truck,0
DEL20710,Unknown,Unknown,0,0,Truck,0
DEL20711,Unknown,Unknown,0,0,Truck,0
DEL20712,Unknown,Unknown,0,0,Truck,0
DEL20713,Unknown,Unknown,0,0,Truck,0
DEL20714,Unknown,Unknown,0,0,Truck,0
DEL20715,Unknown,Unknown,0,0,Truck,0
DEL20716,Unknown,Unknown,0,0,Truck,0
DEL20717,Unknown,Unknown,0,0,Truck,0
DEL20718,Unknown,Unknown,0,0,Truck,0
DEL20719,Unknown,Unknown,0,0,Truck,0
DEL20720,Unknown,Unknown,0,0,Truck,0
DEL20721,Unknown,Unknown,0,0,Truck,0
DEL20722,Unknown,Unknown,0,0,Truck,0
DEL20723,Unknown,Unknown,0,0,Truck,0
DEL20724,Unknown,Unknown,0,0,Truck,0
DEL20725,Unknown,Unknown,0,0,Truck,0
DEL20726,Unknown,Unknown,0,0,Truck,0
DEL20727,Unknown,Unknown,0,0,Truck,0
DEL20728,Unknown,Unknown,0,0,Truck,0
DEL20729,Unknown,Unknown,0,0,Truck,0
DEL20730,Unknown,Unknown,0,0,Truck,0
DEL20731,Unknown,Unknown,0,0,Truck,0
DEL20732,Unknown,Unknown,0,0,Truck,0
DEL20733,Unknown,Unknown,0,0,Truck,0
DEL20734,Unknown,Unknown,0,0,Truck,0
DEL20735,Unknown,Unknown,0,0,Truck,0
DEL20736,Unknown,Unknown,0,0,Truck,0
DEL20737,Unknown,Unknown,0,0,Truck,0
DEL20738,Unknown,Unknown,0,0,Truck,0
DEL20739,Unknown,Unknown,0,0,Truck,0
DEL20740,Unknown,Unknown,0,0,Truck,0
DEL20741,Unknown,Unknown,0,0,Truck,0
DEL20742,Unknown,Unknown,0,0,Truck,0
DEL20743,Unknown,Unknown,0,0,Truck,0
DEL20744,Unknown,Unknown,0,0,Truck,0
DEL20745,Unknown,Unknown,0,0,Truck,0
DEL20746,Unknown,Unknown,0,0,Truck,0
DEL20747,Unknown,Unknown,0,0,Truck,0
DEL20748,Unknown,Unknown,0,0,Truck,0
DEL20749,Unknown,Unknown,0,0,Truck,0
DEL20750,Unknown,Unknown,0,0,Truck,0
DEL20751,Unknown,Unknown,0,0,Truck,0
DEL20752,Unknown,Unknown,0,0,Truck,0
DEL20753,Unknown,Unknown,0,0,Truck,0
DEL20754,Unknown,Unknown,0,0,Truck,0
DEL20755,Unknown,Unknown,0,0,Truck,0
DEL20756,Unknown,Unknown,0,0,Truck,0
DEL20757,Unknown,Unknown,0,0,Truck,0
DEL20758,Unknown,Unknown,0,0,Truck,0
DEL20759,Unknown,Unknown,0,0,Truck,0
DEL20760,Unknown,Unknown,0,0,Truck,0
DEL20761,Unknown,Unknown,0,0,Truck,0
DEL20762,Unknown,Unknown,0,0,Truck,0
DEL20763,Unknown,Unknown,0,0,Truck,0
DEL20764,Unknown,Unknown,0,0,Truck,0
DEL20765,Unknown,Unknown,0,0,Truck,0
DEL20766,Unknown,Unknown,0,0,Truck,0
DEL20767,Unknown,Unknown,0,0,Truck,0
DEL20768,Unknown,Unknown,0,0,Truck,0
DEL20769,Unknown,Unknown,0,0,Truck,0
DEL20770,Unknown,Unknown,0,0,Truck,0
DEL20771,Unknown,Unknown,0,0,Truck,0
DEL20772,Unknown,Unknown,0,0,Truck,0
DEL20773,Unknown,Unknown,0,0,Truck,0
DEL20774,Unknown,Unknown,0,0,Truck,0
DEL20775,Unknown,Unknown,0,0,Truck,0
DEL20776,Unknown,Unknown,0,0,Truck,0
DEL20777,Unknown,Unknown,0,0,Truck,0
DEL20778,Unknown,Unknown,0,0,Truck,0
DEL20779,Unknown,Unknown,0,0,Truck,0
DEL20780,Unknown,Unknown,0,0,Truck,0
DEL20781,Unknown,Unknown,0,0,Truck,0
DEL20782,Unknown,Unknown,0,0,Truck,0
DEL20783,Unknown,Unknown,0,0,Truck,0
DEL20784,Unknown,Unknown,0,0,Truck,0
DEL20785,Unknown,Unknown,0,0,Truck,0
DEL20786,Unknown,Unknown,0,0,Truck,0
DEL20787,Unknown,Unknown,0,0,Truck,0
DEL20788,Unknown,Unknown,0,0,Truck,0
DEL20789,Unknown,Unknown,0,0,Truck,0
DEL20790,Unknown,Unknown,0,0,Truck,0
DEL20791,Unknown,Unknown,0,0,Truck,0
DEL20792,Unknown,Unknown,0,0,Truck,0
DEL20793,Unknown,Unknown,0,0,Truck,0
DEL20794,Unknown,Unknown,0,0,Truck,0
DEL20795,Unknown,Unknown,0,0,Truck,0
DEL20796,Unknown,Unknown,0,0,Truck,0
DEL20797,Unknown,Unknown,0,0,Truck,0
DEL20798,Unknown,Unknown,0,0,Truck,0
DEL20799,Unknown,Unknown,0,0,Truck,0
DEL20800,Unknown,Unknown,0,0,Truck,0
DEL20801,Unknown,Unknown,0,0,Truck,0
DEL20802,Unknown,Unknown,0,0,Truck,0
DEL20803,Unknown,Unknown,0,0,Truck,0
DEL20804,Unknown,Unknown,0,0,Truck,0
DEL20805,Unknown,Unknown,0,0,Truck,0
DEL20806,Unknown,Unknown,0,0,Truck,0
DEL20807,Unknown,Unknown,0,0,Truck,0
DEL20808,Unknown,Unknown,0,0,Truck,0
DEL20809,Unknown,Unknown,0,0,Truck,0
DEL20810,Unknown,Unknown,0,0,Truck,0
DEL20811,Unknown,Unknown,0,0,Truck,0
DEL20812,Unknown,Unknown,0,0,Truck,0
DEL20813,Unknown,Unknown,0,0,Truck,0
DEL20814,Unknown,Unknown,0,0,Truck,0
DEL20815,Unknown,Unknown,0,0,Truck,0
DEL20816,Unknown,Unknown,0,0,Truck,0
DEL20817,Unknown,Unknown,0,0,Truck,0
DEL20818,Unknown,Unknown,0,0,Truck,0
DEL20819,Unknown,Unknown,0,0,Truck,0
DEL20820,Unknown,Unknown,0,0,Truck,0
DEL20821,Unknown,Unknown,0,0,Truck,0
DEL20822,Unknown,Unknown,0,0,Truck,0
DEL20823,Unknown,Unknown,0,0,Truck,0
DEL20824,Unknown,Unknown,0,0,Truck,0
DEL20825,Unknown,Unknown,0,0,Truck,0
DEL20826,Unknown,Unknown,0,0,Truck,0
DEL20827,Unknown,Unknown,0,0,Truck,0
DEL20828,Unknown,Unknown,0,0,Truck,0
DEL20829,Unknown,Unknown,0,0,Truck,0
DEL20830,Unknown,Unknown,0,0,Truck,0
DEL20831,Unknown,Unknown,0,0,Truck,0
DEL20832,Unknown,Unknown,0,0,Truck,0
DEL20833,Unknown,Unknown,0,0,Truck,0
DEL20834,Unknown,Unknown,0,0,Truck,0
DEL20835,Unknown,Unknown,0,0,Truck,0
DEL20836,Unknown,Unknown,0,0,Truck,0
DEL20837,Unknown,Unknown,0,0,Truck,0
DEL20838,Unknown,Unknown,0,0,Truck,0
DEL20839,Unknown,Unknown,0,0,Truck,0
DEL20840,Unknown,Unknown,0,0,Truck,0
DEL20841,Unknown,Unknown,0,0,Truck,0
DEL20842,Unknown,Unknown,0,0,Truck,0
DEL20843,Unknown,Unknown,0,0,Truck,0
DEL20844,Unknown,Unknown,0,0,Truck,0
DEL20845,Unknown,Unknown,0,0,Truck,0
DEL20846,Unknown,Unknown,0,0,Truck,0
DEL20847,Unknown,Unknown,0,0,Truck,0
DEL20848,Unknown,Unknown,0,0,Truck,0
DEL20849,Unknown,Unknown,0,0,Truck,0
DEL20850,Unknown,Unknown,0,0,Truck,0
DEL20851,Unknown,Unknown,0,0,Truck,0
DEL20852,Unknown,Unknown,0,0,Truck,0
DEL20853,Unknown,Unknown,0,0,Truck,0
DEL20854,Unknown,Unknown,0,0,Truck,0
DEL20855,Unknown,Unknown,0,0,Truck,0
DEL20856,Unknown,Unknown,0,0,Truck,0
DEL20857,Unknown,Unknown,0,0,Truck,0
DEL20858,Unknown,Unknown,0,0,Truck,0
DEL20859,Unknown,Unknown,0,0,Truck,0
DEL20860,Unknown,Unknown,0,0,Truck,0
DEL20861,Unknown,Unknown,0,0,Truck,0
DEL20862,Unknown,Unknown,0,0,Truck,0
DEL20863,Unknown,Unknown,0,0,Truck,0
DEL20864,Unknown,Unknown,0,0,Truck,0
DEL20865,Unknown,Unknown,0,0,Truck,0
DEL20866,Unknown,Unknown,0,0,Truck,0
DEL20867,Unknown,Unknown,0,0,Truck,0
DEL20868,Unknown,Unknown,0,0,Truck,0
DEL20869,Unknown,Unknown,0,0,Truck,0
DEL20870,Unknown,Unknown,0,0,Truck,0
DEL20871,Unknown,Unknown,0,0,Truck,0
DEL20872,Unknown,Unknown,0,0,Truck,0
DEL20873,Unknown,Unknown,0,0,Truck,0
DEL20874,Unknown,Unknown,0,0,Truck,0
DEL20875,Unknown,Unknown,0,0,Truck,0
DEL20876,Unknown,Unknown,0,0,Truck,0
DEL20877,Unknown,Unknown,0,0,Truck,0
DEL20878,Unknown,Unknown,0,0,Truck,0
DEL20879,Unknown,Unknown,0,0,Truck,0
DEL20880,Unknown,Unknown,0,0,Truck,0
DEL20881,Unknown,Unknown,0,0,Truck,0
DEL20882,Unknown,Unknown,0,0,Truck,0
DEL20883,Unknown,Unknown,0,0,Truck,0
DEL20884,Unknown,Unknown,0,0,Truck,0
DEL20885,Unknown,Unknown,0,0,Truck,0
DEL20886,Unknown,Unknown,0,0,Truck,0
DEL20887,Unknown,Unknown,0,0,Truck,0
DEL20888,Unknown,Unknown,0,0,Truck,0
DEL20889,Unknown,Unknown,0,0,Truck,0
DEL20890,Unknown,Unknown,0,0,Truck,0
DEL20891,Unknown,Unknown,0,0,Truck,0
DEL20892,Unknown,Unknown,0,0,Truck,0
DEL20893,Unknown,Unknown,0,0,Truck,0
DEL20894,Unknown,Unknown,0,0,Truck,0
DEL20895,Unknown,Unknown,0,0,Truck,0
DEL20896,Unknown,Unknown,0,0,Truck,0
DEL20897,Unknown,Unknown,0,0,Truck,0
DEL20898,Unknown,Unknown,0,0,Truck,0
DEL20899,Unknown,Unknown,0,0,Truck,0
DEL20900,Unknown,Unknown,0,0,Truck,0
DEL20901,Unknown,Unknown,0,0,Truck,0
DEL20902,Unknown,Unknown,0,0,Truck,0
DEL20903,Unknown,Unknown,0,0,Truck,0
DEL20904,Unknown,Unknown,0,0,Truck,0
DEL20905,Unknown,Unknown,0,0,Truck,0
DEL20906,Unknown,Unknown,0,0,Truck,0
DEL20907,Unknown,Unknown,0,0,Truck,0
DEL20908,Unknown,Unknown,0,0,Truck,0
DEL20909,Unknown,Unknown,0,0,Truck,0
DEL20910,Unknown,Unknown,0,0,Truck,0
DEL20911,Unknown,Unknown,0,0,Truck,0
DEL20912,Unknown,Unknown,0,0,Truck,0
DEL20913,Unknown,Unknown,0,0,Truck,0
DEL20914,Unknown,Unknown,0,0,Truck,0
DEL20915,Unknown,Unknown,0,0,Truck,0
DEL20916,Unknown,Unknown,0,0,Truck,0
DEL20917,Unknown,Unknown,0,0,Truck,0
DEL20918,Unknown,Unknown,0,0,Truck,0
DEL20919,Unknown,Unknown,0,0,Truck,0
DEL20920,Unknown,Unknown,0,0,Truck,0
DEL20921,Unknown,Unknown,0,0,Truck,0
DEL20922,Unknown,Unknown,0,0,Truck,0
DEL20923,Unknown,Unknown,0,0,Truck,0
DEL20924,Unknown,Unknown,0,0,Truck,0
DEL20925,Unknown,Unknown,0,0,Truck,0
DEL20926,Unknown,Unknown,0,0,Truck,0
DEL20927,Unknown,Unknown,0,0,Truck,0
DEL20928,Unknown,Unknown,0,0,Truck,0
DEL20929,Unknown,Unknown,0,0,Truck,0
DEL20930,Unknown,Unknown,0,0,Truck,0
DEL20931,Unknown,Unknown,0,0,Truck,0
DEL20932,Unknown,Unknown,0,0,Truck,0
DEL20933,Unknown,Unknown,0,0,Truck,0
DEL20934,Unknown,Unknown,0,0,Truck,0
DEL20935,Unknown,Unknown,0,0,Truck,0
DEL20936,Unknown,Unknown,0,0,Truck,0
DEL20937,Unknown,Unknown,0,0,Truck,0
DEL20938,Unknown,Unknown,0,0,Truck,0
DEL20939,Unknown,Unknown,0,0,Truck,0
DEL20940,Unknown,Unknown,0,0,Truck,0
DEL20941,Unknown,Unknown,0,0,Truck,0
DEL20942,Unknown,Unknown,0,0,Truck,0
DEL20943,Unknown,Unknown,0,0,Truck,0
DEL20944,Unknown,Unknown,0,0,Truck,0
DEL20945,Unknown,Unknown,0,0,Truck,0
DEL20946,Unknown,Unknown,0,0,Truck,0
DEL20947,Unknown,Unknown,0,0,Truck,0
DEL20948,Unknown,Unknown,0,0,Truck,0
DEL20949,Unknown,Unknown,0,0,Truck,0
DEL20950,Unknown,Unknown,0,0,Truck,0
DEL20951,Unknown,Unknown,0,0,Truck,0
DEL20952,Unknown,Unknown,0,0,Truck,0
DEL20953,Unknown,Unknown,0,0,Truck,0
DEL20954,Unknown,Unknown,0,0,Truck,0
DEL20955,Unknown,Unknown,0,0,Truck,0
DEL20956,Unknown,Unknown,0,0,Truck,0
DEL20957,Unknown,Unknown,0,0,Truck,0
DEL20958,Unknown,Unknown,0,0,Truck,0
DEL20959,Unknown,Unknown,0,0,Truck,0
DEL20960,Unknown,Unknown,0,0,Truck,0
DEL20961,Unknown,Unknown,0,0,Truck,0
DEL20962,Unknown,Unknown,0,0,Truck,0
DEL20963,Unknown,Unknown,0,0,Truck,0
DEL20964,Unknown,Unknown,0,0,Truck,0
DEL20965,Unknown,Unknown,0,0,Truck,0
DEL20966,Unknown,Unknown,0,0,Truck,0
DEL20967,Unknown,Unknown,0,0,Truck,0
DEL20968,Unknown,Unknown,0,0,Truck,0
DEL20969,Unknown,Unknown,0,0,Truck,0
DEL20970,Unknown,Unknown,0,0,Truck,0
DEL20971,Unknown,Unknown,0,0,Truck,0
DEL20972,Unknown,Unknown,0,0,Truck,0
DEL20973,Unknown,Unknown,0,0,Truck,0
DEL20974,Unknown,Unknown,0,0,Truck,0
DEL20975,Unknown,Unknown,0,0,Truck,0
DEL20976,Unknown,Unknown,0,0,Truck,0
DEL20977,Unknown,Unknown,0,0,Truck,0
DEL20978,Unknown,Unknown,0,0,Truck,0
DEL20979,Unknown,Unknown,0,0,Truck,0
DEL20980,Unknown,Unknown,0,0,Truck,0
DEL20981,Unknown,Unknown,0,0,Truck,0
DEL20982,Unknown,Unknown,0,0,Truck,0
DEL20983,Unknown,Unknown,0,0,Truck,0
DEL20984,Unknown,Unknown,0,0,Truck,0
DEL20985,Unknown,Unknown,0,0,Truck,0
DEL20986,Unknown,Unknown,0,0,Truck,0
DEL20987,Unknown,Unknown,0,0,Truck,0
DEL20988,Unknown,Unknown,0,0,Truck,0
DEL20989,Unknown,Unknown,0,0,Truck,0
DEL20990,Unknown,Unknown,0,0,Truck,0
DEL20991,Unknown,Unknown,0,0,Truck,0
DEL20992,Unknown,Unknown,0,0,Truck,0
DEL20993,Unknown,Unknown,0,0,Truck,0
DEL20994,Unknown,Unknown,0,0,Truck,0
DEL20995,Unknown,Unknown,0,0,Truck,0
DEL20996,Unknown,Unknown,0,0,Truck,0
DEL20997,Unknown,Unknown,0,0,Truck,0
DEL20998,Unknown,Unknown,0,0,Truck,0
DEL20999,Unknown,Unknown,0,0,Truck,0
DEL21000,Unknown,Unknown,0,0,Truck,0
DEL21001,Unknown,Unknown,0,0,Truck,0
DEL21002,Unknown,Unknown,0,0,Truck,0
DEL21003,Unknown,Unknown,0,0,Truck,0
DEL21004,Unknown,Unknown,0,0,Truck,0
DEL21005,Unknown,Unknown,0,0,Truck,0
DEL21006,Unknown,Unknown,0,0,Truck,0
DEL21007,Unknown,Unknown,0,0,Truck,0
DEL21008,Unknown,Unknown,0,0,Truck,0
DEL21009,Unknown,Unknown,0,0,Truck,0
DEL21010,Unknown,Unknown,0,0,Truck,0
DEL21011,Unknown,Unknown,0,0,Truck,0
DEL21012,Unknown,Unknown,0,0,Truck,0
DEL21013,Unknown,Unknown,0,0,Truck,0
DEL21014,Unknown,Unknown,0,0,Truck,0
DEL21015,Unknown,Unknown,0,0,Truck,0
DEL21016,Unknown,Unknown,0,0,Truck,0
DEL21017,Unknown,Unknown,0,0,Truck,0
DEL21018,Unknown,Unknown,0,0,Truck,0
DEL21019,Unknown,Unknown,0,0,Truck,0
DEL21020,Unknown,Unknown,0,0,Truck,0
DEL21021,Unknown,Unknown,0,0,Truck,0
DEL21022,Unknown,Unknown,0,0,Truck,0
DEL21023,Unknown,Unknown,0,0,Truck,0
DEL21024,Unknown,Unknown,0,0,Truck,0
DEL21025,Unknown,Unknown,0,0,Truck,0
DEL21026,Unknown,Unknown,0,0,Truck,0
DEL21027,Unknown,Unknown,0,0,Truck,0
DEL21028,Unknown,Unknown,0,0,Truck,0
DEL21029,Unknown,Unknown,0,0,Truck,0
DEL21030,Unknown,Unknown,0,0,Truck,0
DEL21031,Unknown,Unknown,0,0,Truck,0
DEL21032,Unknown,Unknown,0,0,Truck,0
DEL21033,Unknown,Unknown,0,0,Truck,0
DEL21034,Unknown,Unknown,0,0,Truck,0
DEL21035,Unknown,Unknown,0,0,Truck,0
DEL21036,Unknown,Unknown,0,0,Truck,0
DEL21037,Unknown,Unknown,0,0,Truck,0
DEL21038,Unknown,Unknown,0,0,Truck,0
DEL21039,Unknown,Unknown,0,0,Truck,0
DEL21040,Unknown,Unknown,0,0,Truck,0
DEL21041,Unknown,Unknown,0,0,Truck,0
DEL21042,Unknown,Unknown,0,0,Truck,0
DEL21043,Unknown,Unknown,0,0,Truck,0
DEL21044,Unknown,Unknown,0,0,Truck,0
DEL21045,Unknown,Unknown,0,0,Truck,0
DEL21046,Unknown,Unknown,0,0,Truck,0
DEL21047,Unknown,Unknown,0,0,Truck,0
DEL21048,Unknown,Unknown,0,0,Truck,0
DEL21049,Unknown,Unknown,0,0,Truck,0
DEL21050,Unknown,Unknown,0,0,Truck,0
DEL21051,Unknown,Unknown,0,0,Truck,0
DEL21052,Unknown,Unknown,0,0,Truck,0
DEL21053,Unknown,Unknown,0,0,Truck,0
DEL21054,Unknown,Unknown,0,0,Truck,0
DEL21055,Unknown,Unknown,0,0,Truck,0
DEL21056,Unknown,Unknown,0,0,Truck,0
DEL21057,Unknown,Unknown,0,0,Truck,0
DEL21058,Unknown,Unknown,0,0,Truck,0
DEL21059,Unknown,Unknown,0,0,Truck,0
DEL21060,Unknown,Unknown,0,0,Truck,0
DEL21061,Unknown,Unknown,0,0,Truck,0
DEL21062,Unknown,Unknown,0,0,Truck,0
DEL21063,Unknown,Unknown,0,0,Truck,0
DEL21064,Unknown,Unknown,0,0,Truck,0
DEL21065,Unknown,Unknown,0,0,Truck,0
DEL21066,Unknown,Unknown,0,0,Truck,0
DEL21067,Unknown,Unknown,0,0,Truck,0
DEL21068,Unknown,Unknown,0,0,Truck,0
DEL21069,Unknown,Unknown,0,0,Truck,0
DEL21070,Unknown,Unknown,0,0,Truck,0
DEL21071,Unknown,Unknown,0,0,Truck,0
DEL21072,Unknown,Unknown,0,0,Truck,0
DEL21073,Unknown,Unknown,0,0,Truck,0
DEL21074,Unknown,Unknown,0,0,Truck,0
DEL21075,Unknown,Unknown,0,0,Truck,0
DEL21076,Unknown,Unknown,0,0,Truck,0
DEL21077,Unknown,Unknown,0,0,Truck,0
DEL21078,Unknown,Unknown,0,0,Truck,0
DEL21079,Unknown,Unknown,0,0,Truck,0
DEL21080,Unknown,Unknown,0,0,Truck,0
DEL21081,Unknown,Unknown,0,0,Truck,0
DEL21082,Unknown,Unknown,0,0,Truck,0
DEL21083,Unknown,Unknown,0,0,Truck,0
DEL21084,Unknown,Unknown,0,0,Truck,0
DEL21085,Unknown,Unknown,0,0,Truck,0
DEL21086,Unknown,Unknown,0,0,Truck,0
DEL21087,Unknown,Unknown,0,0,Truck,0
DEL21088,Unknown,Unknown,0,0,Truck,0
DEL21089,Unknown,Unknown,0,0,Truck,0
DEL21090,Unknown,Unknown,0,0,Truck,0
DEL21091,Unknown,Unknown,0,0,Truck,0
DEL21092,Unknown,Unknown,0,0,Truck,0
DEL21093,Unknown,Unknown,0,0,Truck,0
DEL21094,Unknown,Unknown,0,0,Truck,0
DEL21095,Unknown,Unknown,0,0,Truck,0
DEL21096,Unknown,Unknown,0,0,Truck,0
DEL21097,Unknown,Unknown,0,0,Truck,0
DEL21098,Unknown,Unknown,0,0,Truck,0
DEL21099,Unknown,Unknown,0,0,Truck,0
DEL21100,Unknown,Unknown,0,0,Truck,0
DEL21101,Unknown,Unknown,0,0,Truck,0
DEL21102,Unknown,Unknown,0,0,Truck,0
DEL21103,Unknown,Unknown,0,0,Truck,0
DEL21104,Unknown,Unknown,0,0,Truck,0
DEL21105,Unknown,Unknown,0,0,Truck,0
DEL21106,Unknown,Unknown,0,0,Truck,0
DEL21107,Unknown,Unknown,0,0,Truck,0
DEL21108,Unknown,Unknown,0,0,Truck,0
DEL21109,Unknown,Unknown,0,0,Truck,0
DEL21110,Unknown,Unknown,0,0,Truck,0
DEL21111,Unknown,Unknown,0,0,Truck,0
DEL21112,Unknown,Unknown,0,0,Truck,0
DEL21113,Unknown,Unknown,0,0,Truck,0
DEL21114,Unknown,Unknown,0,0,Truck,0
DEL21115,Unknown,Unknown,0,0,Truck,0
DEL21116,Unknown,Unknown,0,0,Truck,0
DEL21117,Unknown,Unknown,0,0,Truck,0
DEL21118,Unknown,Unknown,0,0,Truck,0
DEL21119,Unknown,Unknown,0,0,Truck,0
DEL21120,Unknown,Unknown,0,0,Truck,0
DEL21121,Unknown,Unknown,0,0,Truck,0
DEL21122,Unknown,Unknown,0,0,Truck,0
DEL21123,Unknown,Unknown,0,0,Truck,0
DEL21124,Unknown,Unknown,0,0,Truck,0
DEL21125,Unknown,Unknown,0,0,Truck,0
DEL21126,Unknown,Unknown,0,0,Truck,0
DEL21127,Unknown,Unknown,0,0,Truck,0
DEL21128,Unknown,Unknown,0,0,Truck,0
DEL21129,Unknown,Unknown,0,0,Truck,0
DEL21130,Unknown,Unknown,0,0,Truck,0
DEL21131,Unknown,Unknown,0,0,Truck,0
DEL21132,Unknown,Unknown,0,0,Truck,0
DEL21133,Unknown,Unknown,0,0,Truck,0
DEL21134,Unknown,Unknown,0,0,Truck,0
DEL21135,Unknown,Unknown,0,0,Truck,0
DEL21136,Unknown,Unknown,0,0,Truck,0
DEL21137,Unknown,Unknown,0,0,Truck,0
DEL21138,Unknown,Unknown,0,0,Truck,0
DEL21139,Unknown,Unknown,0,0,Truck,0
DEL21140,Unknown,Unknown,0,0,Truck,0
DEL21141,Unknown,Unknown,0,0,Truck,0
DEL21142,Unknown,Unknown,0,0,Truck,0
DEL21143,Unknown,Unknown,0,0,Truck,0
DEL21144,Unknown,Unknown,0,0,Truck,0
DEL21145,Unknown,Unknown,0,0,Truck,0
DEL21146,Unknown,Unknown,0,0,Truck,0
DEL21147,Unknown,Unknown,0,0,Truck,0
DEL21148,Unknown,Unknown,0,0,Truck,0
DEL21149,Unknown,Unknown,0,0,Truck,0
DEL21150,Unknown,Unknown,0,0,Truck,0
DEL21151,Unknown,Unknown,0,0,Truck,0
DEL21152,Unknown,Unknown,0,0,Truck,0
DEL21153,Unknown,Unknown,0,0,Truck,0
DEL21154,Unknown,Unknown,0,0,Truck,0
DEL21155,Unknown,Unknown,0,0,Truck,0
DEL21156,Unknown,Unknown,0,0,Truck,0
DEL21157,Unknown,Unknown,0,0,Truck,0
DEL21158,Unknown,Unknown,0,0,Truck,0
DEL21159,Unknown,Unknown,0,0,Truck,0
DEL21160,Unknown,Unknown,0,0,Truck,0
DEL21161,Unknown,Unknown,0,0,Truck,0
DEL21162,Unknown,Unknown,0,0,Truck,0
DEL21163,Unknown,Unknown,0,0,Truck,0
DEL21164,Unknown,Unknown,0,0,Truck,0
DEL21165,Unknown,Unknown,0,0,Truck,0
DEL21166,Unknown,Unknown,0,0,Truck,0
DEL21167,Unknown,Unknown,0,0,Truck,0
DEL21168,Unknown,Unknown,0,0,Truck,0
DEL21169,Unknown,Unknown,0,0,Truck,0
DEL21170,Unknown,Unknown,0,0,Truck,0
DEL21171,Unknown,Unknown,0,0,Truck,0
DEL21172,Unknown,Unknown,0,0,Truck,0
DEL21173,Unknown,Unknown,0,0,Truck,0
DEL21174,Unknown,Unknown,0,0,Truck,0
DEL21175,Unknown,Unknown,0,0,Truck,0
DEL21176,Unknown,Unknown,0,0,Truck,0
DEL21177,Unknown,Unknown,0,0,Truck,0
DEL21178,Unknown,Unknown,0,0,Truck,0
DEL21179,Unknown,Unknown,0,0,Truck,0
DEL21180,Unknown,Unknown,0,0,Truck,0
DEL21181,Unknown,Unknown,0,0,Truck,0
DEL21182,Unknown,Unknown,0,0,Truck,0
DEL21183,Unknown,Unknown,0,0,Truck,0
DEL21184,Unknown,Unknown,0,0,Truck,0
DEL21185,Unknown,Unknown,0,0,Truck,0
DEL21186,Unknown,Unknown,0,0,Truck,0
DEL21187,Unknown,Unknown,0,0,Truck,0
DEL21188,Unknown,Unknown,0,0,Truck,0
DEL21189,Unknown,Unknown,0,0,Truck,0
DEL21190,Unknown,Unknown,0,0,Truck,0
DEL21191,Unknown,Unknown,0,0,Truck,0
DEL21192,Unknown,Unknown,0,0,Truck,0
DEL21193,Unknown,Unknown,0,0,Truck,0
DEL21194,Unknown,Unknown,0,0,Truck,0
DEL21195,Unknown,Unknown,0,0,Truck,0
DEL21196,Unknown,Unknown,0,0,Truck,0
DEL21197,Unknown,Unknown,0,0,Truck,0
DEL21198,Unknown,Unknown,0,0,Truck,0
DEL21199,Unknown,Unknown,0,0,Truck,0
DEL21200,Unknown,Unknown,0,0,Truck,0
DEL21201,Unknown,Unknown,0,0,Truck,0
DEL21202,Unknown,Unknown,0,0,Truck,0
DEL21203,Unknown,Unknown,0,0,Truck,0
DEL21204,Unknown,Unknown,0,0,Truck,0
DEL21205,Unknown,Unknown,0,0,Truck,0
DEL21206,Unknown,Unknown,0,0,Truck,0
DEL21207,Unknown,Unknown,0,0,Truck,0
DEL21208,Unknown,Unknown,0,0,Truck,0
DEL21209,Unknown,Unknown,0,0,Truck,0
DEL21210,Unknown,Unknown,0,0,Truck,0
DEL21211,Unknown,Unknown,0,0,Truck,0
DEL21212,Unknown,Unknown,0,0,Truck,0
DEL21213,Unknown,Unknown,0,0,Truck,0
DEL21214,Unknown,Unknown,0,0,Truck,0
DEL21215,Unknown,Unknown,0,0,Truck,0
DEL21216,Unknown,Unknown,0,0,Truck,0
DEL21217,Unknown,Unknown,0,0,Truck,0
DEL21218,Unknown,Unknown,0,0,Truck,0
DEL21219,Unknown,Unknown,0,0,Truck,0
DEL21220,Unknown,Unknown,0,0,Truck,0
DEL21221,Unknown,Unknown,0,0,Truck,0
DEL21222,Unknown,Unknown,0,0,Truck,0
DEL21223,Unknown,Unknown,0,0,Truck,0
DEL21224,Unknown,Unknown,0,0,Truck,0
DEL21225,Unknown,Unknown,0,0,Truck,0
DEL21226,Unknown,Unknown,0,0,Truck,0
DEL21227,Unknown,Unknown,0,0,Truck,0
DEL21228,Unknown,Unknown,0,0,Truck,0
DEL21229,Unknown,Unknown,0,0,Truck,0
DEL21230,Unknown,Unknown,0,0,Truck,0
DEL21231,Unknown,Unknown,0,0,Truck,0
DEL21232,Unknown,Unknown,0,0,Truck,0
DEL21233,Unknown,Unknown,0,0,Truck,0
DEL21234,Unknown,Unknown,0,0,Truck,0
DEL21235,Unknown,Unknown,0,0,Truck,0
DEL21236,Unknown,Unknown,0,0,Truck,0
DEL21237,Unknown,Unknown,0,0,Truck,0
DEL21238,Unknown,Unknown,0,0,Truck,0
DEL21239,Unknown,Unknown,0,0,Truck,0
DEL21240,Unknown,Unknown,0,0,Truck,0
DEL21241,Unknown,Unknown,0,0,Truck,0
DEL21242,Unknown,Unknown,0,0,Truck,0
DEL21243,Unknown,Unknown,0,0,Truck,0
DEL21244,Unknown,Unknown,0,0,Truck,0
DEL21245,Unknown,Unknown,0,0,Truck,0
DEL21246,Unknown,Unknown,0,0,Truck,0
DEL21247,Unknown,Unknown,0,0,Truck,0
DEL21248,Unknown,Unknown,0,0,Truck,0
DEL21249,Unknown,Unknown,0,0,Truck,0
DEL21250,Unknown,Unknown,0,0,Truck,0
DEL21251,Unknown,Unknown,0,0,Truck,0
DEL21252,Unknown,Unknown,0,0,Truck,0
DEL21253,Unknown,Unknown,0,0,Truck,0
DEL21254,Unknown,Unknown,0,0,Truck,0
DEL21255,Unknown,Unknown,0,0,Truck,0
DEL21256,Unknown,Unknown,0,0,Truck,0
DEL21257,Unknown,Unknown,0,0,Truck,0
DEL21258,Unknown,Unknown,0,0,Truck,0
DEL21259,Unknown,Unknown,0,0,Truck,0
DEL21260,Unknown,Unknown,0,0,Truck,0
DEL21261,Unknown,Unknown,0,0,Truck,0
DEL21262,Unknown,Unknown,0,0,Truck,0
DEL21263,Unknown,Unknown,0,0,Truck,0
DEL21264,Unknown,Unknown,0,0,Truck,0
DEL21265,Unknown,Unknown,0,0,Truck,0
DEL21266,Unknown,Unknown,0,0,Truck,0
DEL21267,Unknown,Unknown,0,0,Truck,0
DEL21268,Unknown,Unknown,0,0,Truck,0
DEL21269,Unknown,Unknown,0,0,Truck,0
DEL21270,Unknown,Unknown,0,0,Truck,0
DEL21271,Unknown,Unknown,0,0,Truck,0
DEL21272,Unknown,Unknown,0,0,Truck,0
DEL21273,Unknown,Unknown,0,0,Truck,0
DEL21274,Unknown,Unknown,0,0,Truck,0
DEL21275,Unknown,Unknown,0,0,Truck,0
DEL21276,Unknown,Unknown,0,0,Truck,0
DEL21277,Unknown,Unknown,0,0,Truck,0
DEL21278,Unknown,Unknown,0,0,Truck,0
DEL21279,Unknown,Unknown,0,0,Truck,0
DEL21280,Unknown,Unknown,0,0,Truck,0
DEL21281,Unknown,Unknown,0,0,Truck,0
DEL21282,Unknown,Unknown,0,0,Truck,0
DEL21283,Unknown,Unknown,0,0,Truck,0
DEL21284,Unknown,Unknown,0,0,Truck,0
DEL21285,Unknown,Unknown,0,0,Truck,0
DEL21286,Unknown,Unknown,0,0,Truck,0
DEL21287,Unknown,Unknown,0,0,Truck,0
DEL21288,Unknown,Unknown,0,0,Truck,0
DEL21289,Unknown,Unknown,0,0,Truck,0
DEL21290,Unknown,Unknown,0,0,Truck,0
DEL21291,Unknown,Unknown,0,0,Truck,0
DEL21292,Unknown,Unknown,0,0,Truck,0
DEL21293,Unknown,Unknown,0,0,Truck,0
DEL21294,Unknown,Unknown,0,0,Truck,0
DEL21295,Unknown,Unknown,0,0,Truck,0
DEL21296,Unknown,Unknown,0,0,Truck,0
DEL21297,Unknown,Unknown,0,0,Truck,0
DEL21298,Unknown,Unknown,0,0,Truck,0
DEL21299,Unknown,Unknown,0,0,Truck,0
DEL21300,Unknown,Unknown,0,0,Truck,0
DEL21301,Unknown,Unknown,0,0,Truck,0
DEL21302,Unknown,Unknown,0,0,Truck,0
DEL21303,Unknown,Unknown,0,0,Truck,0
DEL21304,Unknown,Unknown,0,0,Truck,0
DEL21305,Unknown,Unknown,0,0,Truck,0
DEL21306,Unknown,Unknown,0,0,Truck,0
DEL21307,Unknown,Unknown,0,0,Truck,0
DEL21308,Unknown,Unknown,0,0,Truck,0
DEL21309,Unknown,Unknown,0,0,Truck,0
DEL21310,Unknown,Unknown,0,0,Truck,0
DEL21311,Unknown,Unknown,0,0,Truck,0
DEL21312,Unknown,Unknown,0,0,Truck,0
DEL21313,Unknown,Unknown,0,0,Truck,0
DEL21314,Unknown,Unknown,0,0,Truck,0
DEL21315,Unknown,Unknown,0,0,Truck,0
DEL21316,Unknown,Unknown,0,0,Truck,0
DEL21317,Unknown,Unknown,0,0,Truck,0
DEL21318,Unknown,Unknown,0,0,Truck,0
DEL21319,Unknown,Unknown,0,0,Truck,0
DEL21320,Unknown,Unknown,0,0,Truck,0
DEL21321,Unknown,Unknown,0,0,Truck,0
DEL21322,Unknown,Unknown,0,0,Truck,0
DEL21323,Unknown,Unknown,0,0,Truck,0
DEL21324,Unknown,Unknown,0,0,Truck,0
DEL21325,Unknown,Unknown,0,0,Truck,0
DEL21326,Unknown,Unknown,0,0,Truck,0
DEL21327,Unknown,Unknown,0,0,Truck,0
DEL21328,Unknown,Unknown,0,0,Truck,0
DEL21329,Unknown,Unknown,0,0,Truck,0
DEL21330,Unknown,Unknown,0,0,Truck,0
DEL21331,Unknown,Unknown,0,0,Truck,0
DEL21332,Unknown,Unknown,0,0,Truck,0
DEL21333,Unknown,Unknown,0,0,Truck,0
DEL21334,Unknown,Unknown,0,0,Truck,0
DEL21335,Unknown,Unknown,0,0,Truck,0
DEL21336,Unknown,Unknown,0,0,Truck,0
DEL21337,Unknown,Unknown,0,0,Truck,0
DEL21338,Unknown,Unknown,0,0,Truck,0
DEL21339,Unknown,Unknown,0,0,Truck,0
DEL21340,Unknown,Unknown,0,0,Truck,0
DEL21341,Unknown,Unknown,0,0,Truck,0
DEL21342,Unknown,Unknown,0,0,Truck,0
DEL21343,Unknown,Unknown,0,0,Truck,0
DEL21344,Unknown,Unknown,0,0,Truck,0
DEL21345,Unknown,Unknown,0,0,Truck,0
DEL21346,Unknown,Unknown,0,0,Truck,0
DEL21347,Unknown,Unknown,0,0,Truck,0
DEL21348,Unknown,Unknown,0,0,Truck,0
DEL21349,Unknown,Unknown,0,0,Truck,0
DEL21350,Unknown,Unknown,0,0,Truck,0
DEL21351,Unknown,Unknown,0,0,Truck,0
DEL21352,Unknown,Unknown,0,0,Truck,0
DEL21353,Unknown,Unknown,0,0,Truck,0
DEL21354,Unknown,Unknown,0,0,Truck,0
DEL21355,Unknown,Unknown,0,0,Truck,0
DEL21356,Unknown,Unknown,0,0,Truck,0
DEL21357,Unknown,Unknown,0,0,Truck,0
DEL21358,Unknown,Unknown,0,0,Truck,0
DEL21359,Unknown,Unknown,0,0,Truck,0
DEL21360,Unknown,Unknown,0,0,Truck,0
DEL21361,Unknown,Unknown,0,0,Truck,0
DEL21362,Unknown,Unknown,0,0,Truck,0
DEL21363,Unknown,Unknown,0,0,Truck,0
DEL21364,Unknown,Unknown,0,0,Truck,0
DEL21365,Unknown,Unknown,0,0,Truck,0
DEL21366,Unknown,Unknown,0,0,Truck,0
DEL21367,Unknown,Unknown,0,0,Truck,0
DEL21368,Unknown,Unknown,0,0,Truck,0
DEL21369,Unknown,Unknown,0,0,Truck,0
DEL21370,Unknown,Unknown,0,0,Truck,0
DEL21371,Unknown,Unknown,0,0,Truck,0
DEL21372,Unknown,Unknown,0,0,Truck,0
DEL21373,Unknown,Unknown,0,0,Truck,0
DEL21374,Unknown,Unknown,0,0,Truck,0
DEL21375,Unknown,Unknown,0,0,Truck,0
DEL21376,Unknown,Unknown,0,0,Truck,0
DEL21377,Unknown,Unknown,0,0,Truck,0
DEL21378,Unknown,Unknown,0,0,Truck,0
DEL21379,Unknown,Unknown,0,0,Truck,0
DEL21380,Unknown,Unknown,0,0,Truck,0
DEL21381,Unknown,Unknown,0,0,Truck,0
DEL21382,Unknown,Unknown,0,0,Truck,0
DEL21383,Unknown,Unknown,0,0,Truck,0
DEL21384,Unknown,Unknown,0,0,Truck,0
DEL21385,Unknown,Unknown,0,0,Truck,0
DEL21386,Unknown,Unknown,0,0,Truck,0
DEL21387,Unknown,Unknown,0,0,Truck,0
DEL21388,Unknown,Unknown,0,0,Truck,0
DEL21389,Unknown,Unknown,0,0,Truck,0
DEL21390,Unknown,Unknown,0,0,Truck,0
DEL21391,Unknown,Unknown,0,0,Truck,0
DEL21392,Unknown,Unknown,0,0,Truck,0
DEL21393,Unknown,Unknown,0,0,Truck,0
DEL21394,Unknown,Unknown,0,0,Truck,0
DEL21395,Unknown,Unknown,0,0,Truck,0
DEL21396,Unknown,Unknown,0,0,Truck,0
DEL21397,Unknown,Unknown,0,0,Truck,0
DEL21398,Unknown,Unknown,0,0,Truck,0
DEL21399,Unknown,Unknown,0,0,Truck,0
DEL21400,Unknown,Unknown,0,0,Truck,0
DEL21401,Unknown,Unknown,0,0,Truck,0
DEL21402,Unknown,Unknown,0,0,Truck,0
DEL21403,Unknown,Unknown,0,0,Truck,0
DEL21404,Unknown,Unknown,0,0,Truck,0
DEL21405,Unknown,Unknown,0,0,Truck,0
DEL21406,Unknown,Unknown,0,0,Truck,0
DEL21407,Unknown,Unknown,0,0,Truck,0
DEL21408,Unknown,Unknown,0,0,Truck,0
DEL21409,Unknown,Unknown,0,0,Truck,0
DEL21410,Unknown,Unknown,0,0,Truck,0
DEL21411,Unknown,Unknown,0,0,Truck,0
DEL21412,Unknown,Unknown,0,0,Truck,0
DEL21413,Unknown,Unknown,0,0,Truck,0
DEL21414,Unknown,Unknown,0,0,Truck,0
DEL21415,Unknown,Unknown,0,0,Truck,0
DEL21416,Unknown,Unknown,0,0,Truck,0
DEL21417,Unknown,Unknown,0,0,Truck,0
DEL21418,Unknown,Unknown,0,0,Truck,0
DEL21419,Unknown,Unknown,0,0,Truck,0
DEL21420,Unknown,Unknown,0,0,Truck,0
DEL21421,Unknown,Unknown,0,0,Truck,0
DEL21422,Unknown,Unknown,0,0,Truck,0
DEL21423,Unknown,Unknown,0,0,Truck,0
DEL21424,Unknown,Unknown,0,0,Truck,0
DEL21425,Unknown,Unknown,0,0,Truck,0
DEL21426,Unknown,Unknown,0,0,Truck,0
DEL21427,Unknown,Unknown,0,0,Truck,0
DEL21428,Unknown,Unknown,0,0,Truck,0
DEL21429,Unknown,Unknown,0,0,Truck,0
DEL21430,Unknown,Unknown,0,0,Truck,0
DEL21431,Unknown,Unknown,0,0,Truck,0
DEL21432,Unknown,Unknown,0,0,Truck,0
DEL21433,Unknown,Unknown,0,0,Truck,0
DEL21434,Unknown,Unknown,0,0,Truck,0
DEL21435,Unknown,Unknown,0,0,Truck,0
DEL21436,Unknown,Unknown,0,0,Truck,0
DEL21437,Unknown,Unknown,0,0,Truck,0
DEL21438,Unknown,Unknown,0,0,Truck,0
DEL21439,Unknown,Unknown,0,0,Truck,0
DEL21440,Unknown,Unknown,0,0,Truck,0
DEL21441,Unknown,Unknown,0,0,Truck,0
DEL21442,Unknown,Unknown,0,0,Truck,0
DEL21443,Unknown,Unknown,0,0,Truck,0
DEL21444,Unknown,Unknown,0,0,Truck,0
DEL21445,Unknown,Unknown,0,0,Truck,0
DEL21446,Unknown,Unknown,0,0,Truck,0
DEL21447,Unknown,Unknown,0,0,Truck,0
DEL21448,Unknown,Unknown,0,0,Truck,0
DEL21449,Unknown,Unknown,0,0,Truck,0
DEL21450,Unknown,Unknown,0,0,Truck,0
DEL21451,Unknown,Unknown,0,0,Truck,0
DEL21452,Unknown,Unknown,0,0,Truck,0
DEL21453,Unknown,Unknown,0,0,Truck,0
DEL21454,Unknown,Unknown,0,0,Truck,0
DEL21455,Unknown,Unknown,0,0,Truck,0
DEL21456,Unknown,Unknown,0,0,Truck,0
DEL21457,Unknown,Unknown,0,0,Truck,0
DEL21458,Unknown,Unknown,0,0,Truck,0
DEL21459,Unknown,Unknown,0,0,Truck,0
DEL21460,Unknown,Unknown,0,0,Truck,0
DEL21461,Unknown,Unknown,0,0,Truck,0
DEL21462,Unknown,Unknown,0,0,Truck,0
DEL21463,Unknown,Unknown,0,0,Truck,0
DEL21464,Unknown,Unknown,0,0,Truck,0
DEL21465,Unknown,Unknown,0,0,Truck,0
DEL21466,Unknown,Unknown,0,0,Truck,0
DEL21467,Unknown,Unknown,0,0,Truck,0
DEL21468,Unknown,Unknown,0,0,Truck,0
DEL21469,Unknown,Unknown,0,0,Truck,0
DEL21470,Unknown,Unknown,0,0,Truck,0
DEL21471,Unknown,Unknown,0,0,Truck,0
DEL21472,Unknown,Unknown,0,0,Truck,0
DEL21473,Unknown,Unknown,0,0,Truck,0
DEL21474,Unknown,Unknown,0,0,Truck,0
DEL21475,Unknown,Unknown,0,0,Truck,0
DEL21476,Unknown,Unknown,0,0,Truck,0
DEL21477,Unknown,Unknown,0,0,Truck,0
DEL21478,Unknown,Unknown,0,0,Truck,0
DEL21479,Unknown,Unknown,0,0,Truck,0
DEL21480,Unknown,Unknown,0,0,Truck,0
DEL21481,Unknown,Unknown,0,0,Truck,0
DEL21482,Unknown,Unknown,0,0,Truck,0
DEL21483,Unknown,Unknown,0,0,Truck,0
DEL21484,Unknown,Unknown,0,0,Truck,0
DEL21485,Unknown,Unknown,0,0,Truck,0
DEL21486,Unknown,Unknown,0,0,Truck,0
DEL21487,Unknown,Unknown,0,0,Truck,0
DEL21488,Unknown,Unknown,0,0,Truck,0
DEL21489,Unknown,Unknown,0,0,Truck,0
DEL21490,Unknown,Unknown,0,0,Truck,0
DEL21491,Unknown,Unknown,0,0,Truck,0
DEL21492,Unknown,Unknown,0,0,Truck,0
DEL21493,Unknown,Unknown,0,0,Truck,0
DEL21494,Unknown,Unknown,0,0,Truck,0
DEL21495,Unknown,Unknown,0,0,Truck,0
DEL21496,Unknown,Unknown,0,0,Truck,0
DEL21497,Unknown,Unknown,0,0,Truck,0
DEL21498,Unknown,Unknown,0,0,Truck,0
DEL21499,Unknown,Unknown,0,0,Truck,0
DEL21500,Unknown,Unknown,0,0,Truck,0
DEL21501,Unknown,Unknown,0,0,Truck,0
DEL21502,Unknown,Unknown,0,0,Truck,0
DEL21503,Unknown,Unknown,0,0,Truck,0
DEL21504,Unknown,Unknown,0,0,Truck,0
DEL21505,Unknown,Unknown,0,0,Truck,0
DEL21506,Unknown,Unknown,0,0,Truck,0
DEL21507,Unknown,Unknown,0,0,Truck,0
DEL21508,Unknown,Unknown,0,0,Truck,0
DEL21509,Unknown,Unknown,0,0,Truck,0
DEL21510,Unknown,Unknown,0,0,Truck,0
DEL21511,Unknown,Unknown,0,0,Truck,0
DEL21512,Unknown,Unknown,0,0,Truck,0
DEL21513,Unknown,Unknown,0,0,Truck,0
DEL21514,Unknown,Unknown,0,0,Truck,0
DEL21515,Unknown,Unknown,0,0,Truck,0
DEL21516,Unknown,Unknown,0,0,Truck,0
DEL21517,Unknown,Unknown,0,0,Truck,0
DEL21518,Unknown,Unknown,0,0,Truck,0
DEL21519,Unknown,Unknown,0,0,Truck,0
DEL21520,Unknown,Unknown,0,0,Truck,0
DEL21521,Unknown,Unknown,0,0,Truck,0
DEL21522,Unknown,Unknown,0,0,Truck,0
DEL21523,Unknown,Unknown,0,0,Truck,0
DEL21524,Unknown,Unknown,0,0,Truck,0
DEL21525,Unknown,Unknown,0,0,Truck,0
DEL21526,Unknown,Unknown,0,0,Truck,0
DEL21527,Unknown,Unknown,0,0,Truck,0
DEL21528,Unknown,Unknown,0,0,Truck,0
DEL21529,Unknown,Unknown,0,0,Truck,0
DEL21530,Unknown,Unknown,0,0,Truck,0
DEL21531,Unknown,Unknown,0,0,Truck,0
DEL21532,Unknown,Unknown,0,0,Truck,0
DEL21533,Unknown,Unknown,0,0,Truck,0
DEL21534,Unknown,Unknown,0,0,Truck,0
DEL21535,Unknown,Unknown,0,0,Truck,0
DEL21536,Unknown,Unknown,0,0,Truck,0
DEL21537,Unknown,Unknown,0,0,Truck,0
DEL21538,Unknown,Unknown,0,0,Truck,0
DEL21539,Unknown,Unknown,0,0,Truck,0
DEL21540,Unknown,Unknown,0,0,Truck,0
DEL21541,Unknown,Unknown,0,0,Truck,0
DEL21542,Unknown,Unknown,0,0,Truck,0
DEL21543,Unknown,Unknown,0,0,Truck,0
DEL21544,Unknown,Unknown,0,0,Truck,0
DEL21545,Unknown,Unknown,0,0,Truck,0
DEL21546,Unknown,Unknown,0,0,Truck,0
DEL21547,Unknown,Unknown,0,0,Truck,0
DEL21548,Unknown,Unknown,0,0,Truck,0
DEL21549,Unknown,Unknown,0,0,Truck,0
DEL21550,Unknown,Unknown,0,0,Truck,0
DEL21551,Unknown,Unknown,0,0,Truck,0
DEL21552,Unknown,Unknown,0,0,Truck,0
DEL21553,Unknown,Unknown,0,0,Truck,0
DEL21554,Unknown,Unknown,0,0,Truck,0
DEL21555,Unknown,Unknown,0,0,Truck,0
DEL21556,Unknown,Unknown,0,0,Truck,0
DEL21557,Unknown,Unknown,0,0,Truck,0
DEL21558,Unknown,Unknown,0,0,Truck,0
DEL21559,Unknown,Unknown,0,0,Truck,0
DEL21560,Unknown,Unknown,0,0,Truck,0
DEL21561,Unknown,Unknown,0,0,Truck,0
DEL21562,Unknown,Unknown,0,0,Truck,0
DEL21563,Unknown,Unknown,0,0,Truck,0
DEL21564,Unknown,Unknown,0,0,Truck,0
DEL21565,Unknown,Unknown,0,0,Truck,0
DEL21566,Unknown,Unknown,0,0,Truck,0
DEL21567,Unknown,Unknown,0,0,Truck,0
DEL21568,Unknown,Unknown,0,0,Truck,0
DEL21569,Unknown,Unknown,0,0,Truck,0
DEL21570,Unknown,Unknown,0,0,Truck,0
DEL21571,Unknown,Unknown,0,0,Truck,0
DEL21572,Unknown,Unknown,0,0,Truck,0
DEL21573,Unknown,Unknown,0,0,Truck,0
DEL21574,Unknown,Unknown,0,0,Truck,0
DEL21575,Unknown,Unknown,0,0,Truck,0
DEL21576,Unknown,Unknown,0,0,Truck,0
DEL21577,Unknown,Unknown,0,0,Truck,0
DEL21578,Unknown,Unknown,0,0,Truck,0
DEL21579,Unknown,Unknown,0,0,Truck,0
DEL21580,Unknown,Unknown,0,0,Truck,0
DEL21581,Unknown,Unknown,0,0,Truck,0
DEL21582,Unknown,Unknown,0,0,Truck,0
DEL21583,Unknown,Unknown,0,0,Truck,0
DEL21584,Unknown,Unknown,0,0,Truck,0
DEL21585,Unknown,Unknown,0,0,Truck,0
DEL21586,Unknown,Unknown,0,0,Truck,0
DEL21587,Unknown,Unknown,0,0,Truck,0
DEL21588,Unknown,Unknown,0,0,Truck,0
DEL21589,Unknown,Unknown,0,0,Truck,0
DEL21590,Unknown,Unknown,0,0,Truck,0
DEL21591,Unknown,Unknown,0,0,Truck,0
DEL21592,Unknown,Unknown,0,0,Truck,0
DEL21593,Unknown,Unknown,0,0,Truck,0
DEL21594,Unknown,Unknown,0,0,Truck,0
DEL21595,Unknown,Unknown,0,0,Truck,0
DEL21596,Unknown,Unknown,0,0,Truck,0
DEL21597,Unknown,Unknown,0,0,Truck,0
DEL21598,Unknown,Unknown,0,0,Truck,0
DEL21599,Unknown,Unknown,0,0,Truck,0
DEL21600,Unknown,Unknown,0,0,Truck,0
DEL21601,Unknown,Unknown,0,0,Truck,0
DEL21602,Unknown,Unknown,0,0,Truck,0
DEL21603,Unknown,Unknown,0,0,Truck,0
DEL21604,Unknown,Unknown,0,0,Truck,0
DEL21605,Unknown,Unknown,0,0,Truck,0
DEL21606,Unknown,Unknown,0,0,Truck,0
DEL21607,Unknown,Unknown,0,0,Truck,0
DEL21608,Unknown,Unknown,0,0,Truck,0
DEL21609,Unknown,Unknown,0,0,Truck,0
DEL21610,Unknown,Unknown,0,0,Truck,0
DEL21611,Unknown,Unknown,0,0,Truck,0
DEL21612,Unknown,Unknown,0,0,Truck,0
DEL21613,Unknown,Unknown,0,0,Truck,0
DEL21614,Unknown,Unknown,0,0,Truck,0
DEL21615,Unknown,Unknown,0,0,Truck,0
DEL21616,Unknown,Unknown,0,0,Truck,0
DEL21617,Unknown,Unknown,0,0,Truck,0
DEL21618,Unknown,Unknown,0,0,Truck,0
DEL21619,Unknown,Unknown,0,0,Truck,0
DEL21620,Unknown,Unknown,0,0,Truck,0
DEL21621,Unknown,Unknown,0,0,Truck,0
DEL21622,Unknown,Unknown,0,0,Truck,0
DEL21623,Unknown,Unknown,0,0,Truck,0
DEL21624,Unknown,Unknown,0,0,Truck,0
DEL21625,Unknown,Unknown,0,0,Truck,0
DEL21626,Unknown,Unknown,0,0,Truck,0
DEL21627,Unknown,Unknown,0,0,Truck,0
DEL21628,Unknown,Unknown,0,0,Truck,0
DEL21629,Unknown,Unknown,0,0,Truck,0
DEL21630,Unknown,Unknown,0,0,Truck,0
DEL21631,Unknown,Unknown,0,0,Truck,0
DEL21632,Unknown,Unknown,0,0,Truck,0
DEL21633,Unknown,Unknown,0,0,Truck,0
DEL21634,Unknown,Unknown,0,0,Truck,0
DEL21635,Unknown,Unknown,0,0,Truck,0
DEL21636,Unknown,Unknown,0,0,Truck,0
DEL21637,Unknown,Unknown,0,0,Truck,0
DEL21638,Unknown,Unknown,0,0,Truck,0
DEL21639,Unknown,Unknown,0,0,Truck,0
DEL21640,Unknown,Unknown,0,0,Truck,0
DEL21641,Unknown,Unknown,0,0,Truck,0
DEL21642,Unknown,Unknown,0,0,Truck,0
DEL21643,Unknown,Unknown,0,0,Truck,0
DEL21644,Unknown,Unknown,0,0,Truck,0
DEL21645,Unknown,Unknown,0,0,Truck,0
DEL21646,Unknown,Unknown,0,0,Truck,0
DEL21647,Unknown,Unknown,0,0,Truck,0
DEL21648,Unknown,Unknown,0,0,Truck,0
DEL21649,Unknown,Unknown,0,0,Truck,0
DEL21650,Unknown,Unknown,0,0,Truck,0
DEL21651,Unknown,Unknown,0,0,Truck,0
DEL21652,Unknown,Unknown,0,0,Truck,0
DEL21653,Unknown,Unknown,0,0,Truck,0
DEL21654,Unknown,Unknown,0,0,Truck,0
DEL21655,Unknown,Unknown,0,0,Truck,0
DEL21656,Unknown,Unknown,0,0,Truck,0
DEL21657,Unknown,Unknown,0,0,Truck,0
DEL21658,Unknown,Unknown,0,0,Truck,0
DEL21659,Unknown,Unknown,0,0,Truck,0
DEL21660,Unknown,Unknown,0,0,Truck,0
DEL21661,Unknown,Unknown,0,0,Truck,0
DEL21662,Unknown,Unknown,0,0,Truck,0
DEL21663,Unknown,Unknown,0,0,Truck,0
DEL21664,Unknown,Unknown,0,0,Truck,0
DEL21665,Unknown,Unknown,0,0,Truck,0
DEL21666,Unknown,Unknown,0,0,Truck,0
DEL21667,Unknown,Unknown,0,0,Truck,0
DEL21668,Unknown,Unknown,0,0,Truck,0
DEL21669,Unknown,Unknown,0,0,Truck,0
DEL21670,Unknown,Unknown,0,0,Truck,0
DEL21671,Unknown,Unknown,0,0,Truck,0
DEL21672,Unknown,Unknown,0,0,Truck,0
DEL21673,Unknown,Unknown,0,0,Truck,0
DEL21674,Unknown,Unknown,0,0,Truck,0
DEL21675,Unknown,Unknown,0,0,Truck,0
DEL21676,Unknown,Unknown,0,0,Truck,0
DEL21677,Unknown,Unknown,0,0,Truck,0
DEL21678,Unknown,Unknown,0,0,Truck,0
DEL21679,Unknown,Unknown,0,0,Truck,0
DEL21680,Unknown,Unknown,0,0,Truck,0
DEL21681,Unknown,Unknown,0,0,Truck,0
DEL21682,Unknown,Unknown,0,0,Truck,0
DEL21683,Unknown,Unknown,0,0,Truck,0
DEL21684,Unknown,Unknown,0,0,Truck,0
DEL21685,Unknown,Unknown,0,0,Truck,0
DEL21686,Unknown,Unknown,0,0,Truck,0
DEL21687,Unknown,Unknown,0,0,Truck,0
DEL21688,Unknown,Unknown,0,0,Truck,0
DEL21689,Unknown,Unknown,0,0,Truck,0
DEL21690,Unknown,Unknown,0,0,Truck,0
DEL21691,Unknown,Unknown,0,0,Truck,0
DEL21692,Unknown,Unknown,0,0,Truck,0
DEL21693,Unknown,Unknown,0,0,Truck,0
DEL21694,Unknown,Unknown,0,0,Truck,0
DEL21695,Unknown,Unknown,0,0,Truck,0
DEL21696,Unknown,Unknown,0,0,Truck,0
DEL21697,Unknown,Unknown,0,0,Truck,0
DEL21698,Unknown,Unknown,0,0,Truck,0
DEL21699,Unknown,Unknown,0,0,Truck,0
DEL21700,Unknown,Unknown,0,0,Truck,0
DEL21701,Unknown,Unknown,0,0,Truck,0
DEL21702,Unknown,Unknown,0,0,Truck,0
DEL21703,Unknown,Unknown,0,0,Truck,0
DEL21704,Unknown,Unknown,0,0,Truck,0
DEL21705,Unknown,Unknown,0,0,Truck,0
DEL21706,Unknown,Unknown,0,0,Truck,0
DEL21707,Unknown,Unknown,0,0,Truck,0
DEL21708,Unknown,Unknown,0,0,Truck,0
DEL21709,Unknown,Unknown,0,0,Truck,0
DEL21710,Unknown,Unknown,0,0,Truck,0
DEL21711,Unknown,Unknown,0,0,Truck,0
DEL21712,Unknown,Unknown,0,0,Truck,0
DEL21713,Unknown,Unknown,0,0,Truck,0
DEL21714,Unknown,Unknown,0,0,Truck,0
DEL21715,Unknown,Unknown,0,0,Truck,0
DEL21716,Unknown,Unknown,0,0,Truck,0
DEL21717,Unknown,Unknown,0,0,Truck,0
DEL21718,Unknown,Unknown,0,0,Truck,0
DEL21719,Unknown,Unknown,0,0,Truck,0
DEL21720,Unknown,Unknown,0,0,Truck,0
DEL21721,Unknown,Unknown,0,0,Truck,0
DEL21722,Unknown,Unknown,0,0,Truck,0
DEL21723,Unknown,Unknown,0,0,Truck,0
DEL21724,Unknown,Unknown,0,0,Truck,0
DEL21725,Unknown,Unknown,0,0,Truck,0
DEL21726,Unknown,Unknown,0,0,Truck,0
DEL21727,Unknown,Unknown,0,0,Truck,0
DEL21728,Unknown,Unknown,0,0,Truck,0
DEL21729,Unknown,Unknown,0,0,Truck,0
DEL21730,Unknown,Unknown,0,0,Truck,0
DEL21731,Unknown,Unknown,0,0,Truck,0
DEL21732,Unknown,Unknown,0,0,Truck,0
DEL21733,Unknown,Unknown,0,0,Truck,0
DEL21734,Unknown,Unknown,0,0,Truck,0
DEL21735,Unknown,Unknown,0,0,Truck,0
DEL21736,Unknown,Unknown,0,0,Truck,0
DEL21737,Unknown,Unknown,0,0,Truck,0
DEL21738,Unknown,Unknown,0,0,Truck,0
DEL21739,Unknown,Unknown,0,0,Truck,0
DEL21740,Unknown,Unknown,0,0,Truck,0
DEL21741,Unknown,Unknown,0,0,Truck,0
DEL21742,Unknown,Unknown,0,0,Truck,0
DEL21743,Unknown,Unknown,0,0,Truck,0
DEL21744,Unknown,Unknown,0,0,Truck,0
DEL21745,Unknown,Unknown,0,0,Truck,0
DEL21746,Unknown,Unknown,0,0,Truck,0
DEL21747,Unknown,Unknown,0,0,Truck,0
DEL21748,Unknown,Unknown,0,0,Truck,0
DEL21749,Unknown,Unknown,0,0,Truck,0
DEL21750,Unknown,Unknown,0,0,Truck,0
DEL21751,Unknown,Unknown,0,0,Truck,0
DEL21752,Unknown,Unknown,0,0,Truck,0
DEL21753,Unknown,Unknown,0,0,Truck,0
DEL21754,Unknown,Unknown,0,0,Truck,0
DEL21755,Unknown,Unknown,0,0,Truck,0
DEL21756,Unknown,Unknown,0,0,Truck,0
DEL21757,Unknown,Unknown,0,0,Truck,0
DEL21758,Unknown,Unknown,0,0,Truck,0
DEL21759,Unknown,Unknown,0,0,Truck,0
DEL21760,Unknown,Unknown,0,0,Truck,0
DEL21761,Unknown,Unknown,0,0,Truck,0
DEL21762,Unknown,Unknown,0,0,Truck,0
DEL21763,Unknown,Unknown,0,0,Truck,0
DEL21764,Unknown,Unknown,0,0,Truck,0
DEL21765,Unknown,Unknown,0,0,Truck,0
DEL21766,Unknown,Unknown,0,0,Truck,0
DEL21767,Unknown,Unknown,0,0,Truck,0
DEL21768,Unknown,Unknown,0,0,Truck,0
DEL21769,Unknown,Unknown,0,0,Truck,0
DEL21770,Unknown,Unknown,0,0,Truck,0
DEL21771,Unknown,Unknown,0,0,Truck,0
DEL21772,Unknown,Unknown,0,0,Truck,0
DEL21773,Unknown,Unknown,0,0,Truck,0
DEL21774,Unknown,Unknown,0,0,Truck,0
DEL21775,Unknown,Unknown,0,0,Truck,0
DEL21776,Unknown,Unknown,0,0,Truck,0
DEL21777,Unknown,Unknown,0,0,Truck,0
DEL21778,Unknown,Unknown,0,0,Truck,0
DEL21779,Unknown,Unknown,0,0,Truck,0
DEL21780,Unknown,Unknown,0,0,Truck,0
DEL21781,Unknown,Unknown,0,0,Truck,0
DEL21782,Unknown,Unknown,0,0,Truck,0
DEL21783,Unknown,Unknown,0,0,Truck,0
DEL21784,Unknown,Unknown,0,0,Truck,0
DEL21785,Unknown,Unknown,0,0,Truck,0
DEL21786,Unknown,Unknown,0,0,Truck,0
DEL21787,Unknown,Unknown,0,0,Truck,0
DEL21788,Unknown,Unknown,0,0,Truck,0
DEL21789,Unknown,Unknown,0,0,Truck,0
DEL21790,Unknown,Unknown,0,0,Truck,0
DEL21791,Unknown,Unknown,0,0,Truck,0
DEL21792,Unknown,Unknown,0,0,Truck,0
DEL21793,Unknown,Unknown,0,0,Truck,0
DEL21794,Unknown,Unknown,0,0,Truck,0
DEL21795,Unknown,Unknown,0,0,Truck,0
DEL21796,Unknown,Unknown,0,0,Truck,0
DEL21797,Unknown,Unknown,0,0,Truck,0
DEL21798,Unknown,Unknown,0,0,Truck,0
DEL21799,Unknown,Unknown,0,0,Truck,0
DEL21800,Unknown,Unknown,0,0,Truck,0
DEL21801,Unknown,Unknown,0,0,Truck,0
DEL21802,Unknown,Unknown,0,0,Truck,0
DEL21803,Unknown,Unknown,0,0,Truck,0
DEL21804,Unknown,Unknown,0,0,Truck,0
DEL21805,Unknown,Unknown,0,0,Truck,0
DEL21806,Unknown,Unknown,0,0,Truck,0
DEL21807,Unknown,Unknown,0,0,Truck,0
DEL21808,Unknown,Unknown,0,0,Truck,0
DEL21809,Unknown,Unknown,0,0,Truck,0
DEL21810,Unknown,Unknown,0,0,Truck,0
DEL21811,Unknown,Unknown,0,0,Truck,0
DEL21812,Unknown,Unknown,0,0,Truck,0
DEL21813,Unknown,Unknown,0,0,Truck,0
DEL21814,Unknown,Unknown,0,0,Truck,0
DEL21815,Unknown,Unknown,0,0,Truck,0
DEL21816,Unknown,Unknown,0,0,Truck,0
DEL21817,Unknown,Unknown,0,0,Truck,0
DEL21818,Unknown,Unknown,0,0,Truck,0
DEL21819,Unknown,Unknown,0,0,Truck,0
DEL21820,Unknown,Unknown,0,0,Truck,0
DEL21821,Unknown,Unknown,0,0,Truck,0
DEL21822,Unknown,Unknown,0,0,Truck,0
DEL21823,Unknown,Unknown,0,0,Truck,0
DEL21824,Unknown,Unknown,0,0,Truck,0
DEL21825,Unknown,Unknown,0,0,Truck,0
DEL21826,Unknown,Unknown,0,0,Truck,0
DEL21827,Unknown,Unknown,0,0,Truck,0
DEL21828,Unknown,Unknown,0,0,Truck,0
DEL21829,Unknown,Unknown,0,0,Truck,0
DEL21830,Unknown,Unknown,0,0,Truck,0
DEL21831,Unknown,Unknown,0,0,Truck,0
DEL21832,Unknown,Unknown,0,0,Truck,0
DEL21833,Unknown,Unknown,0,0,Truck,0
DEL21834,Unknown,Unknown,0,0,Truck,0
DEL21835,Unknown,Unknown,0,0,Truck,0
DEL21836,Unknown,Unknown,0,0,Truck,0
DEL21837,Unknown,Unknown,0,0,Truck,0
DEL21838,Unknown,Unknown,0,0,Truck,0
DEL21839,Unknown,Unknown,0,0,Truck,0
DEL21840,Unknown,Unknown,0,0,Truck,0
DEL21841,Unknown,Unknown,0,0,Truck,0
DEL21842,Unknown,Unknown,0,0,Truck,0
DEL21843,Unknown,Unknown,0,0,Truck,0
DEL21844,Unknown,Unknown,0,0,Truck,0
DEL21845,Unknown,Unknown,0,0,Truck,0
DEL21846,Unknown,Unknown,0,0,Truck,0
DEL21847,Unknown,Unknown,0,0,Truck,0
DEL21848,Unknown,Unknown,0,0,Truck,0
DEL21849,Unknown,Unknown,0,0,Truck,0
DEL21850,Unknown,Unknown,0,0,Truck,0
DEL21851,Unknown,Unknown,0,0,Truck,0
DEL21852,Unknown,Unknown,0,0,Truck,0
DEL21853,Unknown,Unknown,0,0,Truck,0
DEL21854,Unknown,Unknown,0,0,Truck,0
DEL21855,Unknown,Unknown,0,0,Truck,0
DEL21856,Unknown,Unknown,0,0,Truck,0
DEL21857,Unknown,Unknown,0,0,Truck,0
DEL21858,Unknown,Unknown,0,0,Truck,0
DEL21859,Unknown,Unknown,0,0,Truck,0
DEL21860,Unknown,Unknown,0,0,Truck,0
DEL21861,Unknown,Unknown,0,0,Truck,0
DEL21862,Unknown,Unknown,0,0,Truck,0
DEL21863,Unknown,Unknown,0,0,Truck,0
DEL21864,Unknown,Unknown,0,0,Truck,0
DEL21865,Unknown,Unknown,0,0,Truck,0
DEL21866,Unknown,Unknown,0,0,Truck,0
DEL21867,Unknown,Unknown,0,0,Truck,0
DEL21868,Unknown,Unknown,0,0,Truck,0
DEL21869,Unknown,Unknown,0,0,Truck,0
DEL21870,Unknown,Unknown,0,0,Truck,0
DEL21871,Unknown,Unknown,0,0,Truck,0
DEL21872,Unknown,Unknown,0,0,Truck,0
DEL21873,Unknown,Unknown,0,0,Truck,0
DEL21874,Unknown,Unknown,0,0,Truck,0
DEL21875,Unknown,Unknown,0,0,Truck,0
DEL21876,Unknown,Unknown,0,0,Truck,0
DEL21877,Unknown,Unknown,0,0,Truck,0
DEL21878,Unknown,Unknown,0,0,Truck,0
DEL21879,Unknown,Unknown,0,0,Truck,0
DEL21880,Unknown,Unknown,0,0,Truck,0
DEL21881,Unknown,Unknown,0,0,Truck,0
DEL21882,Unknown,Unknown,0,0,Truck,0
DEL21883,Unknown,Unknown,0,0,Truck,0
DEL21884,Unknown,Unknown,0,0,Truck,0
DEL21885,Unknown,Unknown,0,0,Truck,0
DEL21886,Unknown,Unknown,0,0,Truck,0
DEL21887,Unknown,Unknown,0,0,Truck,0
DEL21888,Unknown,Unknown,0,0,Truck,0
DEL21889,Unknown,Unknown,0,0,Truck,0
DEL21890,Unknown,Unknown,0,0,Truck,0
DEL21891,Unknown,Unknown,0,0,Truck,0
DEL21892,Unknown,Unknown,0,0,Truck,0
DEL21893,Unknown,Unknown,0,0,Truck,0
DEL21894,Unknown,Unknown,0,0,Truck,0
DEL21895,Unknown,Unknown,0,0,Truck,0
DEL21896,Unknown,Unknown,0,0,Truck,0
DEL21897,Unknown,Unknown,0,0,Truck,0
DEL21898,Unknown,Unknown,0,0,Truck,0
DEL21899,Unknown,Unknown,0,0,Truck,0
DEL21900,Unknown,Unknown,0,0,Truck,0
DEL21901,Unknown,Unknown,0,0,Truck,0
DEL21902,Unknown,Unknown,0,0,Truck,0
DEL21903,Unknown,Unknown,0,0,Truck,0
DEL21904,Unknown,Unknown,0,0,Truck,0
DEL21905,Unknown,Unknown,0,0,Truck,0
DEL21906,Unknown,Unknown,0,0,Truck,0
DEL21907,Unknown,Unknown,0,0,Truck,0
DEL21908,Unknown,Unknown,0,0,Truck,0
DEL21909,Unknown,Unknown,0,0,Truck,0
DEL21910,Unknown,Unknown,0,0,Truck,0
DEL21911,Unknown,Unknown,0,0,Truck,0
DEL21912,Unknown,Unknown,0,0,Truck,0
DEL21913,Unknown,Unknown,0,0,Truck,0
DEL21914,Unknown,Unknown,0,0,Truck,0
DEL21915,Unknown,Unknown,0,0,Truck,0
DEL21916,Unknown,Unknown,0,0,Truck,0
DEL21917,Unknown,Unknown,0,0,Truck,0
DEL21918,Unknown,Unknown,0,0,Truck,0
DEL21919,Unknown,Unknown,0,0,Truck,0
DEL21920,Unknown,Unknown,0,0,Truck,0
DEL21921,Unknown,Unknown,0,0,Truck,0
DEL21922,Unknown,Unknown,0,0,Truck,0
DEL21923,Unknown,Unknown,0,0,Truck,0
DEL21924,Unknown,Unknown,0,0,Truck,0
DEL21925,Unknown,Unknown,0,0,Truck,0
DEL21926,Unknown,Unknown,0,0,Truck,0
DEL21927,Unknown,Unknown,0,0,Truck,0
DEL21928,Unknown,Unknown,0,0,Truck,0
DEL21929,Unknown,Unknown,0,0,Truck,0
DEL21930,Unknown,Unknown,0,0,Truck,0
DEL21931,Unknown,Unknown,0,0,Truck,0
DEL21932,Unknown,Unknown,0,0,Truck,0
DEL21933,Unknown,Unknown,0,0,Truck,0
DEL21934,Unknown,Unknown,0,0,Truck,0
DEL21935,Unknown,Unknown,0,0,Truck,0
DEL21936,Unknown,Unknown,0,0,Truck,0
DEL21937,Unknown,Unknown,0,0,Truck,0
DEL21938,Unknown,Unknown,0,0,Truck,0
DEL21939,Unknown,Unknown,0,0,Truck,0
DEL21940,Unknown,Unknown,0,0,Truck,0
DEL21941,Unknown,Unknown,0,0,Truck,0
DEL21942,Unknown,Unknown,0,0,Truck,0
DEL21943,Unknown,Unknown,0,0,Truck,0
DEL21944,Unknown,Unknown,0,0,Truck,0
DEL21945,Unknown,Unknown,0,0,Truck,0
DEL21946,Unknown,Unknown,0,0,Truck,0
DEL21947,Unknown,Unknown,0,0,Truck,0
DEL21948,Unknown,Unknown,0,0,Truck,0
DEL21949,Unknown,Unknown,0,0,Truck,0
DEL21950,Unknown,Unknown,0,0,Truck,0
DEL21951,Unknown,Unknown,0,0,Truck,0
DEL21952,Unknown,Unknown,0,0,Truck,0
DEL21953,Unknown,Unknown,0,0,Truck,0
DEL21954,Unknown,Unknown,0,0,Truck,0
DEL21955,Unknown,Unknown,0,0,Truck,0
DEL21956,Unknown,Unknown,0,0,Truck,0
DEL21957,Unknown,Unknown,0,0,Truck,0
DEL21958,Unknown,Unknown,0,0,Truck,0
DEL21959,Unknown,Unknown,0,0,Truck,0
DEL21960,Unknown,Unknown,0,0,Truck,0
DEL21961,Unknown,Unknown,0,0,Truck,0
DEL21962,Unknown,Unknown,0,0,Truck,0
DEL21963,Unknown,Unknown,0,0,Truck,0
DEL21964,Unknown,Unknown,0,0,Truck,0
DEL21965,Unknown,Unknown,0,0,Truck,0
DEL21966,Unknown,Unknown,0,0,Truck,0
DEL21967,Unknown,Unknown,0,0,Truck,0
DEL21968,Unknown,Unknown,0,0,Truck,0
DEL21969,Unknown,Unknown,0,0,Truck,0
DEL21970,Unknown,Unknown,0,0,Truck,0
DEL21971,Unknown,Unknown,0,0,Truck,0
DEL21972,Unknown,Unknown,0,0,Truck,0
DEL21973,Unknown,Unknown,0,0,Truck,0
DEL21974,Unknown,Unknown,0,0,Truck,0
DEL21975,Unknown,Unknown,0,0,Truck,0
DEL21976,Unknown,Unknown,0,0,Truck,0
DEL21977,Unknown,Unknown,0,0,Truck,0
DEL21978,Unknown,Unknown,0,0,Truck,0
DEL21979,Unknown,Unknown,0,0,Truck,0
DEL21980,Unknown,Unknown,0,0,Truck,0
DEL21981,Unknown,Unknown,0,0,Truck,0
DEL21982,Unknown,Unknown,0,0,Truck,0
DEL21983,Unknown,Unknown,0,0,Truck,0
DEL21984,Unknown,Unknown,0,0,Truck,0
DEL21985,Unknown,Unknown,0,0,Truck,0
DEL21986,Unknown,Unknown,0,0,Truck,0
DEL21987,Unknown,Unknown,0,0,Truck,0
DEL21988,Unknown,Unknown,0,0,Truck,0
DEL21989,Unknown,Unknown,0,0,Truck,0
DEL21990,Unknown,Unknown,0,0,Truck,0
DEL21991,Unknown,Unknown,0,0,Truck,0
DEL21992,Unknown,Unknown,0,0,Truck,0
DEL21993,Unknown,Unknown,0,0,Truck,0
DEL21994,Unknown,Unknown,0,0,Truck,0
DEL21995,Unknown,Unknown,0,0,Truck,0
DEL21996,Unknown,Unknown,0,0,Truck,0
DEL21997,Unknown,Unknown,0,0,Truck,0
DEL21998,Unknown,Unknown,0,0,Truck,0
DEL21999,Unknown,Unknown,0,0,Truck,0
DEL22000,Unknown,Unknown,0,0,Truck,0
DEL22001,Unknown,Unknown,0,0,Truck,0
DEL22002,Unknown,Unknown,0,0,Truck,0
DEL22003,Unknown,Unknown,0,0,Truck,0
DEL22004,Unknown,Unknown,0,0,Truck,0
DEL22005,Unknown,Unknown,0,0,Truck,0
DEL22006,Unknown,Unknown,0,0,Truck,0
DEL22007,Unknown,Unknown,0,0,Truck,0
DEL22008,Unknown,Unknown,0,0,Truck,0
DEL22009,Unknown,Unknown,0,0,Truck,0
DEL22010,Unknown,Unknown,0,0,Truck,0
DEL22011,Unknown,Unknown,0,0,Truck,0
DEL22012,Unknown,Unknown,0,0,Truck,0
DEL22013,Unknown,Unknown,0,0,Truck,0
DEL22014,Unknown,Unknown,0,0,Truck,0
DEL22015,Unknown,Unknown,0,0,Truck,0
DEL22016,Unknown,Unknown,0,0,Truck,0
DEL22017,Unknown,Unknown,0,0,Truck,0
DEL22018,Unknown,Unknown,0,0,Truck,0
DEL22019,Unknown,Unknown,0,0,Truck,0
DEL22020,Unknown,Unknown,0,0,Truck,0
DEL22021,Unknown,Unknown,0,0,Truck,0
DEL22022,Unknown,Unknown,0,0,Truck,0
DEL22023,Unknown,Unknown,0,0,Truck,0
DEL22024,Unknown,Unknown,0,0,Truck,0
DEL22025,Unknown,Unknown,0,0,Truck,0
DEL22026,Unknown,Unknown,0,0,Truck,0
DEL22027,Unknown,Unknown,0,0,Truck,0
DEL22028,Unknown,Unknown,0,0,Truck,0
DEL22029,Unknown,Unknown,0,0,Truck,0
DEL22030,Unknown,Unknown,0,0,Truck,0
DEL22031,Unknown,Unknown,0,0,Truck,0
DEL22032,Unknown,Unknown,0,0,Truck,0
DEL22033,Unknown,Unknown,0,0,Truck,0
DEL22034,Unknown,Unknown,0,0,Truck,0
DEL22035,Unknown,Unknown,0,0,Truck,0
DEL22036,Unknown,Unknown,0,0,Truck,0
DEL22037,Unknown,Unknown,0,0,Truck,0
DEL22038,Unknown,Unknown,0,0,Truck,0
DEL22039,Unknown,Unknown,0,0,Truck,0
DEL22040,Unknown,Unknown,0,0,Truck,0
DEL22041,Unknown,Unknown,0,0,Truck,0
DEL22042,Unknown,Unknown,0,0,Truck,0
DEL22043,Unknown,Unknown,0,0,Truck,0
DEL22044,Unknown,Unknown,0,0,Truck,0
DEL22045,Unknown,Unknown,0,0,Truck,0
DEL22046,Unknown,Unknown,0,0,Truck,0
DEL22047,Unknown,Unknown,0,0,Truck,0
DEL22048,Unknown,Unknown,0,0,Truck,0
DEL22049,Unknown,Unknown,0,0,Truck,0
DEL22050,Unknown,Unknown,0,0,Truck,0
DEL22051,Unknown,Unknown,0,0,Truck,0
DEL22052,Unknown,Unknown,0,0,Truck,0
DEL22053,Unknown,Unknown,0,0,Truck,0
DEL22054,Unknown,Unknown,0,0,Truck,0
DEL22055,Unknown,Unknown,0,0,Truck,0
DEL22056,Unknown,Unknown,0,0,Truck,0
DEL22057,Unknown,Unknown,0,0,Truck,0
DEL22058,Unknown,Unknown,0,0,Truck,0
DEL22059,Unknown,Unknown,0,0,Truck,0
DEL22060,Unknown,Unknown,0,0,Truck,0
DEL22061,Unknown,Unknown,0,0,Truck,0
DEL22062,Unknown,Unknown,0,0,Truck,0
DEL22063,Unknown,Unknown,0,0,Truck,0
DEL22064,Unknown,Unknown,0,0,Truck,0
DEL22065,Unknown,Unknown,0,0,Truck,0
DEL22066,Unknown,Unknown,0,0,Truck,0
DEL22067,Unknown,Unknown,0,0,Truck,0
DEL22068,Unknown,Unknown,0,0,Truck,0
DEL22069,Unknown,Unknown,0,0,Truck,0
DEL22070,Unknown,Unknown,0,0,Truck,0
DEL22071,Unknown,Unknown,0,0,Truck,0
DEL22072,Unknown,Unknown,0,0,Truck,0
DEL22073,Unknown,Unknown,0,0,Truck,0
DEL22074,Unknown,Unknown,0,0,Truck,0
DEL22075,Unknown,Unknown,0,0,Truck,0
DEL22076,Unknown,Unknown,0,0,Truck,0
DEL22077,Unknown,Unknown,0,0,Truck,0
DEL22078,Unknown,Unknown,0,0,Truck,0
DEL22079,Unknown,Unknown,0,0,Truck,0
DEL22080,Unknown,Unknown,0,0,Truck,0
DEL22081,Unknown,Unknown,0,0,Truck,0
DEL22082,Unknown,Unknown,0,0,Truck,0
DEL22083,Unknown,Unknown,0,0,Truck,0
DEL22084,Unknown,Unknown,0,0,Truck,0
DEL22085,Unknown,Unknown,0,0,Truck,0
DEL22086,Unknown,Unknown,0,0,Truck,0
DEL22087,Unknown,Unknown,0,0,Truck,0
DEL22088,Unknown,Unknown,0,0,Truck,0
DEL22089,Unknown,Unknown,0,0,Truck,0
DEL22090,Unknown,Unknown,0,0,Truck,0
DEL22091,Unknown,Unknown,0,0,Truck,0
DEL22092,Unknown,Unknown,0,0,Truck,0
DEL22093,Unknown,Unknown,0,0,Truck,0
DEL22094,Unknown,Unknown,0,0,Truck,0
DEL22095,Unknown,Unknown,0,0,Truck,0
DEL22096,Unknown,Unknown,0,0,Truck,0
DEL22097,Unknown,Unknown,0,0,Truck,0
DEL22098,Unknown,Unknown,0,0,Truck,0
DEL22099,Unknown,Unknown,0,0,Truck,0
DEL22100,Unknown,Unknown,0,0,Truck,0
DEL22101,Unknown,Unknown,0,0,Truck,0
DEL22102,Unknown,Unknown,0,0,Truck,0
DEL22103,Unknown,Unknown,0,0,Truck,0
DEL22104,Unknown,Unknown,0,0,Truck,0
DEL22105,Unknown,Unknown,0,0,Truck,0
DEL22106,Unknown,Unknown,0,0,Truck,0
DEL22107,Unknown,Unknown,0,0,Truck,0
DEL22108,Unknown,Unknown,0,0,Truck,0
DEL22109,Unknown,Unknown,0,0,Truck,0
DEL22110,Unknown,Unknown,0,0,Truck,0
DEL22111,Unknown,Unknown,0,0,Truck,0
DEL22112,Unknown,Unknown,0,0,Truck,0
DEL22113,Unknown,Unknown,0,0,Truck,0
DEL22114,Unknown,Unknown,0,0,Truck,0
DEL22115,Unknown,Unknown,0,0,Truck,0
DEL22116,Unknown,Unknown,0,0,Truck,0
DEL22117,Unknown,Unknown,0,0,Truck,0
DEL22118,Unknown,Unknown,0,0,Truck,0
DEL22119,Unknown,Unknown,0,0,Truck,0
DEL22120,Unknown,Unknown,0,0,Truck,0
DEL22121,Unknown,Unknown,0,0,Truck,0
DEL22122,Unknown,Unknown,0,0,Truck,0
DEL22123,Unknown,Unknown,0,0,Truck,0
DEL22124,Unknown,Unknown,0,0,Truck,0
DEL22125,Unknown,Unknown,0,0,Truck,0
DEL22126,Unknown,Unknown,0,0,Truck,0
DEL22127,Unknown,Unknown,0,0,Truck,0
DEL22128,Unknown,Unknown,0,0,Truck,0
DEL22129,Unknown,Unknown,0,0,Truck,0
DEL22130,Unknown,Unknown,0,0,Truck,0
DEL22131,Unknown,Unknown,0,0,Truck,0
DEL22132,Unknown,Unknown,0,0,Truck,0
DEL22133,Unknown,Unknown,0,0,Truck,0
DEL22134,Unknown,Unknown,0,0,Truck,0
DEL22135,Unknown,Unknown,0,0,Truck,0
DEL22136,Unknown,Unknown,0,0,Truck,0
DEL22137,Unknown,Unknown,0,0,Truck,0
DEL22138,Unknown,Unknown,0,0,Truck,0
DEL22139,Unknown,Unknown,0,0,Truck,0
DEL22140,Unknown,Unknown,0,0,Truck,0
DEL22141,Unknown,Unknown,0,0,Truck,0
DEL22142,Unknown,Unknown,0,0,Truck,0
DEL22143,Unknown,Unknown,0,0,Truck,0
DEL22144,Unknown,Unknown,0,0,Truck,0
DEL22145,Unknown,Unknown,0,0,Truck,0
DEL22146,Unknown,Unknown,0,0,Truck,0
DEL22147,Unknown,Unknown,0,0,Truck,0
DEL22148,Unknown,Unknown,0,0,Truck,0
DEL22149,Unknown,Unknown,0,0,Truck,0
DEL22150,Unknown,Unknown,0,0,Truck,0
DEL22151,Unknown,Unknown,0,0,Truck,0
DEL22152,Unknown,Unknown,0,0,Truck,0
DEL22153,Unknown,Unknown,0,0,Truck,0
DEL22154,Unknown,Unknown,0,0,Truck,0
DEL22155,Unknown,Unknown,0,0,Truck,0
DEL22156,Unknown,Unknown,0,0,Truck,0
DEL22157,Unknown,Unknown,0,0,Truck,0
DEL22158,Unknown,Unknown,0,0,Truck,0
DEL22159,Unknown,Unknown,0,0,Truck,0
DEL22160,Unknown,Unknown,0,0,Truck,0
DEL22161,Unknown,Unknown,0,0,Truck,0
DEL22162,Unknown,Unknown,0,0,Truck,0
DEL22163,Unknown,Unknown,0,0,Truck,0
DEL22164,Unknown,Unknown,0,0,Truck,0
DEL22165,Unknown,Unknown,0,0,Truck,0
DEL22166,Unknown,Unknown,0,0,Truck,0
DEL22167,Unknown,Unknown,0,0,Truck,0
DEL22168,Unknown,Unknown,0,0,Truck,0
DEL22169,Unknown,Unknown,0,0,Truck,0
DEL22170,Unknown,Unknown,0,0,Truck,0
DEL22171,Unknown,Unknown,0,0,Truck,0
DEL22172,Unknown,Unknown,0,0,Truck,0
DEL22173,Unknown,Unknown,0,0,Truck,0
DEL22174,Unknown,Unknown,0,0,Truck,0
DEL22175,Unknown,Unknown,0,0,Truck,0
DEL22176,Unknown,Unknown,0,0,Truck,0
DEL22177,Unknown,Unknown,0,0,Truck,0
DEL22178,Unknown,Unknown,0,0,Truck,0
DEL22179,Unknown,Unknown,0,0,Truck,0
DEL22180,Unknown,Unknown,0,0,Truck,0
DEL22181,Unknown,Unknown,0,0,Truck,0
DEL22182,Unknown,Unknown,0,0,Truck,0
DEL22183,Unknown,Unknown,0,0,Truck,0
DEL22184,Unknown,Unknown,0,0,Truck,0
DEL22185,Unknown,Unknown,0,0,Truck,0
DEL22186,Unknown,Unknown,0,0,Truck,0
DEL22187,Unknown,Unknown,0,0,Truck,0
DEL22188,Unknown,Unknown,0,0,Truck,0
DEL22189,Unknown,Unknown,0,0,Truck,0
DEL22190,Unknown,Unknown,0,0,Truck,0
DEL22191,Unknown,Unknown,0,0,Truck,0
DEL22192,Unknown,Unknown,0,0,Truck,0
DEL22193,Unknown,Unknown,0,0,Truck,0
DEL22194,Unknown,Unknown,0,0,Truck,0
DEL22195,Unknown,Unknown,0,0,Truck,0
DEL22196,Unknown,Unknown,0,0,Truck,0
DEL22197,Unknown,Unknown,0,0,Truck,0
DEL22198,Unknown,Unknown,0,0,Truck,0
DEL22199,Unknown,Unknown,0,0,Truck,0
DEL22200,Unknown,Unknown,0,0,Truck,0
DEL22201,Unknown,Unknown,0,0,Truck,0
DEL22202,Unknown,Unknown,0,0,Truck,0
DEL22203,Unknown,Unknown,0,0,Truck,0
DEL22204,Unknown,Unknown,0,0,Truck,0
DEL22205,Unknown,Unknown,0,0,Truck,0
DEL22206,Unknown,Unknown,0,0,Truck,0
DEL22207,Unknown,Unknown,0,0,Truck,0
DEL22208,Unknown,Unknown,0,0,Truck,0
DEL22209,Unknown,Unknown,0,0,Truck,0
DEL22210,Unknown,Unknown,0,0,Truck,0
DEL22211,Unknown,Unknown,0,0,Truck,0
DEL22212,Unknown,Unknown,0,0,Truck,0
DEL22213,Unknown,Unknown,0,0,Truck,0
DEL22214,Unknown,Unknown,0,0,Truck,0
DEL22215,Unknown,Unknown,0,0,Truck,0
DEL22216,Unknown,Unknown,0,0,Truck,0
DEL22217,Unknown,Unknown,0,0,Truck,0
DEL22218,Unknown,Unknown,0,0,Truck,0
DEL22219,Unknown,Unknown,0,0,Truck,0
DEL22220,Unknown,Unknown,0,0,Truck,0
DEL22221,Unknown,Unknown,0,0,Truck,0
DEL22222,Unknown,Unknown,0,0,Truck,0
DEL22223,Unknown,Unknown,0,0,Truck,0
DEL22224,Unknown,Unknown,0,0,Truck,0
DEL22225,Unknown,Unknown,0,0,Truck,0
DEL22226,Unknown,Unknown,0,0,Truck,0
DEL22227,Unknown,Unknown,0,0,Truck,0
DEL22228,Unknown,Unknown,0,0,Truck,0
DEL22229,Unknown,Unknown,0,0,Truck,0
DEL22230,Unknown,Unknown,0,0,Truck,0
DEL22231,Unknown,Unknown,0,0,Truck,0
DEL22232,Unknown,Unknown,0,0,Truck,0
DEL22233,Unknown,Unknown,0,0,Truck,0
DEL22234,Unknown,Unknown,0,0,Truck,0
DEL22235,Unknown,Unknown,0,0,Truck,0
DEL22236,Unknown,Unknown,0,0,Truck,0
DEL22237,Unknown,Unknown,0,0,Truck,0
DEL22238,Unknown,Unknown,0,0,Truck,0
DEL22239,Unknown,Unknown,0,0,Truck,0
DEL22240,Unknown,Unknown,0,0,Truck,0
DEL22241,Unknown,Unknown,0,0,Truck,0
DEL22242,Unknown,Unknown,0,0,Truck,0
DEL22243,Unknown,Unknown,0,0,Truck,0
DEL22244,Unknown,Unknown,0,0,Truck,0
DEL22245,Unknown,Unknown,0,0,Truck,0
DEL22246,Unknown,Unknown,0,0,Truck,0
DEL22247,Unknown,Unknown,0,0,Truck,0
DEL22248,Unknown,Unknown,0,0,Truck,0
DEL22249,Unknown,Unknown,0,0,Truck,0
DEL22250,Unknown,Unknown,0,0,Truck,0
DEL22251,Unknown,Unknown,0,0,Truck,0
DEL22252,Unknown,Unknown,0,0,Truck,0
DEL22253,Unknown,Unknown,0,0,Truck,0
DEL22254,Unknown,Unknown,0,0,Truck,0
DEL22255,Unknown,Unknown,0,0,Truck,0
DEL22256,Unknown,Unknown,0,0,Truck,0
DEL22257,Unknown,Unknown,0,0,Truck,0
DEL22258,Unknown,Unknown,0,0,Truck,0
DEL22259,Unknown,Unknown,0,0,Truck,0
DEL22260,Unknown,Unknown,0,0,Truck,0
DEL22261,Unknown,Unknown,0,0,Truck,0
DEL22262,Unknown,Unknown,0,0,Truck,0
DEL22263,Unknown,Unknown,0,0,Truck,0
DEL22264,Unknown,Unknown,0,0,Truck,0
DEL22265,Unknown,Unknown,0,0,Truck,0
DEL22266,Unknown,Unknown,0,0,Truck,0
DEL22267,Unknown,Unknown,0,0,Truck,0
DEL22268,Unknown,Unknown,0,0,Truck,0
DEL22269,Unknown,Unknown,0,0,Truck,0
DEL22270,Unknown,Unknown,0,0,Truck,0
DEL22271,Unknown,Unknown,0,0,Truck,0
DEL22272,Unknown,Unknown,0,0,Truck,0
DEL22273,Unknown,Unknown,0,0,Truck,0
DEL22274,Unknown,Unknown,0,0,Truck,0
DEL22275,Unknown,Unknown,0,0,Truck,0
DEL22276,Unknown,Unknown,0,0,Truck,0
DEL22277,Unknown,Unknown,0,0,Truck,0
DEL22278,Unknown,Unknown,0,0,Truck,0
DEL22279,Unknown,Unknown,0,0,Truck,0
DEL22280,Unknown,Unknown,0,0,Truck,0
DEL22281,Unknown,Unknown,0,0,Truck,0
DEL22282,Unknown,Unknown,0,0,Truck,0
DEL22283,Unknown,Unknown,0,0,Truck,0
DEL22284,Unknown,Unknown,0,0,Truck,0
DEL22285,Unknown,Unknown,0,0,Truck,0
DEL22286,Unknown,Unknown,0,0,Truck,0
DEL22287,Unknown,Unknown,0,0,Truck,0
DEL22288,Unknown,Unknown,0,0,Truck,0
DEL22289,Unknown,Unknown,0,0,Truck,0
DEL22290,Unknown,Unknown,0,0,Truck,0
DEL22291,Unknown,Unknown,0,0,Truck,0
DEL22292,Unknown,Unknown,0,0,Truck,0
DEL22293,Unknown,Unknown,0,0,Truck,0
DEL22294,Unknown,Unknown,0,0,Truck,0
DEL22295,Unknown,Unknown,0,0,Truck,0
DEL22296,Unknown,Unknown,0,0,Truck,0
DEL22297,Unknown,Unknown,0,0,Truck,0
DEL22298,Unknown,Unknown,0,0,Truck,0
DEL22299,Unknown,Unknown,0,0,Truck,0
DEL22300,Unknown,Unknown,0,0,Truck,0
DEL22301,Unknown,Unknown,0,0,Truck,0
DEL22302,Unknown,Unknown,0,0,Truck,0
DEL22303,Unknown,Unknown,0,0,Truck,0
DEL22304,Unknown,Unknown,0,0,Truck,0
DEL22305,Unknown,Unknown,0,0,Truck,0
DEL22306,Unknown,Unknown,0,0,Truck,0
DEL22307,Unknown,Unknown,0,0,Truck,0
DEL22308,Unknown,Unknown,0,0,Truck,0
DEL22309,Unknown,Unknown,0,0,Truck,0
DEL22310,Unknown,Unknown,0,0,Truck,0
DEL22311,Unknown,Unknown,0,0,Truck,0
DEL22312,Unknown,Unknown,0,0,Truck,0
DEL22313,Unknown,Unknown,0,0,Truck,0
DEL22314,Unknown,Unknown,0,0,Truck,0
DEL22315,Unknown,Unknown,0,0,Truck,0
DEL22316,Unknown,Unknown,0,0,Truck,0
DEL22317,Unknown,Unknown,0,0,Truck,0
DEL22318,Unknown,Unknown,0,0,Truck,0
DEL22319,Unknown,Unknown,0,0,Truck,0
DEL22320,Unknown,Unknown,0,0,Truck,0
DEL22321,Unknown,Unknown,0,0,Truck,0
DEL22322,Unknown,Unknown,0,0,Truck,0
DEL22323,Unknown,Unknown,0,0,Truck,0
DEL22324,Unknown,Unknown,0,0,Truck,0
DEL22325,Unknown,Unknown,0,0,Truck,0
DEL22326,Unknown,Unknown,0,0,Truck,0
DEL22327,Unknown,Unknown,0,0,Truck,0
DEL22328,Unknown,Unknown,0,0,Truck,0
DEL22329,Unknown,Unknown,0,0,Truck,0
DEL22330,Unknown,Unknown,0,0,Truck,0
DEL22331,Unknown,Unknown,0,0,Truck,0
DEL22332,Unknown,Unknown,0,0,Truck,0
DEL22333,Unknown,Unknown,0,0,Truck,0
DEL22334,Unknown,Unknown,0,0,Truck,0
DEL22335,Unknown,Unknown,0,0,Truck,0
DEL22336,Unknown,Unknown,0,0,Truck,0
DEL22337,Unknown,Unknown,0,0,Truck,0
DEL22338,Unknown,Unknown,0,0,Truck,0
DEL22339,Unknown,Unknown,0,0,Truck,0
DEL22340,Unknown,Unknown,0,0,Truck,0
DEL22341,Unknown,Unknown,0,0,Truck,0
DEL22342,Unknown,Unknown,0,0,Truck,0
DEL22343,Unknown,Unknown,0,0,Truck,0
DEL22344,Unknown,Unknown,0,0,Truck,0
DEL22345,Unknown,Unknown,0,0,Truck,0
DEL22346,Unknown,Unknown,0,0,Truck,0
DEL22347,Unknown,Unknown,0,0,Truck,0
DEL22348,Unknown,Unknown,0,0,Truck,0
DEL22349,Unknown,Unknown,0,0,Truck,0
DEL22350,Unknown,Unknown,0,0,Truck,0
DEL22351,Unknown,Unknown,0,0,Truck,0
DEL22352,Unknown,Unknown,0,0,Truck,0
DEL22353,Unknown,Unknown,0,0,Truck,0
DEL22354,Unknown,Unknown,0,0,Truck,0
DEL22355,Unknown,Unknown,0,0,Truck,0
DEL22356,Unknown,Unknown,0,0,Truck,0
DEL22357,Unknown,Unknown,0,0,Truck,0
DEL22358,Unknown,Unknown,0,0,Truck,0
DEL22359,Unknown,Unknown,0,0,Truck,0
DEL22360,Unknown,Unknown,0,0,Truck,0
DEL22361,Unknown,Unknown,0,0,Truck,0
DEL22362,Unknown,Unknown,0,0,Truck,0
DEL22363,Unknown,Unknown,0,0,Truck,0
DEL22364,Unknown,Unknown,0,0,Truck,0
DEL22365,Unknown,Unknown,0,0,Truck,0
DEL22366,Unknown,Unknown,0,0,Truck,0
DEL22367,Unknown,Unknown,0,0,Truck,0
DEL22368,Unknown,Unknown,0,0,Truck,0
DEL22369,Unknown,Unknown,0,0,Truck,0
DEL22370,Unknown,Unknown,0,0,Truck,0
DEL22371,Unknown,Unknown,0,0,Truck,0
DEL22372,Unknown,Unknown,0,0,Truck,0
DEL22373,Unknown,Unknown,0,0,Truck,0
DEL22374,Unknown,Unknown,0,0,Truck,0
DEL22375,Unknown,Unknown,0,0,Truck,0
DEL22376,Unknown,Unknown,0,0,Truck,0
DEL22377,Unknown,Unknown,0,0,Truck,0
DEL22378,Unknown,Unknown,0,0,Truck,0
DEL22379,Unknown,Unknown,0,0,Truck,0
DEL22380,Unknown,Unknown,0,0,Truck,0
DEL22381,Unknown,Unknown,0,0,Truck,0
DEL22382,Unknown,Unknown,0,0,Truck,0
DEL22383,Unknown,Unknown,0,0,Truck,0
DEL22384,Unknown,Unknown,0,0,Truck,0
DEL22385,Unknown,Unknown,0,0,Truck,0
DEL22386,Unknown,Unknown,0,0,Truck,0
DEL22387,Unknown,Unknown,0,0,Truck,0
DEL22388,Unknown,Unknown,0,0,Truck,0
DEL22389,Unknown,Unknown,0,0,Truck,0
DEL22390,Unknown,Unknown,0,0,Truck,0
DEL22391,Unknown,Unknown,0,0,Truck,0
DEL22392,Unknown,Unknown,0,0,Truck,0
DEL22393,Unknown,Unknown,0,0,Truck,0
DEL22394,Unknown,Unknown,0,0,Truck,0
DEL22395,Unknown,Unknown,0,0,Truck,0
DEL22396,Unknown,Unknown,0,0,Truck,0
DEL22397,Unknown,Unknown,0,0,Truck,0
DEL22398,Unknown,Unknown,0,0,Truck,0
DEL22399,Unknown,Unknown,0,0,Truck,0
DEL22400,Unknown,Unknown,0,0,Truck,0
DEL22401,Unknown,Unknown,0,0,Truck,0
DEL22402,Unknown,Unknown,0,0,Truck,0
DEL22403,Unknown,Unknown,0,0,Truck,0
DEL22404,Unknown,Unknown,0,0,Truck,0
DEL22405,Unknown,Unknown,0,0,Truck,0
DEL22406,Unknown,Unknown,0,0,Truck,0
DEL22407,Unknown,Unknown,0,0,Truck,0
DEL22408,Unknown,Unknown,0,0,Truck,0
DEL22409,Unknown,Unknown,0,0,Truck,0
DEL22410,Unknown,Unknown,0,0,Truck,0
DEL22411,Unknown,Unknown,0,0,Truck,0
DEL22412,Unknown,Unknown,0,0,Truck,0
DEL22413,Unknown,Unknown,0,0,Truck,0
DEL22414,Unknown,Unknown,0,0,Truck,0
DEL22415,Unknown,Unknown,0,0,Truck,0
DEL22416,Unknown,Unknown,0,0,Truck,0
DEL22417,Unknown,Unknown,0,0,Truck,0
DEL22418,Unknown,Unknown,0,0,Truck,0
DEL22419,Unknown,Unknown,0,0,Truck,0
DEL22420,Unknown,Unknown,0,0,Truck,0
DEL22421,Unknown,Unknown,0,0,Truck,0
DEL22422,Unknown,Unknown,0,0,Truck,0
DEL22423,Unknown,Unknown,0,0,Truck,0
DEL22424,Unknown,Unknown,0,0,Truck,0
DEL22425,Unknown,Unknown,0,0,Truck,0
DEL22426,Unknown,Unknown,0,0,Truck,0
DEL22427,Unknown,Unknown,0,0,Truck,0
DEL22428,Unknown,Unknown,0,0,Truck,0
DEL22429,Unknown,Unknown,0,0,Truck,0
DEL22430,Unknown,Unknown,0,0,Truck,0
DEL22431,Unknown,Unknown,0,0,Truck,0
DEL22432,Unknown,Unknown,0,0,Truck,0
DEL22433,Unknown,Unknown,0,0,Truck,0
DEL22434,Unknown,Unknown,0,0,Truck,0
DEL22435,Unknown,Unknown,0,0,Truck,0
DEL22436,Unknown,Unknown,0,0,Truck,0
DEL22437,Unknown,Unknown,0,0,Truck,0
DEL22438,Unknown,Unknown,0,0,Truck,0
DEL22439,Unknown,Unknown,0,0,Truck,0
DEL22440,Unknown,Unknown,0,0,Truck,0
DEL22441,Unknown,Unknown,0,0,Truck,0
DEL22442,Unknown,Unknown,0,0,Truck,0
DEL22443,Unknown,Unknown,0,0,Truck,0
DEL22444,Unknown,Unknown,0,0,Truck,0
DEL22445,Unknown,Unknown,0,0,Truck,0
DEL22446,Unknown,Unknown,0,0,Truck,0
DEL22447,Unknown,Unknown,0,0,Truck,0
DEL22448,Unknown,Unknown,0,0,Truck,0
DEL22449,Unknown,Unknown,0,0,Truck,0
DEL22450,Unknown,Unknown,0,0,Truck,0
DEL22451,Unknown,Unknown,0,0,Truck,0
DEL22452,Unknown,Unknown,0,0,Truck,0
DEL22453,Unknown,Unknown,0,0,Truck,0
DEL22454,Unknown,Unknown,0,0,Truck,0
DEL22455,Unknown,Unknown,0,0,Truck,0
DEL22456,Unknown,Unknown,0,0,Truck,0
DEL22457,Unknown,Unknown,0,0,Truck,0
DEL22458,Unknown,Unknown,0,0,Truck,0
DEL22459,Unknown,Unknown,0,0,Truck,0
DEL22460,Unknown,Unknown,0,0,Truck,0
DEL22461,Unknown,Unknown,0,0,Truck,0
DEL22462,Unknown,Unknown,0,0,Truck,0
DEL22463,Unknown,Unknown,0,0,Truck,0
DEL22464,Unknown,Unknown,0,0,Truck,0
DEL22465,Unknown,Unknown,0,0,Truck,0
DEL22466,Unknown,Unknown,0,0,Truck,0
DEL22467,Unknown,Unknown,0,0,Truck,0
DEL22468,Unknown,Unknown,0,0,Truck,0
DEL22469,Unknown,Unknown,0,0,Truck,0
DEL22470,Unknown,Unknown,0,0,Truck,0
DEL22471,Unknown,Unknown,0,0,Truck,0
DEL22472,Unknown,Unknown,0,0,Truck,0
DEL22473,Unknown,Unknown,0,0,Truck,0
DEL22474,Unknown,Unknown,0,0,Truck,0
DEL22475,Unknown,Unknown,0,0,Truck,0
DEL22476,Unknown,Unknown,0,0,Truck,0
DEL22477,Unknown,Unknown,0,0,Truck,0
DEL22478,Unknown,Unknown,0,0,Truck,0
DEL22479,Unknown,Unknown,0,0,Truck,0
DEL22480,Unknown,Unknown,0,0,Truck,0
DEL22481,Unknown,Unknown,0,0,Truck,0
DEL22482,Unknown,Unknown,0,0,Truck,0
DEL22483,Unknown,Unknown,0,0,Truck,0
DEL22484,Unknown,Unknown,0,0,Truck,0
DEL22485,Unknown,Unknown,0,0,Truck,0
DEL22486,Unknown,Unknown,0,0,Truck,0
DEL22487,Unknown,Unknown,0,0,Truck,0
DEL22488,Unknown,Unknown,0,0,Truck,0
DEL22489,Unknown,Unknown,0,0,Truck,0
DEL22490,Unknown,Unknown,0,0,Truck,0
DEL22491,Unknown,Unknown,0,0,Truck,0
DEL22492,Unknown,Unknown,0,0,Truck,0
DEL22493,Unknown,Unknown,0,0,Truck,0
DEL22494,Unknown,Unknown,0,0,Truck,0
DEL22495,Unknown,Unknown,0,0,Truck,0
DEL22496,Unknown,Unknown,0,0,Truck,0
DEL22497,Unknown,Unknown,0,0,Truck,0
DEL22498,Unknown,Unknown,0,0,Truck,0
DEL22499,Unknown,Unknown,0,0,Truck,0
DEL22500,Unknown,Unknown,0,0,Truck,0
DEL22501,Unknown,Unknown,0,0,Truck,0
DEL22502,Unknown,Unknown,0,0,Truck,0
DEL22503,Unknown,Unknown,0,0,Truck,0
DEL22504,Unknown,Unknown,0,0,Truck,0
DEL22505,Unknown,Unknown,0,0,Truck,0
DEL22506,Unknown,Unknown,0,0,Truck,0
DEL22507,Unknown,Unknown,0,0,Truck,0
DEL22508,Unknown,Unknown,0,0,Truck,0
DEL22509,Unknown,Unknown,0,0,Truck,0
DEL22510,Unknown,Unknown,0,0,Truck,0
DEL22511,Unknown,Unknown,0,0,Truck,0
DEL22512,Unknown,Unknown,0,0,Truck,0
DEL22513,Unknown,Unknown,0,0,Truck,0
DEL22514,Unknown,Unknown,0,0,Truck,0
DEL22515,Unknown,Unknown,0,0,Truck,0
DEL22516,Unknown,Unknown,0,0,Truck,0
DEL22517,Unknown,Unknown,0,0,Truck,0
DEL22518,Unknown,Unknown,0,0,Truck,0
DEL22519,Unknown,Unknown,0,0,Truck,0
DEL22520,Unknown,Unknown,0,0,Truck,0
DEL22521,Unknown,Unknown,0,0,Truck,0
DEL22522,Unknown,Unknown,0,0,Truck,0
DEL22523,Unknown,Unknown,0,0,Truck,0
DEL22524,Unknown,Unknown,0,0,Truck,0
DEL22525,Unknown,Unknown,0,0,Truck,0
DEL22526,Unknown,Unknown,0,0,Truck,0
DEL22527,Unknown,Unknown,0,0,Truck,0
DEL22528,Unknown,Unknown,0,0,Truck,0
DEL22529,Unknown,Unknown,0,0,Truck,0
DEL22530,Unknown,Unknown,0,0,Truck,0
DEL22531,Unknown,Unknown,0,0,Truck,0
DEL22532,Unknown,Unknown,0,0,Truck,0
DEL22533,Unknown,Unknown,0,0,Truck,0
DEL22534,Unknown,Unknown,0,0,Truck,0
DEL22535,Unknown,Unknown,0,0,Truck,0
DEL22536,Unknown,Unknown,0,0,Truck,0
DEL22537,Unknown,Unknown,0,0,Truck,0
DEL22538,Unknown,Unknown,0,0,Truck,0
DEL22539,Unknown,Unknown,0,0,Truck,0
DEL22540,Unknown,Unknown,0,0,Truck,0
DEL22541,Unknown,Unknown,0,0,Truck,0
DEL22542,Unknown,Unknown,0,0,Truck,0
DEL22543,Unknown,Unknown,0,0,Truck,0
DEL22544,Unknown,Unknown,0,0,Truck,0
DEL22545,Unknown,Unknown,0,0,Truck,0
DEL22546,Unknown,Unknown,0,0,Truck,0
DEL22547,Unknown,Unknown,0,0,Truck,0
DEL22548,Unknown,Unknown,0,0,Truck,0
DEL22549,Unknown,Unknown,0,0,Truck,0
DEL22550,Unknown,Unknown,0,0,Truck,0
DEL22551,Unknown,Unknown,0,0,Truck,0
DEL22552,Unknown,Unknown,0,0,Truck,0
DEL22553,Unknown,Unknown,0,0,Truck,0
DEL22554,Unknown,Unknown,0,0,Truck,0
DEL22555,Unknown,Unknown,0,0,Truck,0
DEL22556,Unknown,Unknown,0,0,Truck,0
DEL22557,Unknown,Unknown,0,0,Truck,0
DEL22558,Unknown,Unknown,0,0,Truck,0
DEL22559,Unknown,Unknown,0,0,Truck,0
DEL22560,Unknown,Unknown,0,0,Truck,0
DEL22561,Unknown,Unknown,0,0,Truck,0
DEL22562,Unknown,Unknown,0,0,Truck,0
DEL22563,Unknown,Unknown,0,0,Truck,0
DEL22564,Unknown,Unknown,0,0,Truck,0
DEL22565,Unknown,Unknown,0,0,Truck,0
DEL22566,Unknown,Unknown,0,0,Truck,0
DEL22567,Unknown,Unknown,0,0,Truck,0
DEL22568,Unknown,Unknown,0,0,Truck,0
DEL22569,Unknown,Unknown,0,0,Truck,0
DEL22570,Unknown,Unknown,0,0,Truck,0
DEL22571,Unknown,Unknown,0,0,Truck,0
DEL22572,Unknown,Unknown,0,0,Truck,0
DEL22573,Unknown,Unknown,0,0,Truck,0
DEL22574,Unknown,Unknown,0,0,Truck,0
DEL22575,Unknown,Unknown,0,0,Truck,0
DEL22576,Unknown,Unknown,0,0,Truck,0
DEL22577,Unknown,Unknown,0,0,Truck,0
DEL22578,Unknown,Unknown,0,0,Truck,0
DEL22579,Unknown,Unknown,0,0,Truck,0
DEL22580,Unknown,Unknown,0,0,Truck,0
DEL22581,Unknown,Unknown,0,0,Truck,0
DEL22582,Unknown,Unknown,0,0,Truck,0
DEL22583,Unknown,Unknown,0,0,Truck,0
DEL22584,Unknown,Unknown,0,0,Truck,0
DEL22585,Unknown,Unknown,0,0,Truck,0
DEL22586,Unknown,Unknown,0,0,Truck,0
DEL22587,Unknown,Unknown,0,0,Truck,0
DEL22588,Unknown,Unknown,0,0,Truck,0
DEL22589,Unknown,Unknown,0,0,Truck,0
DEL22590,Unknown,Unknown,0,0,Truck,0
DEL22591,Unknown,Unknown,0,0,Truck,0
DEL22592,Unknown,Unknown,0,0,Truck,0
DEL22593,Unknown,Unknown,0,0,Truck,0
DEL22594,Unknown,Unknown,0,0,Truck,0
DEL22595,Unknown,Unknown,0,0,Truck,0
DEL22596,Unknown,Unknown,0,0,Truck,0
DEL22597,Unknown,Unknown,0,0,Truck,0
DEL22598,Unknown,Unknown,0,0,Truck,0
DEL22599,Unknown,Unknown,0,0,Truck,0
DEL22600,Unknown,Unknown,0,0,Truck,0
DEL22601,Unknown,Unknown,0,0,Truck,0
DEL22602,Unknown,Unknown,0,0,Truck,0
DEL22603,Unknown,Unknown,0,0,Truck,0
DEL22604,Unknown,Unknown,0,0,Truck,0
DEL22605,Unknown,Unknown,0,0,Truck,0
DEL22606,Unknown,Unknown,0,0,Truck,0
DEL22607,Unknown,Unknown,0,0,Truck,0
DEL22608,Unknown,Unknown,0,0,Truck,0
DEL22609,Unknown,Unknown,0,0,Truck,0
DEL22610,Unknown,Unknown,0,0,Truck,0
DEL22611,Unknown,Unknown,0,0,Truck,0
DEL22612,Unknown,Unknown,0,0,Truck,0
DEL22613,Unknown,Unknown,0,0,Truck,0
DEL22614,Unknown,Unknown,0,0,Truck,0
DEL22615,Unknown,Unknown,0,0,Truck,0
DEL22616,Unknown,Unknown,0,0,Truck,0
DEL22617,Unknown,Unknown,0,0,Truck,0
DEL22618,Unknown,Unknown,0,0,Truck,0
DEL22619,Unknown,Unknown,0,0,Truck,0
DEL22620,Unknown,Unknown,0,0,Truck,0
DEL22621,Unknown,Unknown,0,0,Truck,0
DEL22622,Unknown,Unknown,0,0,Truck,0
DEL22623,Unknown,Unknown,0,0,Truck,0
DEL22624,Unknown,Unknown,0,0,Truck,0
DEL22625,Unknown,Unknown,0,0,Truck,0
DEL22626,Unknown,Unknown,0,0,Truck,0
DEL22627,Unknown,Unknown,0,0,Truck,0
DEL22628,Unknown,Unknown,0,0,Truck,0
DEL22629,Unknown,Unknown,0,0,Truck,0
DEL22630,Unknown,Unknown,0,0,Truck,0
DEL22631,Unknown,Unknown,0,0,Truck,0
DEL22632,Unknown,Unknown,0,0,Truck,0
DEL22633,Unknown,Unknown,0,0,Truck,0
DEL22634,Unknown,Unknown,0,0,Truck,0
DEL22635,Unknown,Unknown,0,0,Truck,0
DEL22636,Unknown,Unknown,0,0,Truck,0
DEL22637,Unknown,Unknown,0,0,Truck,0
DEL22638,Unknown,Unknown,0,0,Truck,0
DEL22639,Unknown,Unknown,0,0,Truck,0
DEL22640,Unknown,Unknown,0,0,Truck,0
DEL22641,Unknown,Unknown,0,0,Truck,0
DEL22642,Unknown,Unknown,0,0,Truck,0
DEL22643,Unknown,Unknown,0,0,Truck,0
DEL22644,Unknown,Unknown,0,0,Truck,0
DEL22645,Unknown,Unknown,0,0,Truck,0
DEL22646,Unknown,Unknown,0,0,Truck,0
DEL22647,Unknown,Unknown,0,0,Truck,0
DEL22648,Unknown,Unknown,0,0,Truck,0
DEL22649,Unknown,Unknown,0,0,Truck,0
DEL22650,Unknown,Unknown,0,0,Truck,0
DEL22651,Unknown,Unknown,0,0,Truck,0
DEL22652,Unknown,Unknown,0,0,Truck,0
DEL22653,Unknown,Unknown,0,0,Truck,0
DEL22654,Unknown,Unknown,0,0,Truck,0
DEL22655,Unknown,Unknown,0,0,Truck,0
DEL22656,Unknown,Unknown,0,0,Truck,0
DEL22657,Unknown,Unknown,0,0,Truck,0
DEL22658,Unknown,Unknown,0,0,Truck,0
DEL22659,Unknown,Unknown,0,0,Truck,0
DEL22660,Unknown,Unknown,0,0,Truck,0
DEL22661,Unknown,Unknown,0,0,Truck,0
DEL22662,Unknown,Unknown,0,0,Truck,0
DEL22663,Unknown,Unknown,0,0,Truck,0
DEL22664,Unknown,Unknown,0,0,Truck,0
DEL22665,Unknown,Unknown,0,0,Truck,0
DEL22666,Unknown,Unknown,0,0,Truck,0
DEL22667,Unknown,Unknown,0,0,Truck,0
DEL22668,Unknown,Unknown,0,0,Truck,0
DEL22669,Unknown,Unknown,0,0,Truck,0
DEL22670,Unknown,Unknown,0,0,Truck,0
DEL22671,Unknown,Unknown,0,0,Truck,0
DEL22672,Unknown,Unknown,0,0,Truck,0
DEL22673,Unknown,Unknown,0,0,Truck,0
DEL22674,Unknown,Unknown,0,0,Truck,0
DEL22675,Unknown,Unknown,0,0,Truck,0
DEL22676,Unknown,Unknown,0,0,Truck,0
DEL22677,Unknown,Unknown,0,0,Truck,0
DEL22678,Unknown,Unknown,0,0,Truck,0
DEL22679,Unknown,Unknown,0,0,Truck,0
DEL22680,Unknown,Unknown,0,0,Truck,0
DEL22681,Unknown,Unknown,0,0,Truck,0
DEL22682,Unknown,Unknown,0,0,Truck,0
DEL22683,Unknown,Unknown,0,0,Truck,0
DEL22684,Unknown,Unknown,0,0,Truck,0
DEL22685,Unknown,Unknown,0,0,Truck,0
DEL22686,Unknown,Unknown,0,0,Truck,0
DEL22687,Unknown,Unknown,0,0,Truck,0
DEL22688,Unknown,Unknown,0,0,Truck,0
DEL22689,Unknown,Unknown,0,0,Truck,0
DEL22690,Unknown,Unknown,0,0,Truck,0
DEL22691,Unknown,Unknown,0,0,Truck,0
DEL22692,Unknown,Unknown,0,0,Truck,0
DEL22693,Unknown,Unknown,0,0,Truck,0
DEL22694,Unknown,Unknown,0,0,Truck,0
DEL22695,Unknown,Unknown,0,0,Truck,0
DEL22696,Unknown,Unknown,0,0,Truck,0
DEL22697,Unknown,Unknown,0,0,Truck,0
DEL22698,Unknown,Unknown,0,0,Truck,0
DEL22699,Unknown,Unknown,0,0,Truck,0
DEL22700,Unknown,Unknown,0,0,Truck,0
DEL22701,Unknown,Unknown,0,0,Truck,0
DEL22702,Unknown,Unknown,0,0,Truck,0
DEL22703,Unknown,Unknown,0,0,Truck,0
DEL22704,Unknown,Unknown,0,0,Truck,0
DEL22705,Unknown,Unknown,0,0,Truck,0
DEL22706,Unknown,Unknown,0,0,Truck,0
DEL22707,Unknown,Unknown,0,0,Truck,0
DEL22708,Unknown,Unknown,0,0,Truck,0
DEL22709,Unknown,Unknown,0,0,Truck,0
DEL22710,Unknown,Unknown,0,0,Truck,0
DEL22711,Unknown,Unknown,0,0,Truck,0
DEL22712,Unknown,Unknown,0,0,Truck,0
DEL22713,Unknown,Unknown,0,0,Truck,0
DEL22714,Unknown,Unknown,0,0,Truck,0
DEL22715,Unknown,Unknown,0,0,Truck,0
DEL22716,Unknown,Unknown,0,0,Truck,0
DEL22717,Unknown,Unknown,0,0,Truck,0
DEL22718,Unknown,Unknown,0,0,Truck,0
DEL22719,Unknown,Unknown,0,0,Truck,0
DEL22720,Unknown,Unknown,0,0,Truck,0
DEL22721,Unknown,Unknown,0,0,Truck,0
DEL22722,Unknown,Unknown,0,0,Truck,0
DEL22723,Unknown,Unknown,0,0,Truck,0
DEL22724,Unknown,Unknown,0,0,Truck,0
DEL22725,Unknown,Unknown,0,0,Truck,0
DEL22726,Unknown,Unknown,0,0,Truck,0
DEL22727,Unknown,Unknown,0,0,Truck,0
DEL22728,Unknown,Unknown,0,0,Truck,0
DEL22729,Unknown,Unknown,0,0,Truck,0
DEL22730,Unknown,Unknown,0,0,Truck,0
DEL22731,Unknown,Unknown,0,0,Truck,0
DEL22732,Unknown,Unknown,0,0,Truck,0
DEL22733,Unknown,Unknown,0,0,Truck,0
DEL22734,Unknown,Unknown,0,0,Truck,0
DEL22735,Unknown,Unknown,0,0,Truck,0
DEL22736,Unknown,Unknown,0,0,Truck,0
DEL22737,Unknown,Unknown,0,0,Truck,0
DEL22738,Unknown,Unknown,0,0,Truck,0
DEL22739,Unknown,Unknown,0,0,Truck,0
DEL22740,Unknown,Unknown,0,0,Truck,0
DEL22741,Unknown,Unknown,0,0,Truck,0
DEL22742,Unknown,Unknown,0,0,Truck,0
DEL22743,Unknown,Unknown,0,0,Truck,0
DEL22744,Unknown,Unknown,0,0,Truck,0
DEL22745,Unknown,Unknown,0,0,Truck,0
DEL22746,Unknown,Unknown,0,0,Truck,0
DEL22747,Unknown,Unknown,0,0,Truck,0
DEL22748,Unknown,Unknown,0,0,Truck,0
DEL22749,Unknown,Unknown,0,0,Truck,0
DEL22750,Unknown,Unknown,0,0,Truck,0
DEL22751,Unknown,Unknown,0,0,Truck,0
DEL22752,Unknown,Unknown,0,0,Truck,0
DEL22753,Unknown,Unknown,0,0,Truck,0
DEL22754,Unknown,Unknown,0,0,Truck,0
DEL22755,Unknown,Unknown,0,0,Truck,0
DEL22756,Unknown,Unknown,0,0,Truck,0
DEL22757,Unknown,Unknown,0,0,Truck,0
DEL22758,Unknown,Unknown,0,0,Truck,0
DEL22759,Unknown,Unknown,0,0,Truck,0
DEL22760,Unknown,Unknown,0,0,Truck,0
DEL22761,Unknown,Unknown,0,0,Truck,0
DEL22762,Unknown,Unknown,0,0,Truck,0
DEL22763,Unknown,Unknown,0,0,Truck,0
DEL22764,Unknown,Unknown,0,0,Truck,0
DEL22765,Unknown,Unknown,0,0,Truck,0
DEL22766,Unknown,Unknown,0,0,Truck,0
DEL22767,Unknown,Unknown,0,0,Truck,0
DEL22768,Unknown,Unknown,0,0,Truck,0
DEL22769,Unknown,Unknown,0,0,Truck,0
DEL22770,Unknown,Unknown,0,0,Truck,0
DEL22771,Unknown,Unknown,0,0,Truck,0
DEL22772,Unknown,Unknown,0,0,Truck,0
DEL22773,Unknown,Unknown,0,0,Truck,0
DEL22774,Unknown,Unknown,0,0,Truck,0
DEL22775,Unknown,Unknown,0,0,Truck,0
DEL22776,Unknown,Unknown,0,0,Truck,0
DEL22777,Unknown,Unknown,0,0,Truck,0
DEL22778,Unknown,Unknown,0,0,Truck,0
DEL22779,Unknown,Unknown,0,0,Truck,0
DEL22780,Unknown,Unknown,0,0,Truck,0
DEL22781,Unknown,Unknown,0,0,Truck,0
DEL22782,Unknown,Unknown,0,0,Truck,0
DEL22783,Unknown,Unknown,0,0,Truck,0
DEL22784,Unknown,Unknown,0,0,Truck,0
DEL22785,Unknown,Unknown,0,0,Truck,0
DEL22786,Unknown,Unknown,0,0,Truck,0
DEL22787,Unknown,Unknown,0,0,Truck,0
DEL22788,Unknown,Unknown,0,0,Truck,0
DEL22789,Unknown,Unknown,0,0,Truck,0
DEL22790,Unknown,Unknown,0,0,Truck,0
DEL22791,Unknown,Unknown,0,0,Truck,0
DEL22792,Unknown,Unknown,0,0,Truck,0
DEL22793,Unknown,Unknown,0,0,Truck,0
DEL22794,Unknown,Unknown,0,0,Truck,0
DEL22795,Unknown,Unknown,0,0,Truck,0
DEL22796,Unknown,Unknown,0,0,Truck,0
DEL22797,Unknown,Unknown,0,0,Truck,0
DEL22798,Unknown,Unknown,0,0,Truck,0
DEL22799,Unknown,Unknown,0,0,Truck,0
DEL22800,Unknown,Unknown,0,0,Truck,0
DEL22801,Unknown,Unknown,0,0,Truck,0
DEL22802,Unknown,Unknown,0,0,Truck,0
DEL22803,Unknown,Unknown,0,0,Truck,0
DEL22804,Unknown,Unknown,0,0,Truck,0
DEL22805,Unknown,Unknown,0,0,Truck,0
DEL22806,Unknown,Unknown,0,0,Truck,0
DEL22807,Unknown,Unknown,0,0,Truck,0
DEL22808,Unknown,Unknown,0,0,Truck,0
DEL22809,Unknown,Unknown,0,0,Truck,0
DEL22810,Unknown,Unknown,0,0,Truck,0
DEL22811,Unknown,Unknown,0,0,Truck,0
DEL22812,Unknown,Unknown,0,0,Truck,0
DEL22813,Unknown,Unknown,0,0,Truck,0
DEL22814,Unknown,Unknown,0,0,Truck,0
DEL22815,Unknown,Unknown,0,0,Truck,0
DEL22816,Unknown,Unknown,0,0,Truck,0
DEL22817,Unknown,Unknown,0,0,Truck,0
DEL22818,Unknown,Unknown,0,0,Truck,0
DEL22819,Unknown,Unknown,0,0,Truck,0
DEL22820,Unknown,Unknown,0,0,Truck,0
DEL22821,Unknown,Unknown,0,0,Truck,0
DEL22822,Unknown,Unknown,0,0,Truck,0
DEL22823,Unknown,Unknown,0,0,Truck,0
DEL22824,Unknown,Unknown,0,0,Truck,0
DEL22825,Unknown,Unknown,0,0,Truck,0
DEL22826,Unknown,Unknown,0,0,Truck,0
DEL22827,Unknown,Unknown,0,0,Truck,0
DEL22828,Unknown,Unknown,0,0,Truck,0
DEL22829,Unknown,Unknown,0,0,Truck,0
DEL22830,Unknown,Unknown,0,0,Truck,0
DEL22831,Unknown,Unknown,0,0,Truck,0
DEL22832,Unknown,Unknown,0,0,Truck,0
DEL22833,Unknown,Unknown,0,0,Truck,0
DEL22834,Unknown,Unknown,0,0,Truck,0
DEL22835,Unknown,Unknown,0,0,Truck,0
DEL22836,Unknown,Unknown,0,0,Truck,0
DEL22837,Unknown,Unknown,0,0,Truck,0
DEL22838,Unknown,Unknown,0,0,Truck,0
DEL22839,Unknown,Unknown,0,0,Truck,0
DEL22840,Unknown,Unknown,0,0,Truck,0
DEL22841,Unknown,Unknown,0,0,Truck,0
DEL22842,Unknown,Unknown,0,0,Truck,0
DEL22843,Unknown,Unknown,0,0,Truck,0
DEL22844,Unknown,Unknown,0,0,Truck,0
DEL22845,Unknown,Unknown,0,0,Truck,0
DEL22846,Unknown,Unknown,0,0,Truck,0
DEL22847,Unknown,Unknown,0,0,Truck,0
DEL22848,Unknown,Unknown,0,0,Truck,0
DEL22849,Unknown,Unknown,0,0,Truck,0
DEL22850,Unknown,Unknown,0,0,Truck,0
DEL22851,Unknown,Unknown,0,0,Truck,0
DEL22852,Unknown,Unknown,0,0,Truck,0
DEL22853,Unknown,Unknown,0,0,Truck,0
DEL22854,Unknown,Unknown,0,0,Truck,0
DEL22855,Unknown,Unknown,0,0,Truck,0
DEL22856,Unknown,Unknown,0,0,Truck,0
DEL22857,Unknown,Unknown,0,0,Truck,0
DEL22858,Unknown,Unknown,0,0,Truck,0
DEL22859,Unknown,Unknown,0,0,Truck,0
DEL22860,Unknown,Unknown,0,0,Truck,0
DEL22861,Unknown,Unknown,0,0,Truck,0
DEL22862,Unknown,Unknown,0,0,Truck,0
DEL22863,Unknown,Unknown,0,0,Truck,0
DEL22864,Unknown,Unknown,0,0,Truck,0
DEL22865,Unknown,Unknown,0,0,Truck,0
DEL22866,Unknown,Unknown,0,0,Truck,0
DEL22867,Unknown,Unknown,0,0,Truck,0
DEL22868,Unknown,Unknown,0,0,Truck,0
DEL22869,Unknown,Unknown,0,0,Truck,0
DEL22870,Unknown,Unknown,0,0,Truck,0
DEL22871,Unknown,Unknown,0,0,Truck,0
DEL22872,Unknown,Unknown,0,0,Truck,0
DEL22873,Unknown,Unknown,0,0,Truck,0
DEL22874,Unknown,Unknown,0,0,Truck,0
DEL22875,Unknown,Unknown,0,0,Truck,0
DEL22876,Unknown,Unknown,0,0,Truck,0
DEL22877,Unknown,Unknown,0,0,Truck,0
DEL22878,Unknown,Unknown,0,0,Truck,0
DEL22879,Unknown,Unknown,0,0,Truck,0
DEL22880,Unknown,Unknown,0,0,Truck,0
DEL22881,Unknown,Unknown,0,0,Truck,0
DEL22882,Unknown,Unknown,0,0,Truck,0
DEL22883,Unknown,Unknown,0,0,Truck,0
DEL22884,Unknown,Unknown,0,0,Truck,0
DEL22885,Unknown,Unknown,0,0,Truck,0
DEL22886,Unknown,Unknown,0,0,Truck,0
DEL22887,Unknown,Unknown,0,0,Truck,0
DEL22888,Unknown,Unknown,0,0,Truck,0
DEL22889,Unknown,Unknown,0,0,Truck,0
DEL22890,Unknown,Unknown,0,0,Truck,0
DEL22891,Unknown,Unknown,0,0,Truck,0
DEL22892,Unknown,Unknown,0,0,Truck,0
DEL22893,Unknown,Unknown,0,0,Truck,0
DEL22894,Unknown,Unknown,0,0,Truck,0
DEL22895,Unknown,Unknown,0,0,Truck,0
DEL22896,Unknown,Unknown,0,0,Truck,0
DEL22897,Unknown,Unknown,0,0,Truck,0
DEL22898,Unknown,Unknown,0,0,Truck,0
DEL22899,Unknown,Unknown,0,0,Truck,0
DEL22900,Unknown,Unknown,0,0,Truck,0
DEL22901,Unknown,Unknown,0,0,Truck,0
DEL22902,Unknown,Unknown,0,0,Truck,0
DEL22903,Unknown,Unknown,0,0,Truck,0
DEL22904,Unknown,Unknown,0,0,Truck,0
DEL22905,Unknown,Unknown,0,0,Truck,0
DEL22906,Unknown,Unknown,0,0,Truck,0
DEL22907,Unknown,Unknown,0,0,Truck,0
DEL22908,Unknown,Unknown,0,0,Truck,0
DEL22909,Unknown,Unknown,0,0,Truck,0
DEL22910,Unknown,Unknown,0,0,Truck,0
DEL22911,Unknown,Unknown,0,0,Truck,0
DEL22912,Unknown,Unknown,0,0,Truck,0
DEL22913,Unknown,Unknown,0,0,Truck,0
DEL22914,Unknown,Unknown,0,0,Truck,0
DEL22915,Unknown,Unknown,0,0,Truck,0
DEL22916,Unknown,Unknown,0,0,Truck,0
DEL22917,Unknown,Unknown,0,0,Truck,0
DEL22918,Unknown,Unknown,0,0,Truck,0
DEL22919,Unknown,Unknown,0,0,Truck,0
DEL22920,Unknown,Unknown,0,0,Truck,0
DEL22921,Unknown,Unknown,0,0,Truck,0
DEL22922,Unknown,Unknown,0,0,Truck,0
DEL22923,Unknown,Unknown,0,0,Truck,0
DEL22924,Unknown,Unknown,0,0,Truck,0
DEL22925,Unknown,Unknown,0,0,Truck,0
DEL22926,Unknown,Unknown,0,0,Truck,0
DEL22927,Unknown,Unknown,0,0,Truck,0
DEL22928,Unknown,Unknown,0,0,Truck,0
DEL22929,Unknown,Unknown,0,0,Truck,0
DEL22930,Unknown,Unknown,0,0,Truck,0
DEL22931,Unknown,Unknown,0,0,Truck,0
DEL22932,Unknown,Unknown,0,0,Truck,0
DEL22933,Unknown,Unknown,0,0,Truck,0
DEL22934,Unknown,Unknown,0,0,Truck,0
DEL22935,Unknown,Unknown,0,0,Truck,0
DEL22936,Unknown,Unknown,0,0,Truck,0
DEL22937,Unknown,Unknown,0,0,Truck,0
DEL22938,Unknown,Unknown,0,0,Truck,0
DEL22939,Unknown,Unknown,0,0,Truck,0
DEL22940,Unknown,Unknown,0,0,Truck,0
DEL22941,Unknown,Unknown,0,0,Truck,0
DEL22942,Unknown,Unknown,0,0,Truck,0
DEL22943,Unknown,Unknown,0,0,Truck,0
DEL22944,Unknown,Unknown,0,0,Truck,0
DEL22945,Unknown,Unknown,0,0,Truck,0
DEL22946,Unknown,Unknown,0,0,Truck,0
DEL22947,Unknown,Unknown,0,0,Truck,0
DEL22948,Unknown,Unknown,0,0,Truck,0
DEL22949,Unknown,Unknown,0,0,Truck,0
DEL22950,Unknown,Unknown,0,0,Truck,0
DEL22951,Unknown,Unknown,0,0,Truck,0
DEL22952,Unknown,Unknown,0,0,Truck,0
DEL22953,Unknown,Unknown,0,0,Truck,0
DEL22954,Unknown,Unknown,0,0,Truck,0
DEL22955,Unknown,Unknown,0,0,Truck,0
DEL22956,Unknown,Unknown,0,0,Truck,0
DEL22957,Unknown,Unknown,0,0,Truck,0
DEL22958,Unknown,Unknown,0,0,Truck,0
DEL22959,Unknown,Unknown,0,0,Truck,0
DEL22960,Unknown,Unknown,0,0,Truck,0
DEL22961,Unknown,Unknown,0,0,Truck,0
DEL22962,Unknown,Unknown,0,0,Truck,0
DEL22963,Unknown,Unknown,0,0,Truck,0
DEL22964,Unknown,Unknown,0,0,Truck,0
DEL22965,Unknown,Unknown,0,0,Truck,0
DEL22966,Unknown,Unknown,0,0,Truck,0
DEL22967,Unknown,Unknown,0,0,Truck,0
DEL22968,Unknown,Unknown,0,0,Truck,0
DEL22969,Unknown,Unknown,0,0,Truck,0
DEL22970,Unknown,Unknown,0,0,Truck,0
DEL22971,Unknown,Unknown,0,0,Truck,0
DEL22972,Unknown,Unknown,0,0,Truck,0
DEL22973,Unknown,Unknown,0,0,Truck,0
DEL22974,Unknown,Unknown,0,0,Truck,0
DEL22975,Unknown,Unknown,0,0,Truck,0
DEL22976,Unknown,Unknown,0,0,Truck,0
DEL22977,Unknown,Unknown,0,0,Truck,0
DEL22978,Unknown,Unknown,0,0,Truck,0
DEL22979,Unknown,Unknown,0,0,Truck,0
DEL22980,Unknown,Unknown,0,0,Truck,0
DEL22981,Unknown,Unknown,0,0,Truck,0
DEL22982,Unknown,Unknown,0,0,Truck,0
DEL22983,Unknown,Unknown,0,0,Truck,0
DEL22984,Unknown,Unknown,0,0,Truck,0
DEL22985,Unknown,Unknown,0,0,Truck,0
DEL22986,Unknown,Unknown,0,0,Truck,0
DEL22987,Unknown,Unknown,0,0,Truck,0
DEL22988,Unknown,Unknown,0,0,Truck,0
DEL22989,Unknown,Unknown,0,0,Truck,0
DEL22990,Unknown,Unknown,0,0,Truck,0
DEL22991,Unknown,Unknown,0,0,Truck,0
DEL22992,Unknown,Unknown,0,0,Truck,0
DEL22993,Unknown,Unknown,0,0,Truck,0
DEL22994,Unknown,Unknown,0,0,Truck,0
DEL22995,Unknown,Unknown,0,0,Truck,0
DEL22996,Unknown,Unknown,0,0,Truck,0
DEL22997,Unknown,Unknown,0,0,Truck,0
DEL22998,Unknown,Unknown,0,0,Truck,0
DEL22999,Unknown,Unknown,0,0,Truck,0
DEL23000,Unknown,Unknown,0,0,Truck,0
DEL23001,Unknown,Unknown,0,0,Truck,0
DEL23002,Unknown,Unknown,0,0,Truck,0
DEL23003,Unknown,Unknown,0,0,Truck,0
DEL23004,Unknown,Unknown,0,0,Truck,0
DEL23005,Unknown,Unknown,0,0,Truck,0
DEL23006,Unknown,Unknown,0,0,Truck,0
DEL23007,Unknown,Unknown,0,0,Truck,0
DEL23008,Unknown,Unknown,0,0,Truck,0
DEL23009,Unknown,Unknown,0,0,Truck,0
DEL23010,Unknown,Unknown,0,0,Truck,0
DEL23011,Unknown,Unknown,0,0,Truck,0
DEL23012,Unknown,Unknown,0,0,Truck,0
DEL23013,Unknown,Unknown,0,0,Truck,0
DEL23014,Unknown,Unknown,0,0,Truck,0
DEL23015,Unknown,Unknown,0,0,Truck,0
DEL23016,Unknown,Unknown,0,0,Truck,0
DEL23017,Unknown,Unknown,0,0,Truck,0
DEL23018,Unknown,Unknown,0,0,Truck,0
DEL23019,Unknown,Unknown,0,0,Truck,0
DEL23020,Unknown,Unknown,0,0,Truck,0
DEL23021,Unknown,Unknown,0,0,Truck,0
DEL23022,Unknown,Unknown,0,0,Truck,0
DEL23023,Unknown,Unknown,0,0,Truck,0
DEL23024,Unknown,Unknown,0,0,Truck,0
DEL23025,Unknown,Unknown,0,0,Truck,0
DEL23026,Unknown,Unknown,0,0,Truck,0
DEL23027,Unknown,Unknown,0,0,Truck,0
DEL23028,Unknown,Unknown,0,0,Truck,0
DEL23029,Unknown,Unknown,0,0,Truck,0
DEL23030,Unknown,Unknown,0,0,Truck,0
DEL23031,Unknown,Unknown,0,0,Truck,0
DEL23032,Unknown,Unknown,0,0,Truck,0
DEL23033,Unknown,Unknown,0,0,Truck,0
DEL23034,Unknown,Unknown,0,0,Truck,0
DEL23035,Unknown,Unknown,0,0,Truck,0
DEL23036,Unknown,Unknown,0,0,Truck,0
DEL23037,Unknown,Unknown,0,0,Truck,0
DEL23038,Unknown,Unknown,0,0,Truck,0
DEL23039,Unknown,Unknown,0,0,Truck,0
DEL23040,Unknown,Unknown,0,0,Truck,0
DEL23041,Unknown,Unknown,0,0,Truck,0
DEL23042,Unknown,Unknown,0,0,Truck,0
DEL23043,Unknown,Unknown,0,0,Truck,0
DEL23044,Unknown,Unknown,0,0,Truck,0
DEL23045,Unknown,Unknown,0,0,Truck,0
DEL23046,Unknown,Unknown,0,0,Truck,0
DEL23047,Unknown,Unknown,0,0,Truck,0
DEL23048,Unknown,Unknown,0,0,Truck,0
DEL23049,Unknown,Unknown,0,0,Truck,0
DEL23050,Unknown,Unknown,0,0,Truck,0
DEL23051,Unknown,Unknown,0,0,Truck,0
DEL23052,Unknown,Unknown,0,0,Truck,0
DEL23053,Unknown,Unknown,0,0,Truck,0
DEL23054,Unknown,Unknown,0,0,Truck,0
DEL23055,Unknown,Unknown,0,0,Truck,0
DEL23056,Unknown,Unknown,0,0,Truck,0
DEL23057,Unknown,Unknown,0,0,Truck,0
DEL23058,Unknown,Unknown,0,0,Truck,0
DEL23059,Unknown,Unknown,0,0,Truck,0
DEL23060,Unknown,Unknown,0,0,Truck,0
DEL23061,Unknown,Unknown,0,0,Truck,0
DEL23062,Unknown,Unknown,0,0,Truck,0
DEL23063,Unknown,Unknown,0,0,Truck,0
DEL23064,Unknown,Unknown,0,0,Truck,0
DEL23065,Unknown,Unknown,0,0,Truck,0
DEL23066,Unknown,Unknown,0,0,Truck,0
DEL23067,Unknown,Unknown,0,0,Truck,0
DEL23068,Unknown,Unknown,0,0,Truck,0
DEL23069,Unknown,Unknown,0,0,Truck,0
DEL23070,Unknown,Unknown,0,0,Truck,0
DEL23071,Unknown,Unknown,0,0,Truck,0
DEL23072,Unknown,Unknown,0,0,Truck,0
DEL23073,Unknown,Unknown,0,0,Truck,0
DEL23074,Unknown,Unknown,0,0,Truck,0
DEL23075,Unknown,Unknown,0,0,Truck,0
DEL23076,Unknown,Unknown,0,0,Truck,0
DEL23077,Unknown,Unknown,0,0,Truck,0
DEL23078,Unknown,Unknown,0,0,Truck,0
DEL23079,Unknown,Unknown,0,0,Truck,0
DEL23080,Unknown,Unknown,0,0,Truck,0
DEL23081,Unknown,Unknown,0,0,Truck,0
DEL23082,Unknown,Unknown,0,0,Truck,0
DEL23083,Unknown,Unknown,0,0,Truck,0
DEL23084,Unknown,Unknown,0,0,Truck,0
DEL23085,Unknown,Unknown,0,0,Truck,0
DEL23086,Unknown,Unknown,0,0,Truck,0
DEL23087,Unknown,Unknown,0,0,Truck,0
DEL23088,Unknown,Unknown,0,0,Truck,0
DEL23089,Unknown,Unknown,0,0,Truck,0
DEL23090,Unknown,Unknown,0,0,Truck,0
DEL23091,Unknown,Unknown,0,0,Truck,0
DEL23092,Unknown,Unknown,0,0,Truck,0
DEL23093,Unknown,Unknown,0,0,Truck,0
DEL23094,Unknown,Unknown,0,0,Truck,0
DEL23095,Unknown,Unknown,0,0,Truck,0
DEL23096,Unknown,Unknown,0,0,Truck,0
DEL23097,Unknown,Unknown,0,0,Truck,0
DEL23098,Unknown,Unknown,0,0,Truck,0
DEL23099,Unknown,Unknown,0,0,Truck,0
DEL23100,Unknown,Unknown,0,0,Truck,0
DEL23101,Unknown,Unknown,0,0,Truck,0
DEL23102,Unknown,Unknown,0,0,Truck,0
DEL23103,Unknown,Unknown,0,0,Truck,0
DEL23104,Unknown,Unknown,0,0,Truck,0
DEL23105,Unknown,Unknown,0,0,Truck,0
DEL23106,Unknown,Unknown,0,0,Truck,0
DEL23107,Unknown,Unknown,0,0,Truck,0
DEL23108,Unknown,Unknown,0,0,Truck,0
DEL23109,Unknown,Unknown,0,0,Truck,0
DEL23110,Unknown,Unknown,0,0,Truck,0
DEL23111,Unknown,Unknown,0,0,Truck,0
DEL23112,Unknown,Unknown,0,0,Truck,0
DEL23113,Unknown,Unknown,0,0,Truck,0
DEL23114,Unknown,Unknown,0,0,Truck,0
DEL23115,Unknown,Unknown,0,0,Truck,0
DEL23116,Unknown,Unknown,0,0,Truck,0
DEL23117,Unknown,Unknown,0,0,Truck,0
DEL23118,Unknown,Unknown,0,0,Truck,0
DEL23119,Unknown,Unknown,0,0,Truck,0
DEL23120,Unknown,Unknown,0,0,Truck,0
DEL23121,Unknown,Unknown,0,0,Truck,0
DEL23122,Unknown,Unknown,0,0,Truck,0
DEL23123,Unknown,Unknown,0,0,Truck,0
DEL23124,Unknown,Unknown,0,0,Truck,0
DEL23125,Unknown,Unknown,0,0,Truck,0
DEL23126,Unknown,Unknown,0,0,Truck,0
DEL23127,Unknown,Unknown,0,0,Truck,0
DEL23128,Unknown,Unknown,0,0,Truck,0
DEL23129,Unknown,Unknown,0,0,Truck,0
DEL23130,Unknown,Unknown,0,0,Truck,0
DEL23131,Unknown,Unknown,0,0,Truck,0
DEL23132,Unknown,Unknown,0,0,Truck,0
DEL23133,Unknown,Unknown,0,0,Truck,0
DEL23134,Unknown,Unknown,0,0,Truck,0
DEL23135,Unknown,Unknown,0,0,Truck,0
DEL23136,Unknown,Unknown,0,0,Truck,0
DEL23137,Unknown,Unknown,0,0,Truck,0
DEL23138,Unknown,Unknown,0,0,Truck,0
DEL23139,Unknown,Unknown,0,0,Truck,0
DEL23140,Unknown,Unknown,0,0,Truck,0
DEL23141,Unknown,Unknown,0,0,Truck,0
DEL23142,Unknown,Unknown,0,0,Truck,0
DEL23143,Unknown,Unknown,0,0,Truck,0
DEL23144,Unknown,Unknown,0,0,Truck,0
DEL23145,Unknown,Unknown,0,0,Truck,0
DEL23146,Unknown,Unknown,0,0,Truck,0
DEL23147,Unknown,Unknown,0,0,Truck,0
DEL23148,Unknown,Unknown,0,0,Truck,0
DEL23149,Unknown,Unknown,0,0,Truck,0
DEL23150,Unknown,Unknown,0,0,Truck,0
DEL23151,Unknown,Unknown,0,0,Truck,0
DEL23152,Unknown,Unknown,0,0,Truck,0
DEL23153,Unknown,Unknown,0,0,Truck,0
DEL23154,Unknown,Unknown,0,0,Truck,0
DEL23155,Unknown,Unknown,0,0,Truck,0
DEL23156,Unknown,Unknown,0,0,Truck,0
DEL23157,Unknown,Unknown,0,0,Truck,0
DEL23158,Unknown,Unknown,0,0,Truck,0
DEL23159,Unknown,Unknown,0,0,Truck,0
DEL23160,Unknown,Unknown,0,0,Truck,0
DEL23161,Unknown,Unknown,0,0,Truck,0
DEL23162,Unknown,Unknown,0,0,Truck,0
DEL23163,Unknown,Unknown,0,0,Truck,0
DEL23164,Unknown,Unknown,0,0,Truck,0
DEL23165,Unknown,Unknown,0,0,Truck,0
DEL23166,Unknown,Unknown,0,0,Truck,0
DEL23167,Unknown,Unknown,0,0,Truck,0
DEL23168,Unknown,Unknown,0,0,Truck,0
DEL23169,Unknown,Unknown,0,0,Truck,0
DEL23170,Unknown,Unknown,0,0,Truck,0
DEL23171,Unknown,Unknown,0,0,Truck,0
DEL23172,Unknown,Unknown,0,0,Truck,0
DEL23173,Unknown,Unknown,0,0,Truck,0
DEL23174,Unknown,Unknown,0,0,Truck,0
DEL23175,Unknown,Unknown,0,0,Truck,0
DEL23176,Unknown,Unknown,0,0,Truck,0
DEL23177,Unknown,Unknown,0,0,Truck,0
DEL23178,Unknown,Unknown,0,0,Truck,0
DEL23179,Unknown,Unknown,0,0,Truck,0
DEL23180,Unknown,Unknown,0,0,Truck,0
DEL23181,Unknown,Unknown,0,0,Truck,0
DEL23182,Unknown,Unknown,0,0,Truck,0
DEL23183,Unknown,Unknown,0,0,Truck,0
DEL23184,Unknown,Unknown,0,0,Truck,0
DEL23185,Unknown,Unknown,0,0,Truck,0
DEL23186,Unknown,Unknown,0,0,Truck,0
DEL23187,Unknown,Unknown,0,0,Truck,0
DEL23188,Unknown,Unknown,0,0,Truck,0
DEL23189,Unknown,Unknown,0,0,Truck,0
DEL23190,Unknown,Unknown,0,0,Truck,0
DEL23191,Unknown,Unknown,0,0,Truck,0
DEL23192,Unknown,Unknown,0,0,Truck,0
DEL23193,Unknown,Unknown,0,0,Truck,0
DEL23194,Unknown,Unknown,0,0,Truck,0
DEL23195,Unknown,Unknown,0,0,Truck,0
DEL23196,Unknown,Unknown,0,0,Truck,0
DEL23197,Unknown,Unknown,0,0,Truck,0
DEL23198,Unknown,Unknown,0,0,Truck,0
DEL23199,Unknown,Unknown,0,0,Truck,0
DEL23200,Unknown,Unknown,0,0,Truck,0
DEL23201,Unknown,Unknown,0,0,Truck,0
DEL23202,Unknown,Unknown,0,0,Truck,0
DEL23203,Unknown,Unknown,0,0,Truck,0
DEL23204,Unknown,Unknown,0,0,Truck,0
DEL23205,Unknown,Unknown,0,0,Truck,0
DEL23206,Unknown,Unknown,0,0,Truck,0
DEL23207,Unknown,Unknown,0,0,Truck,0
DEL23208,Unknown,Unknown,0,0,Truck,0
DEL23209,Unknown,Unknown,0,0,Truck,0
DEL23210,Unknown,Unknown,0,0,Truck,0
DEL23211,Unknown,Unknown,0,0,Truck,0
DEL23212,Unknown,Unknown,0,0,Truck,0
DEL23213,Unknown,Unknown,0,0,Truck,0
DEL23214,Unknown,Unknown,0,0,Truck,0
DEL23215,Unknown,Unknown,0,0,Truck,0
DEL23216,Unknown,Unknown,0,0,Truck,0
DEL23217,Unknown,Unknown,0,0,Truck,0
DEL23218,Unknown,Unknown,0,0,Truck,0
DEL23219,Unknown,Unknown,0,0,Truck,0
DEL23220,Unknown,Unknown,0,0,Truck,0
DEL23221,Unknown,Unknown,0,0,Truck,0
DEL23222,Unknown,Unknown,0,0,Truck,0
DEL23223,Unknown,Unknown,0,0,Truck,0
DEL23224,Unknown,Unknown,0,0,Truck,0
DEL23225,Unknown,Unknown,0,0,Truck,0
DEL23226,Unknown,Unknown,0,0,Truck,0
DEL23227,Unknown,Unknown,0,0,Truck,0
DEL23228,Unknown,Unknown,0,0,Truck,0
DEL23229,Unknown,Unknown,0,0,Truck,0
DEL23230,Unknown,Unknown,0,0,Truck,0
DEL23231,Unknown,Unknown,0,0,Truck,0
DEL23232,Unknown,Unknown,0,0,Truck,0
DEL23233,Unknown,Unknown,0,0,Truck,0
DEL23234,Unknown,Unknown,0,0,Truck,0
DEL23235,Unknown,Unknown,0,0,Truck,0
DEL23236,Unknown,Unknown,0,0,Truck,0
DEL23237,Unknown,Unknown,0,0,Truck,0
DEL23238,Unknown,Unknown,0,0,Truck,0
DEL23239,Unknown,Unknown,0,0,Truck,0
DEL23240,Unknown,Unknown,0,0,Truck,0
DEL23241,Unknown,Unknown,0,0,Truck,0
DEL23242,Unknown,Unknown,0,0,Truck,0
DEL23243,Unknown,Unknown,0,0,Truck,0
DEL23244,Unknown,Unknown,0,0,Truck,0
DEL23245,Unknown,Unknown,0,0,Truck,0
DEL23246,Unknown,Unknown,0,0,Truck,0
DEL23247,Unknown,Unknown,0,0,Truck,0
DEL23248,Unknown,Unknown,0,0,Truck,0
DEL23249,Unknown,Unknown,0,0,Truck,0
DEL23250,Unknown,Unknown,0,0,Truck,0
DEL23251,Unknown,Unknown,0,0,Truck,0
DEL23252,Unknown,Unknown,0,0,Truck,0
DEL23253,Unknown,Unknown,0,0,Truck,0
DEL23254,Unknown,Unknown,0,0,Truck,0
DEL23255,Unknown,Unknown,0,0,Truck,0
DEL23256,Unknown,Unknown,0,0,Truck,0
DEL23257,Unknown,Unknown,0,0,Truck,0
DEL23258,Unknown,Unknown,0,0,Truck,0
DEL23259,Unknown,Unknown,0,0,Truck,0
DEL23260,Unknown,Unknown,0,0,Truck,0
DEL23261,Unknown,Unknown,0,0,Truck,0
DEL23262,Unknown,Unknown,0,0,Truck,0
DEL23263,Unknown,Unknown,0,0,Truck,0
DEL23264,Unknown,Unknown,0,0,Truck,0
DEL23265,Unknown,Unknown,0,0,Truck,0
DEL23266,Unknown,Unknown,0,0,Truck,0
DEL23267,Unknown,Unknown,0,0,Truck,0
DEL23268,Unknown,Unknown,0,0,Truck,0
DEL23269,Unknown,Unknown,0,0,Truck,0
DEL23270,Unknown,Unknown,0,0,Truck,0
DEL23271,Unknown,Unknown,0,0,Truck,0
DEL23272,Unknown,Unknown,0,0,Truck,0
DEL23273,Unknown,Unknown,0,0,Truck,0
DEL23274,Unknown,Unknown,0,0,Truck,0
DEL23275,Unknown,Unknown,0,0,Truck,0
DEL23276,Unknown,Unknown,0,0,Truck,0
DEL23277,Unknown,Unknown,0,0,Truck,0
DEL23278,Unknown,Unknown,0,0,Truck,0
DEL23279,Unknown,Unknown,0,0,Truck,0
DEL23280,Unknown,Unknown,0,0,Truck,0
DEL23281,Unknown,Unknown,0,0,Truck,0
DEL23282,Unknown,Unknown,0,0,Truck,0
DEL23283,Unknown,Unknown,0,0,Truck,0
DEL23284,Unknown,Unknown,0,0,Truck,0
DEL23285,Unknown,Unknown,0,0,Truck,0
DEL23286,Unknown,Unknown,0,0,Truck,0
DEL23287,Unknown,Unknown,0,0,Truck,0
DEL23288,Unknown,Unknown,0,0,Truck,0
DEL23289,Unknown,Unknown,0,0,Truck,0
DEL23290,Unknown,Unknown,0,0,Truck,0
DEL23291,Unknown,Unknown,0,0,Truck,0
DEL23292,Unknown,Unknown,0,0,Truck,0
DEL23293,Unknown,Unknown,0,0,Truck,0
DEL23294,Unknown,Unknown,0,0,Truck,0
DEL23295,Unknown,Unknown,0,0,Truck,0
DEL23296,Unknown,Unknown,0,0,Truck,0
DEL23297,Unknown,Unknown,0,0,Truck,0
DEL23298,Unknown,Unknown,0,0,Truck,0
DEL23299,Unknown,Unknown,0,0,Truck,0
DEL23300,Unknown,Unknown,0,0,Truck,0
DEL23301,Unknown,Unknown,0,0,Truck,0
DEL23302,Unknown,Unknown,0,0,Truck,0
DEL23303,Unknown,Unknown,0,0,Truck,0
DEL23304,Unknown,Unknown,0,0,Truck,0
DEL23305,Unknown,Unknown,0,0,Truck,0
DEL23306,Unknown,Unknown,0,0,Truck,0
DEL23307,Unknown,Unknown,0,0,Truck,0
DEL23308,Unknown,Unknown,0,0,Truck,0
DEL23309,Unknown,Unknown,0,0,Truck,0
DEL23310,Unknown,Unknown,0,0,Truck,0
DEL23311,Unknown,Unknown,0,0,Truck,0
DEL23312,Unknown,Unknown,0,0,Truck,0
DEL23313,Unknown,Unknown,0,0,Truck,0
DEL23314,Unknown,Unknown,0,0,Truck,0
DEL23315,Unknown,Unknown,0,0,Truck,0
DEL23316,Unknown,Unknown,0,0,Truck,0
DEL23317,Unknown,Unknown,0,0,Truck,0
DEL23318,Unknown,Unknown,0,0,Truck,0
DEL23319,Unknown,Unknown,0,0,Truck,0
DEL23320,Unknown,Unknown,0,0,Truck,0
DEL23321,Unknown,Unknown,0,0,Truck,0
DEL23322,Unknown,Unknown,0,0,Truck,0
DEL23323,Unknown,Unknown,0,0,Truck,0
DEL23324,Unknown,Unknown,0,0,Truck,0
DEL23325,Unknown,Unknown,0,0,Truck,0
DEL23326,Unknown,Unknown,0,0,Truck,0
DEL23327,Unknown,Unknown,0,0,Truck,0
DEL23328,Unknown,Unknown,0,0,Truck,0
DEL23329,Unknown,Unknown,0,0,Truck,0
DEL23330,Unknown,Unknown,0,0,Truck,0
DEL23331,Unknown,Unknown,0,0,Truck,0
DEL23332,Unknown,Unknown,0,0,Truck,0
DEL23333,Unknown,Unknown,0,0,Truck,0
DEL23334,Unknown,Unknown,0,0,Truck,0
DEL23335,Unknown,Unknown,0,0,Truck,0
DEL23336,Unknown,Unknown,0,0,Truck,0
DEL23337,Unknown,Unknown,0,0,Truck,0
DEL23338,Unknown,Unknown,0,0,Truck,0
DEL23339,Unknown,Unknown,0,0,Truck,0
DEL23340,Unknown,Unknown,0,0,Truck,0
DEL23341,Unknown,Unknown,0,0,Truck,0
DEL23342,Unknown,Unknown,0,0,Truck,0
DEL23343,Unknown,Unknown,0,0,Truck,0
DEL23344,Unknown,Unknown,0,0,Truck,0
DEL23345,Unknown,Unknown,0,0,Truck,0
DEL23346,Unknown,Unknown,0,0,Truck,0
DEL23347,Unknown,Unknown,0,0,Truck,0
DEL23348,Unknown,Unknown,0,0,Truck,0
DEL23349,Unknown,Unknown,0,0,Truck,0
DEL23350,Unknown,Unknown,0,0,Truck,0
DEL23351,Unknown,Unknown,0,0,Truck,0
DEL23352,Unknown,Unknown,0,0,Truck,0
DEL23353,Unknown,Unknown,0,0,Truck,0
DEL23354,Unknown,Unknown,0,0,Truck,0
DEL23355,Unknown,Unknown,0,0,Truck,0
DEL23356,Unknown,Unknown,0,0,Truck,0
DEL23357,Unknown,Unknown,0,0,Truck,0
DEL23358,Unknown,Unknown,0,0,Truck,0
DEL23359,Unknown,Unknown,0,0,Truck,0
DEL23360,Unknown,Unknown,0,0,Truck,0
DEL23361,Unknown,Unknown,0,0,Truck,0
DEL23362,Unknown,Unknown,0,0,Truck,0
DEL23363,Unknown,Unknown,0,0,Truck,0
DEL23364,Unknown,Unknown,0,0,Truck,0
DEL23365,Unknown,Unknown,0,0,Truck,0
DEL23366,Unknown,Unknown,0,0,Truck,0
DEL23367,Unknown,Unknown,0,0,Truck,0
DEL23368,Unknown,Unknown,0,0,Truck,0
DEL23369,Unknown,Unknown,0,0,Truck,0
DEL23370,Unknown,Unknown,0,0,Truck,0
DEL23371,Unknown,Unknown,0,0,Truck,0
DEL23372,Unknown,Unknown,0,0,Truck,0
DEL23373,Unknown,Unknown,0,0,Truck,0
DEL23374,Unknown,Unknown,0,0,Truck,0
DEL23375,Unknown,Unknown,0,0,Truck,0
DEL23376,Unknown,Unknown,0,0,Truck,0
DEL23377,Unknown,Unknown,0,0,Truck,0
DEL23378,Unknown,Unknown,0,0,Truck,0
DEL23379,Unknown,Unknown,0,0,Truck,0
DEL23380,Unknown,Unknown,0,0,Truck,0
DEL23381,Unknown,Unknown,0,0,Truck,0
DEL23382,Unknown,Unknown,0,0,Truck,0
DEL23383,Unknown,Unknown,0,0,Truck,0
DEL23384,Unknown,Unknown,0,0,Truck,0
DEL23385,Unknown,Unknown,0,0,Truck,0
DEL23386,Unknown,Unknown,0,0,Truck,0
DEL23387,Unknown,Unknown,0,0,Truck,0
DEL23388,Unknown,Unknown,0,0,Truck,0
DEL23389,Unknown,Unknown,0,0,Truck,0
DEL23390,Unknown,Unknown,0,0,Truck,0
DEL23391,Unknown,Unknown,0,0,Truck,0
DEL23392,Unknown,Unknown,0,0,Truck,0
DEL23393,Unknown,Unknown,0,0,Truck,0
DEL23394,Unknown,Unknown,0,0,Truck,0
DEL23395,Unknown,Unknown,0,0,Truck,0
DEL23396,Unknown,Unknown,0,0,Truck,0
DEL23397,Unknown,Unknown,0,0,Truck,0
DEL23398,Unknown,Unknown,0,0,Truck,0
DEL23399,Unknown,Unknown,0,0,Truck,0
DEL23400,Unknown,Unknown,0,0,Truck,0
DEL23401,Unknown,Unknown,0,0,Truck,0
DEL23402,Unknown,Unknown,0,0,Truck,0
DEL23403,Unknown,Unknown,0,0,Truck,0
DEL23404,Unknown,Unknown,0,0,Truck,0
DEL23405,Unknown,Unknown,0,0,Truck,0
DEL23406,Unknown,Unknown,0,0,Truck,0
DEL23407,Unknown,Unknown,0,0,Truck,0
DEL23408,Unknown,Unknown,0,0,Truck,0
DEL23409,Unknown,Unknown,0,0,Truck,0
DEL23410,Unknown,Unknown,0,0,Truck,0
DEL23411,Unknown,Unknown,0,0,Truck,0
DEL23412,Unknown,Unknown,0,0,Truck,0
DEL23413,Unknown,Unknown,0,0,Truck,0
DEL23414,Unknown,Unknown,0,0,Truck,0
DEL23415,Unknown,Unknown,0,0,Truck,0
DEL23416,Unknown,Unknown,0,0,Truck,0
DEL23417,Unknown,Unknown,0,0,Truck,0
DEL23418,Unknown,Unknown,0,0,Truck,0
DEL23419,Unknown,Unknown,0,0,Truck,0
DEL23420,Unknown,Unknown,0,0,Truck,0
DEL23421,Unknown,Unknown,0,0,Truck,0
DEL23422,Unknown,Unknown,0,0,Truck,0
DEL23423,Unknown,Unknown,0,0,Truck,0
DEL23424,Unknown,Unknown,0,0,Truck,0
DEL23425,Unknown,Unknown,0,0,Truck,0
DEL23426,Unknown,Unknown,0,0,Truck,0
DEL23427,Unknown,Unknown,0,0,Truck,0
DEL23428,Unknown,Unknown,0,0,Truck,0
DEL23429,Unknown,Unknown,0,0,Truck,0
DEL23430,Unknown,Unknown,0,0,Truck,0
DEL23431,Unknown,Unknown,0,0,Truck,0
DEL23432,Unknown,Unknown,0,0,Truck,0
DEL23433,Unknown,Unknown,0,0,Truck,0
DEL23434,Unknown,Unknown,0,0,Truck,0
DEL23435,Unknown,Unknown,0,0,Truck,0
DEL23436,Unknown,Unknown,0,0,Truck,0
DEL23437,Unknown,Unknown,0,0,Truck,0
DEL23438,Unknown,Unknown,0,0,Truck,0
DEL23439,Unknown,Unknown,0,0,Truck,0
DEL23440,Unknown,Unknown,0,0,Truck,0
DEL23441,Unknown,Unknown,0,0,Truck,0
DEL23442,Unknown,Unknown,0,0,Truck,0
DEL23443,Unknown,Unknown,0,0,Truck,0
DEL23444,Unknown,Unknown,0,0,Truck,0
DEL23445,Unknown,Unknown,0,0,Truck,0
DEL23446,Unknown,Unknown,0,0,Truck,0
DEL23447,Unknown,Unknown,0,0,Truck,0
DEL23448,Unknown,Unknown,0,0,Truck,0
DEL23449,Unknown,Unknown,0,0,Truck,0
DEL23450,Unknown,Unknown,0,0,Truck,0
DEL23451,Unknown,Unknown,0,0,Truck,0
DEL23452,Unknown,Unknown,0,0,Truck,0
DEL23453,Unknown,Unknown,0,0,Truck,0
DEL23454,Unknown,Unknown,0,0,Truck,0
DEL23455,Unknown,Unknown,0,0,Truck,0
DEL23456,Unknown,Unknown,0,0,Truck,0
DEL23457,Unknown,Unknown,0,0,Truck,0
DEL23458,Unknown,Unknown,0,0,Truck,0
DEL23459,Unknown,Unknown,0,0,Truck,0
DEL23460,Unknown,Unknown,0,0,Truck,0
DEL23461,Unknown,Unknown,0,0,Truck,0
DEL23462,Unknown,Unknown,0,0,Truck,0
DEL23463,Unknown,Unknown,0,0,Truck,0
DEL23464,Unknown,Unknown,0,0,Truck,0
DEL23465,Unknown,Unknown,0,0,Truck,0
DEL23466,Unknown,Unknown,0,0,Truck,0
DEL23467,Unknown,Unknown,0,0,Truck,0
DEL23468,Unknown,Unknown,0,0,Truck,0
DEL23469,Unknown,Unknown,0,0,Truck,0
DEL23470,Unknown,Unknown,0,0,Truck,0
DEL23471,Unknown,Unknown,0,0,Truck,0
DEL23472,Unknown,Unknown,0,0,Truck,0
DEL23473,Unknown,Unknown,0,0,Truck,0
DEL23474,Unknown,Unknown,0,0,Truck,0
DEL23475,Unknown,Unknown,0,0,Truck,0
DEL23476,Unknown,Unknown,0,0,Truck,0
DEL23477,Unknown,Unknown,0,0,Truck,0
DEL23478,Unknown,Unknown,0,0,Truck,0
DEL23479,Unknown,Unknown,0,0,Truck,0
DEL23480,Unknown,Unknown,0,0,Truck,0
DEL23481,Unknown,Unknown,0,0,Truck,0
DEL23482,Unknown,Unknown,0,0,Truck,0
DEL23483,Unknown,Unknown,0,0,Truck,0
DEL23484,Unknown,Unknown,0,0,Truck,0
DEL23485,Unknown,Unknown,0,0,Truck,0
DEL23486,Unknown,Unknown,0,0,Truck,0
DEL23487,Unknown,Unknown,0,0,Truck,0
DEL23488,Unknown,Unknown,0,0,Truck,0
DEL23489,Unknown,Unknown,0,0,Truck,0
DEL23490,Unknown,Unknown,0,0,Truck,0
DEL23491,Unknown,Unknown,0,0,Truck,0
DEL23492,Unknown,Unknown,0,0,Truck,0
DEL23493,Unknown,Unknown,0,0,Truck,0
DEL23494,Unknown,Unknown,0,0,Truck,0
DEL23495,Unknown,Unknown,0,0,Truck,0
DEL23496,Unknown,Unknown,0,0,Truck,0
DEL23497,Unknown,Unknown,0,0,Truck,0
DEL23498,Unknown,Unknown,0,0,Truck,0
DEL23499,Unknown,Unknown,0,0,Truck,0
DEL23500,Unknown,Unknown,0,0,Truck,0
DEL23501,Unknown,Unknown,0,0,Truck,0
DEL23502,Unknown,Unknown,0,0,Truck,0
DEL23503,Unknown,Unknown,0,0,Truck,0
DEL23504,Unknown,Unknown,0,0,Truck,0
DEL23505,Unknown,Unknown,0,0,Truck,0
DEL23506,Unknown,Unknown,0,0,Truck,0
DEL23507,Unknown,Unknown,0,0,Truck,0
DEL23508,Unknown,Unknown,0,0,Truck,0
DEL23509,Unknown,Unknown,0,0,Truck,0
DEL23510,Unknown,Unknown,0,0,Truck,0
DEL23511,Unknown,Unknown,0,0,Truck,0
DEL23512,Unknown,Unknown,0,0,Truck,0
DEL23513,Unknown,Unknown,0,0,Truck,0
DEL23514,Unknown,Unknown,0,0,Truck,0
DEL23515,Unknown,Unknown,0,0,Truck,0
DEL23516,Unknown,Unknown,0,0,Truck,0
DEL23517,Unknown,Unknown,0,0,Truck,0
DEL23518,Unknown,Unknown,0,0,Truck,0
DEL23519,Unknown,Unknown,0,0,Truck,0
DEL23520,Unknown,Unknown,0,0,Truck,0
DEL23521,Unknown,Unknown,0,0,Truck,0
DEL23522,Unknown,Unknown,0,0,Truck,0
DEL23523,Unknown,Unknown,0,0,Truck,0
DEL23524,Unknown,Unknown,0,0,Truck,0
DEL23525,Unknown,Unknown,0,0,Truck,0
DEL23526,Unknown,Unknown,0,0,Truck,0
DEL23527,Unknown,Unknown,0,0,Truck,0
DEL23528,Unknown,Unknown,0,0,Truck,0
DEL23529,Unknown,Unknown,0,0,Truck,0
DEL23530,Unknown,Unknown,0,0,Truck,0
DEL23531,Unknown,Unknown,0,0,Truck,0
DEL23532,Unknown,Unknown,0,0,Truck,0
DEL23533,Unknown,Unknown,0,0,Truck,0
DEL23534,Unknown,Unknown,0,0,Truck,0
DEL23535,Unknown,Unknown,0,0,Truck,0
DEL23536,Unknown,Unknown,0,0,Truck,0
DEL23537,Unknown,Unknown,0,0,Truck,0
DEL23538,Unknown,Unknown,0,0,Truck,0
DEL23539,Unknown,Unknown,0,0,Truck,0
DEL23540,Unknown,Unknown,0,0,Truck,0
DEL23541,Unknown,Unknown,0,0,Truck,0
DEL23542,Unknown,Unknown,0,0,Truck,0
DEL23543,Unknown,Unknown,0,0,Truck,0
DEL23544,Unknown,Unknown,0,0,Truck,0
DEL23545,Unknown,Unknown,0,0,Truck,0
DEL23546,Unknown,Unknown,0,0,Truck,0
DEL23547,Unknown,Unknown,0,0,Truck,0
DEL23548,Unknown,Unknown,0,0,Truck,0
DEL23549,Unknown,Unknown,0,0,Truck,0
DEL23550,Unknown,Unknown,0,0,Truck,0
DEL23551,Unknown,Unknown,0,0,Truck,0
DEL23552,Unknown,Unknown,0,0,Truck,0
DEL23553,Unknown,Unknown,0,0,Truck,0
DEL23554,Unknown,Unknown,0,0,Truck,0
DEL23555,Unknown,Unknown,0,0,Truck,0
DEL23556,Unknown,Unknown,0,0,Truck,0
DEL23557,Unknown,Unknown,0,0,Truck,0
DEL23558,Unknown,Unknown,0,0,Truck,0
DEL23559,Unknown,Unknown,0,0,Truck,0
DEL23560,Unknown,Unknown,0,0,Truck,0
DEL23561,Unknown,Unknown,0,0,Truck,0
DEL23562,Unknown,Unknown,0,0,Truck,0
DEL23563,Unknown,Unknown,0,0,Truck,0
DEL23564,Unknown,Unknown,0,0,Truck,0
DEL23565,Unknown,Unknown,0,0,Truck,0
DEL23566,Unknown,Unknown,0,0,Truck,0
DEL23567,Unknown,Unknown,0,0,Truck,0
DEL23568,Unknown,Unknown,0,0,Truck,0
DEL23569,Unknown,Unknown,0,0,Truck,0
DEL23570,Unknown,Unknown,0,0,Truck,0
DEL23571,Unknown,Unknown,0,0,Truck,0
DEL23572,Unknown,Unknown,0,0,Truck,0
DEL23573,Unknown,Unknown,0,0,Truck,0
DEL23574,Unknown,Unknown,0,0,Truck,0
DEL23575,Unknown,Unknown,0,0,Truck,0
DEL23576,Unknown,Unknown,0,0,Truck,0
DEL23577,Unknown,Unknown,0,0,Truck,0
DEL23578,Unknown,Unknown,0,0,Truck,0
DEL23579,Unknown,Unknown,0,0,Truck,0
DEL23580,Unknown,Unknown,0,0,Truck,0
DEL23581,Unknown,Unknown,0,0,Truck,0
DEL23582,Unknown,Unknown,0,0,Truck,0
DEL23583,Unknown,Unknown,0,0,Truck,0
DEL23584,Unknown,Unknown,0,0,Truck,0
DEL23585,Unknown,Unknown,0,0,Truck,0
DEL23586,Unknown,Unknown,0,0,Truck,0
DEL23587,Unknown,Unknown,0,0,Truck,0
DEL23588,Unknown,Unknown,0,0,Truck,0
DEL23589,Unknown,Unknown,0,0,Truck,0
DEL23590,Unknown,Unknown,0,0,Truck,0
DEL23591,Unknown,Unknown,0,0,Truck,0
DEL23592,Unknown,Unknown,0,0,Truck,0
DEL23593,Unknown,Unknown,0,0,Truck,0
DEL23594,Unknown,Unknown,0,0,Truck,0
DEL23595,Unknown,Unknown,0,0,Truck,0
DEL23596,Unknown,Unknown,0,0,Truck,0
DEL23597,Unknown,Unknown,0,0,Truck,0
DEL23598,Unknown,Unknown,0,0,Truck,0
DEL23599,Unknown,Unknown,0,0,Truck,0
DEL23600,Unknown,Unknown,0,0,Truck,0
DEL23601,Unknown,Unknown,0,0,Truck,0
DEL23602,Unknown,Unknown,0,0,Truck,0
DEL23603,Unknown,Unknown,0,0,Truck,0
DEL23604,Unknown,Unknown,0,0,Truck,0
DEL23605,Unknown,Unknown,0,0,Truck,0
DEL23606,Unknown,Unknown,0,0,Truck,0
DEL23607,Unknown,Unknown,0,0,Truck,0
DEL23608,Unknown,Unknown,0,0,Truck,0
DEL23609,Unknown,Unknown,0,0,Truck,0
DEL23610,Unknown,Unknown,0,0,Truck,0
DEL23611,Unknown,Unknown,0,0,Truck,0
DEL23612,Unknown,Unknown,0,0,Truck,0
DEL23613,Unknown,Unknown,0,0,Truck,0
DEL23614,Unknown,Unknown,0,0,Truck,0
DEL23615,Unknown,Unknown,0,0,Truck,0
DEL23616,Unknown,Unknown,0,0,Truck,0
DEL23617,Unknown,Unknown,0,0,Truck,0
DEL23618,Unknown,Unknown,0,0,Truck,0
DEL23619,Unknown,Unknown,0,0,Truck,0
DEL23620,Unknown,Unknown,0,0,Truck,0
DEL23621,Unknown,Unknown,0,0,Truck,0
DEL23622,Unknown,Unknown,0,0,Truck,0
DEL23623,Unknown,Unknown,0,0,Truck,0
DEL23624,Unknown,Unknown,0,0,Truck,0
DEL23625,Unknown,Unknown,0,0,Truck,0
DEL23626,Unknown,Unknown,0,0,Truck,0
DEL23627,Unknown,Unknown,0,0,Truck,0
DEL23628,Unknown,Unknown,0,0,Truck,0
DEL23629,Unknown,Unknown,0,0,Truck,0
DEL23630,Unknown,Unknown,0,0,Truck,0
DEL23631,Unknown,Unknown,0,0,Truck,0
DEL23632,Unknown,Unknown,0,0,Truck,0
DEL23633,Unknown,Unknown,0,0,Truck,0
DEL23634,Unknown,Unknown,0,0,Truck,0
DEL23635,Unknown,Unknown,0,0,Truck,0
DEL23636,Unknown,Unknown,0,0,Truck,0
DEL23637,Unknown,Unknown,0,0,Truck,0
DEL23638,Unknown,Unknown,0,0,Truck,0
DEL23639,Unknown,Unknown,0,0,Truck,0
DEL23640,Unknown,Unknown,0,0,Truck,0
DEL23641,Unknown,Unknown,0,0,Truck,0
DEL23642,Unknown,Unknown,0,0,Truck,0
DEL23643,Unknown,Unknown,0,0,Truck,0
DEL23644,Unknown,Unknown,0,0,Truck,0
DEL23645,Unknown,Unknown,0,0,Truck,0
DEL23646,Unknown,Unknown,0,0,Truck,0
DEL23647,Unknown,Unknown,0,0,Truck,0
DEL23648,Unknown,Unknown,0,0,Truck,0
DEL23649,Unknown,Unknown,0,0,Truck,0
DEL23650,Unknown,Unknown,0,0,Truck,0
DEL23651,Unknown,Unknown,0,0,Truck,0
DEL23652,Unknown,Unknown,0,0,Truck,0
DEL23653,Unknown,Unknown,0,0,Truck,0
DEL23654,Unknown,Unknown,0,0,Truck,0
DEL23655,Unknown,Unknown,0,0,Truck,0
DEL23656,Unknown,Unknown,0,0,Truck,0
DEL23657,Unknown,Unknown,0,0,Truck,0
DEL23658,Unknown,Unknown,0,0,Truck,0
DEL23659,Unknown,Unknown,0,0,Truck,0
DEL23660,Unknown,Unknown,0,0,Truck,0
DEL23661,Unknown,Unknown,0,0,Truck,0
DEL23662,Unknown,Unknown,0,0,Truck,0
DEL23663,Unknown,Unknown,0,0,Truck,0
DEL23664,Unknown,Unknown,0,0,Truck,0
DEL23665,Unknown,Unknown,0,0,Truck,0
DEL23666,Unknown,Unknown,0,0,Truck,0
DEL23667,Unknown,Unknown,0,0,Truck,0
DEL23668,Unknown,Unknown,0,0,Truck,0
DEL23669,Unknown,Unknown,0,0,Truck,0
DEL23670,Unknown,Unknown,0,0,Truck,0
DEL23671,Unknown,Unknown,0,0,Truck,0
DEL23672,Unknown,Unknown,0,0,Truck,0
DEL23673,Unknown,Unknown,0,0,Truck,0
DEL23674,Unknown,Unknown,0,0,Truck,0
DEL23675,Unknown,Unknown,0,0,Truck,0
DEL23676,Unknown,Unknown,0,0,Truck,0
DEL23677,Unknown,Unknown,0,0,Truck,0
DEL23678,Unknown,Unknown,0,0,Truck,0
DEL23679,Unknown,Unknown,0,0,Truck,0
DEL23680,Unknown,Unknown,0,0,Truck,0
DEL23681,Unknown,Unknown,0,0,Truck,0
DEL23682,Unknown,Unknown,0,0,Truck,0
DEL23683,Unknown,Unknown,0,0,Truck,0
DEL23684,Unknown,Unknown,0,0,Truck,0
DEL23685,Unknown,Unknown,0,0,Truck,0
DEL23686,Unknown,Unknown,0,0,Truck,0
DEL23687,Unknown,Unknown,0,0,Truck,0
DEL23688,Unknown,Unknown,0,0,Truck,0
DEL23689,Unknown,Unknown,0,0,Truck,0
DEL23690,Unknown,Unknown,0,0,Truck,0
DEL23691,Unknown,Unknown,0,0,Truck,0
DEL23692,Unknown,Unknown,0,0,Truck,0
DEL23693,Unknown,Unknown,0,0,Truck,0
DEL23694,Unknown,Unknown,0,0,Truck,0
DEL23695,Unknown,Unknown,0,0,Truck,0
DEL23696,Unknown,Unknown,0,0,Truck,0
DEL23697,Unknown,Unknown,0,0,Truck,0
DEL23698,Unknown,Unknown,0,0,Truck,0
DEL23699,Unknown,Unknown,0,0,Truck,0
DEL23700,Unknown,Unknown,0,0,Truck,0
DEL23701,Unknown,Unknown,0,0,Truck,0
DEL23702,Unknown,Unknown,0,0,Truck,0
DEL23703,Unknown,Unknown,0,0,Truck,0
DEL23704,Unknown,Unknown,0,0,Truck,0
DEL23705,Unknown,Unknown,0,0,Truck,0
DEL23706,Unknown,Unknown,0,0,Truck,0
DEL23707,Unknown,Unknown,0,0,Truck,0
DEL23708,Unknown,Unknown,0,0,Truck,0
DEL23709,Unknown,Unknown,0,0,Truck,0
DEL23710,Unknown,Unknown,0,0,Truck,0
DEL23711,Unknown,Unknown,0,0,Truck,0
DEL23712,Unknown,Unknown,0,0,Truck,0
DEL23713,Unknown,Unknown,0,0,Truck,0
DEL23714,Unknown,Unknown,0,0,Truck,0
DEL23715,Unknown,Unknown,0,0,Truck,0
DEL23716,Unknown,Unknown,0,0,Truck,0
DEL23717,Unknown,Unknown,0,0,Truck,0
DEL23718,Unknown,Unknown,0,0,Truck,0
DEL23719,Unknown,Unknown,0,0,Truck,0
DEL23720,Unknown,Unknown,0,0,Truck,0
DEL23721,Unknown,Unknown,0,0,Truck,0
DEL23722,Unknown,Unknown,0,0,Truck,0
DEL23723,Unknown,Unknown,0,0,Truck,0
DEL23724,Unknown,Unknown,0,0,Truck,0
DEL23725,Unknown,Unknown,0,0,Truck,0
DEL23726,Unknown,Unknown,0,0,Truck,0
DEL23727,Unknown,Unknown,0,0,Truck,0
DEL23728,Unknown,Unknown,0,0,Truck,0
DEL23729,Unknown,Unknown,0,0,Truck,0
DEL23730,Unknown,Unknown,0,0,Truck,0
DEL23731,Unknown,Unknown,0,0,Truck,0
DEL23732,Unknown,Unknown,0,0,Truck,0
DEL23733,Unknown,Unknown,0,0,Truck,0
DEL23734,Unknown,Unknown,0,0,Truck,0
DEL23735,Unknown,Unknown,0,0,Truck,0
DEL23736,Unknown,Unknown,0,0,Truck,0
DEL23737,Unknown,Unknown,0,0,Truck,0
DEL23738,Unknown,Unknown,0,0,Truck,0
DEL23739,Unknown,Unknown,0,0,Truck,0
DEL23740,Unknown,Unknown,0,0,Truck,0
DEL23741,Unknown,Unknown,0,0,Truck,0
DEL23742,Unknown,Unknown,0,0,Truck,0
DEL23743,Unknown,Unknown,0,0,Truck,0
DEL23744,Unknown,Unknown,0,0,Truck,0
DEL23745,Unknown,Unknown,0,0,Truck,0
DEL23746,Unknown,Unknown,0,0,Truck,0
DEL23747,Unknown,Unknown,0,0,Truck,0
DEL23748,Unknown,Unknown,0,0,Truck,0
DEL23749,Unknown,Unknown,0,0,Truck,0
DEL23750,Unknown,Unknown,0,0,Truck,0
DEL23751,Unknown,Unknown,0,0,Truck,0
DEL23752,Unknown,Unknown,0,0,Truck,0
DEL23753,Unknown,Unknown,0,0,Truck,0
DEL23754,Unknown,Unknown,0,0,Truck,0
DEL23755,Unknown,Unknown,0,0,Truck,0
DEL23756,Unknown,Unknown,0,0,Truck,0
DEL23757,Unknown,Unknown,0,0,Truck,0
DEL23758,Unknown,Unknown,0,0,Truck,0
DEL23759,Unknown,Unknown,0,0,Truck,0
DEL23760,Unknown,Unknown,0,0,Truck,0
DEL23761,Unknown,Unknown,0,0,Truck,0
DEL23762,Unknown,Unknown,0,0,Truck,0
DEL23763,Unknown,Unknown,0,0,Truck,0
DEL23764,Unknown,Unknown,0,0,Truck,0
DEL23765,Unknown,Unknown,0,0,Truck,0
DEL23766,Unknown,Unknown,0,0,Truck,0
DEL23767,Unknown,Unknown,0,0,Truck,0
DEL23768,Unknown,Unknown,0,0,Truck,0
DEL23769,Unknown,Unknown,0,0,Truck,0
DEL23770,Unknown,Unknown,0,0,Truck,0
DEL23771,Unknown,Unknown,0,0,Truck,0
DEL23772,Unknown,Unknown,0,0,Truck,0
DEL23773,Unknown,Unknown,0,0,Truck,0
DEL23774,Unknown,Unknown,0,0,Truck,0
DEL23775,Unknown,Unknown,0,0,Truck,0
DEL23776,Unknown,Unknown,0,0,Truck,0
DEL23777,Unknown,Unknown,0,0,Truck,0
DEL23778,Unknown,Unknown,0,0,Truck,0
DEL23779,Unknown,Unknown,0,0,Truck,0
DEL23780,Unknown,Unknown,0,0,Truck,0
DEL23781,Unknown,Unknown,0,0,Truck,0
DEL23782,Unknown,Unknown,0,0,Truck,0
DEL23783,Unknown,Unknown,0,0,Truck,0
DEL23784,Unknown,Unknown,0,0,Truck,0
DEL23785,Unknown,Unknown,0,0,Truck,0
DEL23786,Unknown,Unknown,0,0,Truck,0
DEL23787,Unknown,Unknown,0,0,Truck,0
DEL23788,Unknown,Unknown,0,0,Truck,0
DEL23789,Unknown,Unknown,0,0,Truck,0
DEL23790,Unknown,Unknown,0,0,Truck,0
DEL23791,Unknown,Unknown,0,0,Truck,0
DEL23792,Unknown,Unknown,0,0,Truck,0
DEL23793,Unknown,Unknown,0,0,Truck,0
DEL23794,Unknown,Unknown,0,0,Truck,0
DEL23795,Unknown,Unknown,0,0,Truck,0
DEL23796,Unknown,Unknown,0,0,Truck,0
DEL23797,Unknown,Unknown,0,0,Truck,0
DEL23798,Unknown,Unknown,0,0,Truck,0
DEL23799,Unknown,Unknown,0,0,Truck,0
DEL23800,Unknown,Unknown,0,0,Truck,0
DEL23801,Unknown,Unknown,0,0,Truck,0
DEL23802,Unknown,Unknown,0,0,Truck,0
DEL23803,Unknown,Unknown,0,0,Truck,0
DEL23804,Unknown,Unknown,0,0,Truck,0
DEL23805,Unknown,Unknown,0,0,Truck,0
DEL23806,Unknown,Unknown,0,0,Truck,0
DEL23807,Unknown,Unknown,0,0,Truck,0
DEL23808,Unknown,Unknown,0,0,Truck,0
DEL23809,Unknown,Unknown,0,0,Truck,0
DEL23810,Unknown,Unknown,0,0,Truck,0
DEL23811,Unknown,Unknown,0,0,Truck,0
DEL23812,Unknown,Unknown,0,0,Truck,0
DEL23813,Unknown,Unknown,0,0,Truck,0
DEL23814,Unknown,Unknown,0,0,Truck,0
DEL23815,Unknown,Unknown,0,0,Truck,0
DEL23816,Unknown,Unknown,0,0,Truck,0
DEL23817,Unknown,Unknown,0,0,Truck,0
DEL23818,Unknown,Unknown,0,0,Truck,0
DEL23819,Unknown,Unknown,0,0,Truck,0
DEL23820,Unknown,Unknown,0,0,Truck,0
DEL23821,Unknown,Unknown,0,0,Truck,0
DEL23822,Unknown,Unknown,0,0,Truck,0
DEL23823,Unknown,Unknown,0,0,Truck,0
DEL23824,Unknown,Unknown,0,0,Truck,0
DEL23825,Unknown,Unknown,0,0,Truck,0
DEL23826,Unknown,Unknown,0,0,Truck,0
DEL23827,Unknown,Unknown,0,0,Truck,0
DEL23828,Unknown,Unknown,0,0,Truck,0
DEL23829,Unknown,Unknown,0,0,Truck,0
DEL23830,Unknown,Unknown,0,0,Truck,0
DEL23831,Unknown,Unknown,0,0,Truck,0
DEL23832,Unknown,Unknown,0,0,Truck,0
DEL23833,Unknown,Unknown,0,0,Truck,0
DEL23834,Unknown,Unknown,0,0,Truck,0
DEL23835,Unknown,Unknown,0,0,Truck,0
DEL23836,Unknown,Unknown,0,0,Truck,0
DEL23837,Unknown,Unknown,0,0,Truck,0
DEL23838,Unknown,Unknown,0,0,Truck,0
DEL23839,Unknown,Unknown,0,0,Truck,0
DEL23840,Unknown,Unknown,0,0,Truck,0
DEL23841,Unknown,Unknown,0,0,Truck,0
DEL23842,Unknown,Unknown,0,0,Truck,0
DEL23843,Unknown,Unknown,0,0,Truck,0
DEL23844,Unknown,Unknown,0,0,Truck,0
DEL23845,Unknown,Unknown,0,0,Truck,0
DEL23846,Unknown,Unknown,0,0,Truck,0
DEL23847,Unknown,Unknown,0,0,Truck,0
DEL23848,Unknown,Unknown,0,0,Truck,0
DEL23849,Unknown,Unknown,0,0,Truck,0
DEL23850,Unknown,Unknown,0,0,Truck,0
DEL23851,Unknown,Unknown,0,0,Truck,0
DEL23852,Unknown,Unknown,0,0,Truck,0
DEL23853,Unknown,Unknown,0,0,Truck,0
DEL23854,Unknown,Unknown,0,0,Truck,0
DEL23855,Unknown,Unknown,0,0,Truck,0
DEL23856,Unknown,Unknown,0,0,Truck,0
DEL23857,Unknown,Unknown,0,0,Truck,0
DEL23858,Unknown,Unknown,0,0,Truck,0
DEL23859,Unknown,Unknown,0,0,Truck,0
DEL23860,Unknown,Unknown,0,0,Truck,0
DEL23861,Unknown,Unknown,0,0,Truck,0
DEL23862,Unknown,Unknown,0,0,Truck,0
DEL23863,Unknown,Unknown,0,0,Truck,0
DEL23864,Unknown,Unknown,0,0,Truck,0
DEL23865,Unknown,Unknown,0,0,Truck,0
DEL23866,Unknown,Unknown,0,0,Truck,0
DEL23867,Unknown,Unknown,0,0,Truck,0
DEL23868,Unknown,Unknown,0,0,Truck,0
DEL23869,Unknown,Unknown,0,0,Truck,0
DEL23870,Unknown,Unknown,0,0,Truck,0
DEL23871,Unknown,Unknown,0,0,Truck,0
DEL23872,Unknown,Unknown,0,0,Truck,0
DEL23873,Unknown,Unknown,0,0,Truck,0
DEL23874,Unknown,Unknown,0,0,Truck,0
DEL23875,Unknown,Unknown,0,0,Truck,0
DEL23876,Unknown,Unknown,0,0,Truck,0
DEL23877,Unknown,Unknown,0,0,Truck,0
DEL23878,Unknown,Unknown,0,0,Truck,0
DEL23879,Unknown,Unknown,0,0,Truck,0
DEL23880,Unknown,Unknown,0,0,Truck,0
DEL23881,Unknown,Unknown,0,0,Truck,0
DEL23882,Unknown,Unknown,0,0,Truck,0
DEL23883,Unknown,Unknown,0,0,Truck,0
DEL23884,Unknown,Unknown,0,0,Truck,0
DEL23885,Unknown,Unknown,0,0,Truck,0
DEL23886,Unknown,Unknown,0,0,Truck,0
DEL23887,Unknown,Unknown,0,0,Truck,0
DEL23888,Unknown,Unknown,0,0,Truck,0
DEL23889,Unknown,Unknown,0,0,Truck,0
DEL23890,Unknown,Unknown,0,0,Truck,0
DEL23891,Unknown,Unknown,0,0,Truck,0
DEL23892,Unknown,Unknown,0,0,Truck,0
DEL23893,Unknown,Unknown,0,0,Truck,0
DEL23894,Unknown,Unknown,0,0,Truck,0
DEL23895,Unknown,Unknown,0,0,Truck,0
DEL23896,Unknown,Unknown,0,0,Truck,0
DEL23897,Unknown,Unknown,0,0,Truck,0
DEL23898,Unknown,Unknown,0,0,Truck,0
DEL23899,Unknown,Unknown,0,0,Truck,0
DEL23900,Unknown,Unknown,0,0,Truck,0
DEL23901,Unknown,Unknown,0,0,Truck,0
DEL23902,Unknown,Unknown,0,0,Truck,0
DEL23903,Unknown,Unknown,0,0,Truck,0
DEL23904,Unknown,Unknown,0,0,Truck,0
DEL23905,Unknown,Unknown,0,0,Truck,0
DEL23906,Unknown,Unknown,0,0,Truck,0
DEL23907,Unknown,Unknown,0,0,Truck,0
DEL23908,Unknown,Unknown,0,0,Truck,0
DEL23909,Unknown,Unknown,0,0,Truck,0
DEL23910,Unknown,Unknown,0,0,Truck,0
DEL23911,Unknown,Unknown,0,0,Truck,0
DEL23912,Unknown,Unknown,0,0,Truck,0
DEL23913,Unknown,Unknown,0,0,Truck,0
DEL23914,Unknown,Unknown,0,0,Truck,0
DEL23915,Unknown,Unknown,0,0,Truck,0
DEL23916,Unknown,Unknown,0,0,Truck,0
DEL23917,Unknown,Unknown,0,0,Truck,0
DEL23918,Unknown,Unknown,0,0,Truck,0
DEL23919,Unknown,Unknown,0,0,Truck,0
DEL23920,Unknown,Unknown,0,0,Truck,0
DEL23921,Unknown,Unknown,0,0,Truck,0
DEL23922,Unknown,Unknown,0,0,Truck,0
DEL23923,Unknown,Unknown,0,0,Truck,0
DEL23924,Unknown,Unknown,0,0,Truck,0
DEL23925,Unknown,Unknown,0,0,Truck,0
DEL23926,Unknown,Unknown,0,0,Truck,0
DEL23927,Unknown,Unknown,0,0,Truck,0
DEL23928,Unknown,Unknown,0,0,Truck,0
DEL23929,Unknown,Unknown,0,0,Truck,0
DEL23930,Unknown,Unknown,0,0,Truck,0
DEL23931,Unknown,Unknown,0,0,Truck,0
DEL23932,Unknown,Unknown,0,0,Truck,0
DEL23933,Unknown,Unknown,0,0,Truck,0
DEL23934,Unknown,Unknown,0,0,Truck,0
DEL23935,Unknown,Unknown,0,0,Truck,0
DEL23936,Unknown,Unknown,0,0,Truck,0
DEL23937,Unknown,Unknown,0,0,Truck,0
DEL23938,Unknown,Unknown,0,0,Truck,0
DEL23939,Unknown,Unknown,0,0,Truck,0
DEL23940,Unknown,Unknown,0,0,Truck,0
DEL23941,Unknown,Unknown,0,0,Truck,0
DEL23942,Unknown,Unknown,0,0,Truck,0
DEL23943,Unknown,Unknown,0,0,Truck,0
DEL23944,Unknown,Unknown,0,0,Truck,0
DEL23945,Unknown,Unknown,0,0,Truck,0
DEL23946,Unknown,Unknown,0,0,Truck,0
DEL23947,Unknown,Unknown,0,0,Truck,0
DEL23948,Unknown,Unknown,0,0,Truck,0
DEL23949,Unknown,Unknown,0,0,Truck,0
DEL23950,Unknown,Unknown,0,0,Truck,0
DEL23951,Unknown,Unknown,0,0,Truck,0
DEL23952,Unknown,Unknown,0,0,Truck,0
DEL23953,Unknown,Unknown,0,0,Truck,0
DEL23954,Unknown,Unknown,0,0,Truck,0
DEL23955,Unknown,Unknown,0,0,Truck,0
DEL23956,Unknown,Unknown,0,0,Truck,0
DEL23957,Unknown,Unknown,0,0,Truck,0
DEL23958,Unknown,Unknown,0,0,Truck,0
DEL23959,Unknown,Unknown,0,0,Truck,0
DEL23960,Unknown,Unknown,0,0,Truck,0
DEL23961,Unknown,Unknown,0,0,Truck,0
DEL23962,Unknown,Unknown,0,0,Truck,0
DEL23963,Unknown,Unknown,0,0,Truck,0
DEL23964,Unknown,Unknown,0,0,Truck,0
DEL23965,Unknown,Unknown,0,0,Truck,0
DEL23966,Unknown,Unknown,0,0,Truck,0
DEL23967,Unknown,Unknown,0,0,Truck,0
DEL23968,Unknown,Unknown,0,0,Truck,0
DEL23969,Unknown,Unknown,0,0,Truck,0
DEL23970,Unknown,Unknown,0,0,Truck,0
DEL23971,Unknown,Unknown,0,0,Truck,0
DEL23972,Unknown,Unknown,0,0,Truck,0
DEL23973,Unknown,Unknown,0,0,Truck,0
DEL23974,Unknown,Unknown,0,0,Truck,0
DEL23975,Unknown,Unknown,0,0,Truck,0
DEL23976,Unknown,Unknown,0,0,Truck,0
DEL23977,Unknown,Unknown,0,0,Truck,0
DEL23978,Unknown,Unknown,0,0,Truck,0
DEL23979,Unknown,Unknown,0,0,Truck,0
DEL23980,Unknown,Unknown,0,0,Truck,0
DEL23981,Unknown,Unknown,0,0,Truck,0
DEL23982,Unknown,Unknown,0,0,Truck,0
DEL23983,Unknown,Unknown,0,0,Truck,0
DEL23984,Unknown,Unknown,0,0,Truck,0
DEL23985,Unknown,Unknown,0,0,Truck,0
DEL23986,Unknown,Unknown,0,0,Truck,0
DEL23987,Unknown,Unknown,0,0,Truck,0
DEL23988,Unknown,Unknown,0,0,Truck,0
DEL23989,Unknown,Unknown,0,0,Truck,0
DEL23990,Unknown,Unknown,0,0,Truck,0
DEL23991,Unknown,Unknown,0,0,Truck,0
DEL23992,Unknown,Unknown,0,0,Truck,0
DEL23993,Unknown,Unknown,0,0,Truck,0
DEL23994,Unknown,Unknown,0,0,Truck,0
DEL23995,Unknown,Unknown,0,0,Truck,0
DEL23996,Unknown,Unknown,0,0,Truck,0
DEL23997,Unknown,Unknown,0,0,Truck,0
DEL23998,Unknown,Unknown,0,0,Truck,0
DEL23999,Unknown,Unknown,0,0,Truck,0
DEL24000,Unknown,Unknown,0,0,Truck,0
DEL24001,Unknown,Unknown,0,0,Truck,0
DEL24002,Unknown,Unknown,0,0,Truck,0
DEL24003,Unknown,Unknown,0,0,Truck,0
DEL24004,Unknown,Unknown,0,0,Truck,0
DEL24005,Unknown,Unknown,0,0,Truck,0
DEL24006,Unknown,Unknown,0,0,Truck,0
DEL24007,Unknown,Unknown,0,0,Truck,0
DEL24008,Unknown,Unknown,0,0,Truck,0
DEL24009,Unknown,Unknown,0,0,Truck,0
DEL24010,Unknown,Unknown,0,0,Truck,0
DEL24011,Unknown,Unknown,0,0,Truck,0
DEL24012,Unknown,Unknown,0,0,Truck,0
DEL24013,Unknown,Unknown,0,0,Truck,0
DEL24014,Unknown,Unknown,0,0,Truck,0
DEL24015,Unknown,Unknown,0,0,Truck,0
DEL24016,Unknown,Unknown,0,0,Truck,0
DEL24017,Unknown,Unknown,0,0,Truck,0
DEL24018,Unknown,Unknown,0,0,Truck,0
DEL24019,Unknown,Unknown,0,0,Truck,0
DEL24020,Unknown,Unknown,0,0,Truck,0
DEL24021,Unknown,Unknown,0,0,Truck,0
DEL24022,Unknown,Unknown,0,0,Truck,0
DEL24023,Unknown,Unknown,0,0,Truck,0
DEL24024,Unknown,Unknown,0,0,Truck,0
DEL24025,Unknown,Unknown,0,0,Truck,0
DEL24026,Unknown,Unknown,0,0,Truck,0
DEL24027,Unknown,Unknown,0,0,Truck,0
DEL24028,Unknown,Unknown,0,0,Truck,0
DEL24029,Unknown,Unknown,0,0,Truck,0
DEL24030,Unknown,Unknown,0,0,Truck,0
DEL24031,Unknown,Unknown,0,0,Truck,0
DEL24032,Unknown,Unknown,0,0,Truck,0
DEL24033,Unknown,Unknown,0,0,Truck,0
DEL24034,Unknown,Unknown,0,0,Truck,0
DEL24035,Unknown,Unknown,0,0,Truck,0
DEL24036,Unknown,Unknown,0,0,Truck,0
DEL24037,Unknown,Unknown,0,0,Truck,0
DEL24038,Unknown,Unknown,0,0,Truck,0
DEL24039,Unknown,Unknown,0,0,Truck,0
DEL24040,Unknown,Unknown,0,0,Truck,0
DEL24041,Unknown,Unknown,0,0,Truck,0
DEL24042,Unknown,Unknown,0,0,Truck,0
DEL24043,Unknown,Unknown,0,0,Truck,0
DEL24044,Unknown,Unknown,0,0,Truck,0
DEL24045,Unknown,Unknown,0,0,Truck,0
DEL24046,Unknown,Unknown,0,0,Truck,0
DEL24047,Unknown,Unknown,0,0,Truck,0
DEL24048,Unknown,Unknown,0,0,Truck,0
DEL24049,Unknown,Unknown,0,0,Truck,0
DEL24050,Unknown,Unknown,0,0,Truck,0
DEL24051,Unknown,Unknown,0,0,Truck,0
DEL24052,Unknown,Unknown,0,0,Truck,0
DEL24053,Unknown,Unknown,0,0,Truck,0
DEL24054,Unknown,Unknown,0,0,Truck,0
DEL24055,Unknown,Unknown,0,0,Truck,0
DEL24056,Unknown,Unknown,0,0,Truck,0
DEL24057,Unknown,Unknown,0,0,Truck,0
DEL24058,Unknown,Unknown,0,0,Truck,0
DEL24059,Unknown,Unknown,0,0,Truck,0
DEL24060,Unknown,Unknown,0,0,Truck,0
DEL24061,Unknown,Unknown,0,0,Truck,0
DEL24062,Unknown,Unknown,0,0,Truck,0
DEL24063,Unknown,Unknown,0,0,Truck,0
DEL24064,Unknown,Unknown,0,0,Truck,0
DEL24065,Unknown,Unknown,0,0,Truck,0
DEL24066,Unknown,Unknown,0,0,Truck,0
DEL24067,Unknown,Unknown,0,0,Truck,0
DEL24068,Unknown,Unknown,0,0,Truck,0
DEL24069,Unknown,Unknown,0,0,Truck,0
DEL24070,Unknown,Unknown,0,0,Truck,0
DEL24071,Unknown,Unknown,0,0,Truck,0
DEL24072,Unknown,Unknown,0,0,Truck,0
DEL24073,Unknown,Unknown,0,0,Truck,0
DEL24074,Unknown,Unknown,0,0,Truck,0
DEL24075,Unknown,Unknown,0,0,Truck,0
DEL24076,Unknown,Unknown,0,0,Truck,0
DEL24077,Unknown,Unknown,0,0,Truck,0
DEL24078,Unknown,Unknown,0,0,Truck,0
DEL24079,Unknown,Unknown,0,0,Truck,0
DEL24080,Unknown,Unknown,0,0,Truck,0
DEL24081,Unknown,Unknown,0,0,Truck,0
DEL24082,Unknown,Unknown,0,0,Truck,0
DEL24083,Unknown,Unknown,0,0,Truck,0
DEL24084,Unknown,Unknown,0,0,Truck,0
DEL24085,Unknown,Unknown,0,0,Truck,0
DEL24086,Unknown,Unknown,0,0,Truck,0
DEL24087,Unknown,Unknown,0,0,Truck,0
DEL24088,Unknown,Unknown,0,0,Truck,0
DEL24089,Unknown,Unknown,0,0,Truck,0
DEL24090,Unknown,Unknown,0,0,Truck,0
DEL24091,Unknown,Unknown,0,0,Truck,0
DEL24092,Unknown,Unknown,0,0,Truck,0
DEL24093,Unknown,Unknown,0,0,Truck,0
DEL24094,Unknown,Unknown,0,0,Truck,0
DEL24095,Unknown,Unknown,0,0,Truck,0
DEL24096,Unknown,Unknown,0,0,Truck,0
DEL24097,Unknown,Unknown,0,0,Truck,0
DEL24098,Unknown,Unknown,0,0,Truck,0
DEL24099,Unknown,Unknown,0,0,Truck,0
DEL24100,Unknown,Unknown,0,0,Truck,0
DEL24101,Unknown,Unknown,0,0,Truck,0
DEL24102,Unknown,Unknown,0,0,Truck,0
DEL24103,Unknown,Unknown,0,0,Truck,0
DEL24104,Unknown,Unknown,0,0,Truck,0
DEL24105,Unknown,Unknown,0,0,Truck,0
DEL24106,Unknown,Unknown,0,0,Truck,0
DEL24107,Unknown,Unknown,0,0,Truck,0
DEL24108,Unknown,Unknown,0,0,Truck,0
DEL24109,Unknown,Unknown,0,0,Truck,0
DEL24110,Unknown,Unknown,0,0,Truck,0
DEL24111,Unknown,Unknown,0,0,Truck,0
DEL24112,Unknown,Unknown,0,0,Truck,0
DEL24113,Unknown,Unknown,0,0,Truck,0
DEL24114,Unknown,Unknown,0,0,Truck,0
DEL24115,Unknown,Unknown,0,0,Truck,0
DEL24116,Unknown,Unknown,0,0,Truck,0
DEL24117,Unknown,Unknown,0,0,Truck,0
DEL24118,Unknown,Unknown,0,0,Truck,0
DEL24119,Unknown,Unknown,0,0,Truck,0
DEL24120,Unknown,Unknown,0,0,Truck,0
DEL24121,Unknown,Unknown,0,0,Truck,0
DEL24122,Unknown,Unknown,0,0,Truck,0
DEL24123,Unknown,Unknown,0,0,Truck,0
DEL24124,Unknown,Unknown,0,0,Truck,0
DEL24125,Unknown,Unknown,0,0,Truck,0
DEL24126,Unknown,Unknown,0,0,Truck,0
DEL24127,Unknown,Unknown,0,0,Truck,0
DEL24128,Unknown,Unknown,0,0,Truck,0
DEL24129,Unknown,Unknown,0,0,Truck,0
DEL24130,Unknown,Unknown,0,0,Truck,0
DEL24131,Unknown,Unknown,0,0,Truck,0
DEL24132,Unknown,Unknown,0,0,Truck,0
DEL24133,Unknown,Unknown,0,0,Truck,0
DEL24134,Unknown,Unknown,0,0,Truck,0
DEL24135,Unknown,Unknown,0,0,Truck,0
DEL24136,Unknown,Unknown,0,0,Truck,0
DEL24137,Unknown,Unknown,0,0,Truck,0
DEL24138,Unknown,Unknown,0,0,Truck,0
DEL24139,Unknown,Unknown,0,0,Truck,0
DEL24140,Unknown,Unknown,0,0,Truck,0
DEL24141,Unknown,Unknown,0,0,Truck,0
DEL24142,Unknown,Unknown,0,0,Truck,0
DEL24143,Unknown,Unknown,0,0,Truck,0
DEL24144,Unknown,Unknown,0,0,Truck,0
DEL24145,Unknown,Unknown,0,0,Truck,0
DEL24146,Unknown,Unknown,0,0,Truck,0
DEL24147,Unknown,Unknown,0,0,Truck,0
DEL24148,Unknown,Unknown,0,0,Truck,0
DEL24149,Unknown,Unknown,0,0,Truck,0
DEL24150,Unknown,Unknown,0,0,Truck,0
DEL24151,Unknown,Unknown,0,0,Truck,0
DEL24152,Unknown,Unknown,0,0,Truck,0
DEL24153,Unknown,Unknown,0,0,Truck,0
DEL24154,Unknown,Unknown,0,0,Truck,0
DEL24155,Unknown,Unknown,0,0,Truck,0
DEL24156,Unknown,Unknown,0,0,Truck,0
DEL24157,Unknown,Unknown,0,0,Truck,0
DEL24158,Unknown,Unknown,0,0,Truck,0
DEL24159,Unknown,Unknown,0,0,Truck,0
DEL24160,Unknown,Unknown,0,0,Truck,0
DEL24161,Unknown,Unknown,0,0,Truck,0
DEL24162,Unknown,Unknown,0,0,Truck,0
DEL24163,Unknown,Unknown,0,0,Truck,0
DEL24164,Unknown,Unknown,0,0,Truck,0
DEL24165,Unknown,Unknown,0,0,Truck,0
DEL24166,Unknown,Unknown,0,0,Truck,0
DEL24167,Unknown,Unknown,0,0,Truck,0
DEL24168,Unknown,Unknown,0,0,Truck,0
DEL24169,Unknown,Unknown,0,0,Truck,0
DEL24170,Unknown,Unknown,0,0,Truck,0
DEL24171,Unknown,Unknown,0,0,Truck,0
DEL24172,Unknown,Unknown,0,0,Truck,0
DEL24173,Unknown,Unknown,0,0,Truck,0
DEL24174,Unknown,Unknown,0,0,Truck,0
DEL24175,Unknown,Unknown,0,0,Truck,0
DEL24176,Unknown,Unknown,0,0,Truck,0
DEL24177,Unknown,Unknown,0,0,Truck,0
DEL24178,Unknown,Unknown,0,0,Truck,0
DEL24179,Unknown,Unknown,0,0,Truck,0
DEL24180,Unknown,Unknown,0,0,Truck,0
DEL24181,Unknown,Unknown,0,0,Truck,0
DEL24182,Unknown,Unknown,0,0,Truck,0
DEL24183,Unknown,Unknown,0,0,Truck,0
DEL24184,Unknown,Unknown,0,0,Truck,0
DEL24185,Unknown,Unknown,0,0,Truck,0
DEL24186,Unknown,Unknown,0,0,Truck,0
DEL24187,Unknown,Unknown,0,0,Truck,0
DEL24188,Unknown,Unknown,0,0,Truck,0
DEL24189,Unknown,Unknown,0,0,Truck,0
DEL24190,Unknown,Unknown,0,0,Truck,0
DEL24191,Unknown,Unknown,0,0,Truck,0
DEL24192,Unknown,Unknown,0,0,Truck,0
DEL24193,Unknown,Unknown,0,0,Truck,0
DEL24194,Unknown,Unknown,0,0,Truck,0
DEL24195,Unknown,Unknown,0,0,Truck,0
DEL24196,Unknown,Unknown,0,0,Truck,0
DEL24197,Unknown,Unknown,0,0,Truck,0
DEL24198,Unknown,Unknown,0,0,Truck,0
DEL24199,Unknown,Unknown,0,0,Truck,0
DEL24200,Unknown,Unknown,0,0,Truck,0
DEL24201,Unknown,Unknown,0,0,Truck,0
DEL24202,Unknown,Unknown,0,0,Truck,0
DEL24203,Unknown,Unknown,0,0,Truck,0
DEL24204,Unknown,Unknown,0,0,Truck,0
DEL24205,Unknown,Unknown,0,0,Truck,0
DEL24206,Unknown,Unknown,0,0,Truck,0
DEL24207,Unknown,Unknown,0,0,Truck,0
DEL24208,Unknown,Unknown,0,0,Truck,0
DEL24209,Unknown,Unknown,0,0,Truck,0
DEL24210,Unknown,Unknown,0,0,Truck,0
DEL24211,Unknown,Unknown,0,0,Truck,0
DEL24212,Unknown,Unknown,0,0,Truck,0
DEL24213,Unknown,Unknown,0,0,Truck,0
DEL24214,Unknown,Unknown,0,0,Truck,0
DEL24215,Unknown,Unknown,0,0,Truck,0
DEL24216,Unknown,Unknown,0,0,Truck,0
DEL24217,Unknown,Unknown,0,0,Truck,0
DEL24218,Unknown,Unknown,0,0,Truck,0
DEL24219,Unknown,Unknown,0,0,Truck,0
DEL24220,Unknown,Unknown,0,0,Truck,0
DEL24221,Unknown,Unknown,0,0,Truck,0
DEL24222,Unknown,Unknown,0,0,Truck,0
DEL24223,Unknown,Unknown,0,0,Truck,0
DEL24224,Unknown,Unknown,0,0,Truck,0
DEL24225,Unknown,Unknown,0,0,Truck,0
DEL24226,Unknown,Unknown,0,0,Truck,0
DEL24227,Unknown,Unknown,0,0,Truck,0
DEL24228,Unknown,Unknown,0,0,Truck,0
DEL24229,Unknown,Unknown,0,0,Truck,0
DEL24230,Unknown,Unknown,0,0,Truck,0
DEL24231,Unknown,Unknown,0,0,Truck,0
DEL24232,Unknown,Unknown,0,0,Truck,0
DEL24233,Unknown,Unknown,0,0,Truck,0
DEL24234,Unknown,Unknown,0,0,Truck,0
DEL24235,Unknown,Unknown,0,0,Truck,0
DEL24236,Unknown,Unknown,0,0,Truck,0
DEL24237,Unknown,Unknown,0,0,Truck,0
DEL24238,Unknown,Unknown,0,0,Truck,0
DEL24239,Unknown,Unknown,0,0,Truck,0
DEL24240,Unknown,Unknown,0,0,Truck,0
DEL24241,Unknown,Unknown,0,0,Truck,0
DEL24242,Unknown,Unknown,0,0,Truck,0
DEL24243,Unknown,Unknown,0,0,Truck,0
DEL24244,Unknown,Unknown,0,0,Truck,0
DEL24245,Unknown,Unknown,0,0,Truck,0
DEL24246,Unknown,Unknown,0,0,Truck,0
DEL24247,Unknown,Unknown,0,0,Truck,0
DEL24248,Unknown,Unknown,0,0,Truck,0
DEL24249,Unknown,Unknown,0,0,Truck,0
DEL24250,Unknown,Unknown,0,0,Truck,0
DEL24251,Unknown,Unknown,0,0,Truck,0
DEL24252,Unknown,Unknown,0,0,Truck,0
DEL24253,Unknown,Unknown,0,0,Truck,0
DEL24254,Unknown,Unknown,0,0,Truck,0
DEL24255,Unknown,Unknown,0,0,Truck,0
DEL24256,Unknown,Unknown,0,0,Truck,0
DEL24257,Unknown,Unknown,0,0,Truck,0
DEL24258,Unknown,Unknown,0,0,Truck,0
DEL24259,Unknown,Unknown,0,0,Truck,0
DEL24260,Unknown,Unknown,0,0,Truck,0
DEL24261,Unknown,Unknown,0,0,Truck,0
DEL24262,Unknown,Unknown,0,0,Truck,0
DEL24263,Unknown,Unknown,0,0,Truck,0
DEL24264,Unknown,Unknown,0,0,Truck,0
DEL24265,Unknown,Unknown,0,0,Truck,0
DEL24266,Unknown,Unknown,0,0,Truck,0
DEL24267,Unknown,Unknown,0,0,Truck,0
DEL24268,Unknown,Unknown,0,0,Truck,0
DEL24269,Unknown,Unknown,0,0,Truck,0
DEL24270,Unknown,Unknown,0,0,Truck,0
DEL24271,Unknown,Unknown,0,0,Truck,0
DEL24272,Unknown,Unknown,0,0,Truck,0
DEL24273,Unknown,Unknown,0,0,Truck,0
DEL24274,Unknown,Unknown,0,0,Truck,0
DEL24275,Unknown,Unknown,0,0,Truck,0
DEL24276,Unknown,Unknown,0,0,Truck,0
DEL24277,Unknown,Unknown,0,0,Truck,0
DEL24278,Unknown,Unknown,0,0,Truck,0
DEL24279,Unknown,Unknown,0,0,Truck,0
DEL24280,Unknown,Unknown,0,0,Truck,0
DEL24281,Unknown,Unknown,0,0,Truck,0
DEL24282,Unknown,Unknown,0,0,Truck,0
DEL24283,Unknown,Unknown,0,0,Truck,0
DEL24284,Unknown,Unknown,0,0,Truck,0
DEL24285,Unknown,Unknown,0,0,Truck,0
DEL24286,Unknown,Unknown,0,0,Truck,0
DEL24287,Unknown,Unknown,0,0,Truck,0
DEL24288,Unknown,Unknown,0,0,Truck,0
DEL24289,Unknown,Unknown,0,0,Truck,0
DEL24290,Unknown,Unknown,0,0,Truck,0
DEL24291,Unknown,Unknown,0,0,Truck,0
DEL24292,Unknown,Unknown,0,0,Truck,0
DEL24293,Unknown,Unknown,0,0,Truck,0
DEL24294,Unknown,Unknown,0,0,Truck,0
DEL24295,Unknown,Unknown,0,0,Truck,0
DEL24296,Unknown,Unknown,0,0,Truck,0
DEL24297,Unknown,Unknown,0,0,Truck,0
DEL24298,Unknown,Unknown,0,0,Truck,0
DEL24299,Unknown,Unknown,0,0,Truck,0
DEL24300,Unknown,Unknown,0,0,Truck,0
DEL24301,Unknown,Unknown,0,0,Truck,0
DEL24302,Unknown,Unknown,0,0,Truck,0
DEL24303,Unknown,Unknown,0,0,Truck,0
DEL24304,Unknown,Unknown,0,0,Truck,0
DEL24305,Unknown,Unknown,0,0,Truck,0
DEL24306,Unknown,Unknown,0,0,Truck,0
DEL24307,Unknown,Unknown,0,0,Truck,0
DEL24308,Unknown,Unknown,0,0,Truck,0
DEL24309,Unknown,Unknown,0,0,Truck,0
DEL24310,Unknown,Unknown,0,0,Truck,0
DEL24311,Unknown,Unknown,0,0,Truck,0
DEL24312,Unknown,Unknown,0,0,Truck,0
DEL24313,Unknown,Unknown,0,0,Truck,0
DEL24314,Unknown,Unknown,0,0,Truck,0
DEL24315,Unknown,Unknown,0,0,Truck,0
DEL24316,Unknown,Unknown,0,0,Truck,0
DEL24317,Unknown,Unknown,0,0,Truck,0
DEL24318,Unknown,Unknown,0,0,Truck,0
DEL24319,Unknown,Unknown,0,0,Truck,0
DEL24320,Unknown,Unknown,0,0,Truck,0
DEL24321,Unknown,Unknown,0,0,Truck,0
DEL24322,Unknown,Unknown,0,0,Truck,0
DEL24323,Unknown,Unknown,0,0,Truck,0
DEL24324,Unknown,Unknown,0,0,Truck,0
DEL24325,Unknown,Unknown,0,0,Truck,0
DEL24326,Unknown,Unknown,0,0,Truck,0
DEL24327,Unknown,Unknown,0,0,Truck,0
DEL24328,Unknown,Unknown,0,0,Truck,0
DEL24329,Unknown,Unknown,0,0,Truck,0
DEL24330,Unknown,Unknown,0,0,Truck,0
DEL24331,Unknown,Unknown,0,0,Truck,0
DEL24332,Unknown,Unknown,0,0,Truck,0
DEL24333,Unknown,Unknown,0,0,Truck,0
DEL24334,Unknown,Unknown,0,0,Truck,0
DEL24335,Unknown,Unknown,0,0,Truck,0
DEL24336,Unknown,Unknown,0,0,Truck,0
DEL24337,Unknown,Unknown,0,0,Truck,0
DEL24338,Unknown,Unknown,0,0,Truck,0
DEL24339,Unknown,Unknown,0,0,Truck,0
DEL24340,Unknown,Unknown,0,0,Truck,0
DEL24341,Unknown,Unknown,0,0,Truck,0
DEL24342,Unknown,Unknown,0,0,Truck,0
DEL24343,Unknown,Unknown,0,0,Truck,0
DEL24344,Unknown,Unknown,0,0,Truck,0
DEL24345,Unknown,Unknown,0,0,Truck,0
DEL24346,Unknown,Unknown,0,0,Truck,0
DEL24347,Unknown,Unknown,0,0,Truck,0
DEL24348,Unknown,Unknown,0,0,Truck,0
DEL24349,Unknown,Unknown,0,0,Truck,0
DEL24350,Unknown,Unknown,0,0,Truck,0
DEL24351,Unknown,Unknown,0,0,Truck,0
DEL24352,Unknown,Unknown,0,0,Truck,0
DEL24353,Unknown,Unknown,0,0,Truck,0
DEL24354,Unknown,Unknown,0,0,Truck,0
DEL24355,Unknown,Unknown,0,0,Truck,0
DEL24356,Unknown,Unknown,0,0,Truck,0
DEL24357,Unknown,Unknown,0,0,Truck,0
DEL24358,Unknown,Unknown,0,0,Truck,0
DEL24359,Unknown,Unknown,0,0,Truck,0
DEL24360,Unknown,Unknown,0,0,Truck,0
DEL24361,Unknown,Unknown,0,0,Truck,0
DEL24362,Unknown,Unknown,0,0,Truck,0
DEL24363,Unknown,Unknown,0,0,Truck,0
DEL24364,Unknown,Unknown,0,0,Truck,0
DEL24365,Unknown,Unknown,0,0,Truck,0
DEL24366,Unknown,Unknown,0,0,Truck,0
DEL24367,Unknown,Unknown,0,0,Truck,0
DEL24368,Unknown,Unknown,0,0,Truck,0
DEL24369,Unknown,Unknown,0,0,Truck,0
DEL24370,Unknown,Unknown,0,0,Truck,0
DEL24371,Unknown,Unknown,0,0,Truck,0
DEL24372,Unknown,Unknown,0,0,Truck,0
DEL24373,Unknown,Unknown,0,0,Truck,0
DEL24374,Unknown,Unknown,0,0,Truck,0
DEL24375,Unknown,Unknown,0,0,Truck,0
DEL24376,Unknown,Unknown,0,0,Truck,0
DEL24377,Unknown,Unknown,0,0,Truck,0
DEL24378,Unknown,Unknown,0,0,Truck,0
DEL24379,Unknown,Unknown,0,0,Truck,0
DEL24380,Unknown,Unknown,0,0,Truck,0
DEL24381,Unknown,Unknown,0,0,Truck,0
DEL24382,Unknown,Unknown,0,0,Truck,0
DEL24383,Unknown,Unknown,0,0,Truck,0
DEL24384,Unknown,Unknown,0,0,Truck,0
DEL24385,Unknown,Unknown,0,0,Truck,0
DEL24386,Unknown,Unknown,0,0,Truck,0
DEL24387,Unknown,Unknown,0,0,Truck,0
DEL24388,Unknown,Unknown,0,0,Truck,0
DEL24389,Unknown,Unknown,0,0,Truck,0
DEL24390,Unknown,Unknown,0,0,Truck,0
DEL24391,Unknown,Unknown,0,0,Truck,0
DEL24392,Unknown,Unknown,0,0,Truck,0
DEL24393,Unknown,Unknown,0,0,Truck,0
DEL24394,Unknown,Unknown,0,0,Truck,0
DEL24395,Unknown,Unknown,0,0,Truck,0
DEL24396,Unknown,Unknown,0,0,Truck,0
DEL24397,Unknown,Unknown,0,0,Truck,0
DEL24398,Unknown,Unknown,0,0,Truck,0
DEL24399,Unknown,Unknown,0,0,Truck,0
DEL24400,Unknown,Unknown,0,0,Truck,0
DEL24401,Unknown,Unknown,0,0,Truck,0
DEL24402,Unknown,Unknown,0,0,Truck,0
DEL24403,Unknown,Unknown,0,0,Truck,0
DEL24404,Unknown,Unknown,0,0,Truck,0
DEL24405,Unknown,Unknown,0,0,Truck,0
DEL24406,Unknown,Unknown,0,0,Truck,0
DEL24407,Unknown,Unknown,0,0,Truck,0
DEL24408,Unknown,Unknown,0,0,Truck,0
DEL24409,Unknown,Unknown,0,0,Truck,0
DEL24410,Unknown,Unknown,0,0,Truck,0
DEL24411,Unknown,Unknown,0,0,Truck,0
DEL24412,Unknown,Unknown,0,0,Truck,0
DEL24413,Unknown,Unknown,0,0,Truck,0
DEL24414,Unknown,Unknown,0,0,Truck,0
DEL24415,Unknown,Unknown,0,0,Truck,0
DEL24416,Unknown,Unknown,0,0,Truck,0
DEL24417,Unknown,Unknown,0,0,Truck,0
DEL24418,Unknown,Unknown,0,0,Truck,0
DEL24419,Unknown,Unknown,0,0,Truck,0
DEL24420,Unknown,Unknown,0,0,Truck,0
DEL24421,Unknown,Unknown,0,0,Truck,0
DEL24422,Unknown,Unknown,0,0,Truck,0
DEL24423,Unknown,Unknown,0,0,Truck,0
DEL24424,Unknown,Unknown,0,0,Truck,0
DEL24425,Unknown,Unknown,0,0,Truck,0
DEL24426,Unknown,Unknown,0,0,Truck,0
DEL24427,Unknown,Unknown,0,0,Truck,0
DEL24428,Unknown,Unknown,0,0,Truck,0
DEL24429,Unknown,Unknown,0,0,Truck,0
DEL24430,Unknown,Unknown,0,0,Truck,0
DEL24431,Unknown,Unknown,0,0,Truck,0
DEL24432,Unknown,Unknown,0,0,Truck,0
DEL24433,Unknown,Unknown,0,0,Truck,0
DEL24434,Unknown,Unknown,0,0,Truck,0
DEL24435,Unknown,Unknown,0,0,Truck,0
DEL24436,Unknown,Unknown,0,0,Truck,0
DEL24437,Unknown,Unknown,0,0,Truck,0
DEL24438,Unknown,Unknown,0,0,Truck,0
DEL24439,Unknown,Unknown,0,0,Truck,0
DEL24440,Unknown,Unknown,0,0,Truck,0
DEL24441,Unknown,Unknown,0,0,Truck,0
DEL24442,Unknown,Unknown,0,0,Truck,0
DEL24443,Unknown,Unknown,0,0,Truck,0
DEL24444,Unknown,Unknown,0,0,Truck,0
DEL24445,Unknown,Unknown,0,0,Truck,0
DEL24446,Unknown,Unknown,0,0,Truck,0
DEL24447,Unknown,Unknown,0,0,Truck,0
DEL24448,Unknown,Unknown,0,0,Truck,0
DEL24449,Unknown,Unknown,0,0,Truck,0
DEL24450,Unknown,Unknown,0,0,Truck,0
DEL24451,Unknown,Unknown,0,0,Truck,0
DEL24452,Unknown,Unknown,0,0,Truck,0
DEL24453,Unknown,Unknown,0,0,Truck,0
DEL24454,Unknown,Unknown,0,0,Truck,0
DEL24455,Unknown,Unknown,0,0,Truck,0
DEL24456,Unknown,Unknown,0,0,Truck,0
DEL24457,Unknown,Unknown,0,0,Truck,0
DEL24458,Unknown,Unknown,0,0,Truck,0
DEL24459,Unknown,Unknown,0,0,Truck,0
DEL24460,Unknown,Unknown,0,0,Truck,0
DEL24461,Unknown,Unknown,0,0,Truck,0
DEL24462,Unknown,Unknown,0,0,Truck,0
DEL24463,Unknown,Unknown,0,0,Truck,0
DEL24464,Unknown,Unknown,0,0,Truck,0
DEL24465,Unknown,Unknown,0,0,Truck,0
DEL24466,Unknown,Unknown,0,0,Truck,0
DEL24467,Unknown,Unknown,0,0,Truck,0
DEL24468,Unknown,Unknown,0,0,Truck,0
DEL24469,Unknown,Unknown,0,0,Truck,0
DEL24470,Unknown,Unknown,0,0,Truck,0
DEL24471,Unknown,Unknown,0,0,Truck,0
DEL24472,Unknown,Unknown,0,0,Truck,0
DEL24473,Unknown,Unknown,0,0,Truck,0
DEL24474,Unknown,Unknown,0,0,Truck,0
DEL24475,Unknown,Unknown,0,0,Truck,0
DEL24476,Unknown,Unknown,0,0,Truck,0
DEL24477,Unknown,Unknown,0,0,Truck,0
DEL24478,Unknown,Unknown,0,0,Truck,0
DEL24479,Unknown,Unknown,0,0,Truck,0
DEL24480,Unknown,Unknown,0,0,Truck,0
DEL24481,Unknown,Unknown,0,0,Truck,0
DEL24482,Unknown,Unknown,0,0,Truck,0
DEL24483,Unknown,Unknown,0,0,Truck,0
DEL24484,Unknown,Unknown,0,0,Truck,0
DEL24485,Unknown,Unknown,0,0,Truck,0
DEL24486,Unknown,Unknown,0,0,Truck,0
DEL24487,Unknown,Unknown,0,0,Truck,0
DEL24488,Unknown,Unknown,0,0,Truck,0
DEL24489,Unknown,Unknown,0,0,Truck,0
DEL24490,Unknown,Unknown,0,0,Truck,0
DEL24491,Unknown,Unknown,0,0,Truck,0
DEL24492,Unknown,Unknown,0,0,Truck,0
DEL24493,Unknown,Unknown,0,0,Truck,0
DEL24494,Unknown,Unknown,0,0,Truck,0
DEL24495,Unknown,Unknown,0,0,Truck,0
DEL24496,Unknown,Unknown,0,0,Truck,0
DEL24497,Unknown,Unknown,0,0,Truck,0
DEL24498,Unknown,Unknown,0,0,Truck,0
DEL24499,Unknown,Unknown,0,0,Truck,0
DEL24500,Unknown,Unknown,0,0,Truck,0
DEL24501,Unknown,Unknown,0,0,Truck,0
DEL24502,Unknown,Unknown,0,0,Truck,0
DEL24503,Unknown,Unknown,0,0,Truck,0
DEL24504,Unknown,Unknown,0,0,Truck,0
DEL24505,Unknown,Unknown,0,0,Truck,0
DEL24506,Unknown,Unknown,0,0,Truck,0
DEL24507,Unknown,Unknown,0,0,Truck,0
DEL24508,Unknown,Unknown,0,0,Truck,0
DEL24509,Unknown,Unknown,0,0,Truck,0
DEL24510,Unknown,Unknown,0,0,Truck,0
DEL24511,Unknown,Unknown,0,0,Truck,0
DEL24512,Unknown,Unknown,0,0,Truck,0
DEL24513,Unknown,Unknown,0,0,Truck,0
DEL24514,Unknown,Unknown,0,0,Truck,0
DEL24515,Unknown,Unknown,0,0,Truck,0
DEL24516,Unknown,Unknown,0,0,Truck,0
DEL24517,Unknown,Unknown,0,0,Truck,0
DEL24518,Unknown,Unknown,0,0,Truck,0
DEL24519,Unknown,Unknown,0,0,Truck,0
DEL24520,Unknown,Unknown,0,0,Truck,0
DEL24521,Unknown,Unknown,0,0,Truck,0
DEL24522,Unknown,Unknown,0,0,Truck,0
DEL24523,Unknown,Unknown,0,0,Truck,0
DEL24524,Unknown,Unknown,0,0,Truck,0
DEL24525,Unknown,Unknown,0,0,Truck,0
DEL24526,Unknown,Unknown,0,0,Truck,0
DEL24527,Unknown,Unknown,0,0,Truck,0
DEL24528,Unknown,Unknown,0,0,Truck,0
DEL24529,Unknown,Unknown,0,0,Truck,0
DEL24530,Unknown,Unknown,0,0,Truck,0
DEL24531,Unknown,Unknown,0,0,Truck,0
DEL24532,Unknown,Unknown,0,0,Truck,0
DEL24533,Unknown,Unknown,0,0,Truck,0
DEL24534,Unknown,Unknown,0,0,Truck,0
DEL24535,Unknown,Unknown,0,0,Truck,0
DEL24536,Unknown,Unknown,0,0,Truck,0
DEL24537,Unknown,Unknown,0,0,Truck,0
DEL24538,Unknown,Unknown,0,0,Truck,0
DEL24539,Unknown,Unknown,0,0,Truck,0
DEL24540,Unknown,Unknown,0,0,Truck,0
DEL24541,Unknown,Unknown,0,0,Truck,0
DEL24542,Unknown,Unknown,0,0,Truck,0
DEL24543,Unknown,Unknown,0,0,Truck,0
DEL24544,Unknown,Unknown,0,0,Truck,0
DEL24545,Unknown,Unknown,0,0,Truck,0
DEL24546,Unknown,Unknown,0,0,Truck,0
DEL24547,Unknown,Unknown,0,0,Truck,0
DEL24548,Unknown,Unknown,0,0,Truck,0
DEL24549,Unknown,Unknown,0,0,Truck,0
DEL24550,Unknown,Unknown,0,0,Truck,0
DEL24551,Unknown,Unknown,0,0,Truck,0
DEL24552,Unknown,Unknown,0,0,Truck,0
DEL24553,Unknown,Unknown,0,0,Truck,0
DEL24554,Unknown,Unknown,0,0,Truck,0
DEL24555,Unknown,Unknown,0,0,Truck,0
DEL24556,Unknown,Unknown,0,0,Truck,0
DEL24557,Unknown,Unknown,0,0,Truck,0
DEL24558,Unknown,Unknown,0,0,Truck,0
DEL24559,Unknown,Unknown,0,0,Truck,0
DEL24560,Unknown,Unknown,0,0,Truck,0
DEL24561,Unknown,Unknown,0,0,Truck,0
DEL24562,Unknown,Unknown,0,0,Truck,0
DEL24563,Unknown,Unknown,0,0,Truck,0
DEL24564,Unknown,Unknown,0,0,Truck,0
DEL24565,Unknown,Unknown,0,0,Truck,0
DEL24566,Unknown,Unknown,0,0,Truck,0
DEL24567,Unknown,Unknown,0,0,Truck,0
DEL24568,Unknown,Unknown,0,0,Truck,0
DEL24569,Unknown,Unknown,0,0,Truck,0
DEL24570,Unknown,Unknown,0,0,Truck,0
DEL24571,Unknown,Unknown,0,0,Truck,0
DEL24572,Unknown,Unknown,0,0,Truck,0
DEL24573,Unknown,Unknown,0,0,Truck,0
DEL24574,Unknown,Unknown,0,0,Truck,0
DEL24575,Unknown,Unknown,0,0,Truck,0
DEL24576,Unknown,Unknown,0,0,Truck,0
DEL24577,Unknown,Unknown,0,0,Truck,0
DEL24578,Unknown,Unknown,0,0,Truck,0
DEL24579,Unknown,Unknown,0,0,Truck,0
DEL24580,Unknown,Unknown,0,0,Truck,0
DEL24581,Unknown,Unknown,0,0,Truck,0
DEL24582,Unknown,Unknown,0,0,Truck,0
DEL24583,Unknown,Unknown,0,0,Truck,0
DEL24584,Unknown,Unknown,0,0,Truck,0
DEL24585,Unknown,Unknown,0,0,Truck,0
DEL24586,Unknown,Unknown,0,0,Truck,0
DEL24587,Unknown,Unknown,0,0,Truck,0
DEL24588,Unknown,Unknown,0,0,Truck,0
DEL24589,Unknown,Unknown,0,0,Truck,0
DEL24590,Unknown,Unknown,0,0,Truck,0
DEL24591,Unknown,Unknown,0,0,Truck,0
DEL24592,Unknown,Unknown,0,0,Truck,0
DEL24593,Unknown,Unknown,0,0,Truck,0
DEL24594,Unknown,Unknown,0,0,Truck,0
DEL24595,Unknown,Unknown,0,0,Truck,0
DEL24596,Unknown,Unknown,0,0,Truck,0
DEL24597,Unknown,Unknown,0,0,Truck,0
DEL24598,Unknown,Unknown,0,0,Truck,0
DEL24599,Unknown,Unknown,0,0,Truck,0
DEL24600,Unknown,Unknown,0,0,Truck,0
DEL24601,Unknown,Unknown,0,0,Truck,0
DEL24602,Unknown,Unknown,0,0,Truck,0
DEL24603,Unknown,Unknown,0,0,Truck,0
DEL24604,Unknown,Unknown,0,0,Truck,0
DEL24605,Unknown,Unknown,0,0,Truck,0
DEL24606,Unknown,Unknown,0,0,Truck,0
DEL24607,Unknown,Unknown,0,0,Truck,0
DEL24608,Unknown,Unknown,0,0,Truck,0
DEL24609,Unknown,Unknown,0,0,Truck,0
DEL24610,Unknown,Unknown,0,0,Truck,0
DEL24611,Unknown,Unknown,0,0,Truck,0
DEL24612,Unknown,Unknown,0,0,Truck,0
DEL24613,Unknown,Unknown,0,0,Truck,0
DEL24614,Unknown,Unknown,0,0,Truck,0
DEL24615,Unknown,Unknown,0,0,Truck,0
DEL24616,Unknown,Unknown,0,0,Truck,0
DEL24617,Unknown,Unknown,0,0,Truck,0
DEL24618,Unknown,Unknown,0,0,Truck,0
DEL24619,Unknown,Unknown,0,0,Truck,0
DEL24620,Unknown,Unknown,0,0,Truck,0
DEL24621,Unknown,Unknown,0,0,Truck,0
DEL24622,Unknown,Unknown,0,0,Truck,0
DEL24623,Unknown,Unknown,0,0,Truck,0
DEL24624,Unknown,Unknown,0,0,Truck,0
DEL24625,Unknown,Unknown,0,0,Truck,0
DEL24626,Unknown,Unknown,0,0,Truck,0
DEL24627,Unknown,Unknown,0,0,Truck,0
DEL24628,Unknown,Unknown,0,0,Truck,0
DEL24629,Unknown,Unknown,0,0,Truck,0
DEL24630,Unknown,Unknown,0,0,Truck,0
DEL24631,Unknown,Unknown,0,0,Truck,0
DEL24632,Unknown,Unknown,0,0,Truck,0
DEL24633,Unknown,Unknown,0,0,Truck,0
DEL24634,Unknown,Unknown,0,0,Truck,0
DEL24635,Unknown,Unknown,0,0,Truck,0
DEL24636,Unknown,Unknown,0,0,Truck,0
DEL24637,Unknown,Unknown,0,0,Truck,0
DEL24638,Unknown,Unknown,0,0,Truck,0
DEL24639,Unknown,Unknown,0,0,Truck,0
DEL24640,Unknown,Unknown,0,0,Truck,0
DEL24641,Unknown,Unknown,0,0,Truck,0
DEL24642,Unknown,Unknown,0,0,Truck,0
DEL24643,Unknown,Unknown,0,0,Truck,0
DEL24644,Unknown,Unknown,0,0,Truck,0
DEL24645,Unknown,Unknown,0,0,Truck,0
DEL24646,Unknown,Unknown,0,0,Truck,0
DEL24647,Unknown,Unknown,0,0,Truck,0
DEL24648,Unknown,Unknown,0,0,Truck,0
DEL24649,Unknown,Unknown,0,0,Truck,0
DEL24650,Unknown,Unknown,0,0,Truck,0
DEL24651,Unknown,Unknown,0,0,Truck,0
DEL24652,Unknown,Unknown,0,0,Truck,0
DEL24653,Unknown,Unknown,0,0,Truck,0
DEL24654,Unknown,Unknown,0,0,Truck,0
DEL24655,Unknown,Unknown,0,0,Truck,0
DEL24656,Unknown,Unknown,0,0,Truck,0
DEL24657,Unknown,Unknown,0,0,Truck,0
DEL24658,Unknown,Unknown,0,0,Truck,0
DEL24659,Unknown,Unknown,0,0,Truck,0
DEL24660,Unknown,Unknown,0,0,Truck,0
DEL24661,Unknown,Unknown,0,0,Truck,0
DEL24662,Unknown,Unknown,0,0,Truck,0
DEL24663,Unknown,Unknown,0,0,Truck,0
DEL24664,Unknown,Unknown,0,0,Truck,0
DEL24665,Unknown,Unknown,0,0,Truck,0
DEL24666,Unknown,Unknown,0,0,Truck,0
DEL24667,Unknown,Unknown,0,0,Truck,0
DEL24668,Unknown,Unknown,0,0,Truck,0
DEL24669,Unknown,Unknown,0,0,Truck,0
DEL24670,Unknown,Unknown,0,0,Truck,0
DEL24671,Unknown,Unknown,0,0,Truck,0
DEL24672,Unknown,Unknown,0,0,Truck,0
DEL24673,Unknown,Unknown,0,0,Truck,0
DEL24674,Unknown,Unknown,0,0,Truck,0
DEL24675,Unknown,Unknown,0,0,Truck,0
DEL24676,Unknown,Unknown,0,0,Truck,0
DEL24677,Unknown,Unknown,0,0,Truck,0
DEL24678,Unknown,Unknown,0,0,Truck,0
DEL24679,Unknown,Unknown,0,0,Truck,0
DEL24680,Unknown,Unknown,0,0,Truck,0
DEL24681,Unknown,Unknown,0,0,Truck,0
DEL24682,Unknown,Unknown,0,0,Truck,0
DEL24683,Unknown,Unknown,0,0,Truck,0
DEL24684,Unknown,Unknown,0,0,Truck,0
DEL24685,Unknown,Unknown,0,0,Truck,0
DEL24686,Unknown,Unknown,0,0,Truck,0
DEL24687,Unknown,Unknown,0,0,Truck,0
DEL24688,Unknown,Unknown,0,0,Truck,0
DEL24689,Unknown,Unknown,0,0,Truck,0
DEL24690,Unknown,Unknown,0,0,Truck,0
DEL24691,Unknown,Unknown,0,0,Truck,0
DEL24692,Unknown,Unknown,0,0,Truck,0
DEL24693,Unknown,Unknown,0,0,Truck,0
DEL24694,Unknown,Unknown,0,0,Truck,0
DEL24695,Unknown,Unknown,0,0,Truck,0
DEL24696,Unknown,Unknown,0,0,Truck,0
DEL24697,Unknown,Unknown,0,0,Truck,0
DEL24698,Unknown,Unknown,0,0,Truck,0
DEL24699,Unknown,Unknown,0,0,Truck,0
DEL24700,Unknown,Unknown,0,0,Truck,0
DEL24701,Unknown,Unknown,0,0,Truck,0
DEL24702,Unknown,Unknown,0,0,Truck,0
DEL24703,Unknown,Unknown,0,0,Truck,0
DEL24704,Unknown,Unknown,0,0,Truck,0
DEL24705,Unknown,Unknown,0,0,Truck,0
DEL24706,Unknown,Unknown,0,0,Truck,0
DEL24707,Unknown,Unknown,0,0,Truck,0
DEL24708,Unknown,Unknown,0,0,Truck,0
DEL24709,Unknown,Unknown,0,0,Truck,0
DEL24710,Unknown,Unknown,0,0,Truck,0
DEL24711,Unknown,Unknown,0,0,Truck,0
DEL24712,Unknown,Unknown,0,0,Truck,0
DEL24713,Unknown,Unknown,0,0,Truck,0
DEL24714,Unknown,Unknown,0,0,Truck,0
DEL24715,Unknown,Unknown,0,0,Truck,0
DEL24716,Unknown,Unknown,0,0,Truck,0
DEL24717,Unknown,Unknown,0,0,Truck,0
DEL24718,Unknown,Unknown,0,0,Truck,0
DEL24719,Unknown,Unknown,0,0,Truck,0
DEL24720,Unknown,Unknown,0,0,Truck,0
DEL24721,Unknown,Unknown,0,0,Truck,0
DEL24722,Unknown,Unknown,0,0,Truck,0
DEL24723,Unknown,Unknown,0,0,Truck,0
DEL24724,Unknown,Unknown,0,0,Truck,0
DEL24725,Unknown,Unknown,0,0,Truck,0
DEL24726,Unknown,Unknown,0,0,Truck,0
DEL24727,Unknown,Unknown,0,0,Truck,0
DEL24728,Unknown,Unknown,0,0,Truck,0
DEL24729,Unknown,Unknown,0,0,Truck,0
DEL24730,Unknown,Unknown,0,0,Truck,0
DEL24731,Unknown,Unknown,0,0,Truck,0
DEL24732,Unknown,Unknown,0,0,Truck,0
DEL24733,Unknown,Unknown,0,0,Truck,0
DEL24734,Unknown,Unknown,0,0,Truck,0
DEL24735,Unknown,Unknown,0,0,Truck,0
DEL24736,Unknown,Unknown,0,0,Truck,0
DEL24737,Unknown,Unknown,0,0,Truck,0
DEL24738,Unknown,Unknown,0,0,Truck,0
DEL24739,Unknown,Unknown,0,0,Truck,0
DEL24740,Unknown,Unknown,0,0,Truck,0
DEL24741,Unknown,Unknown,0,0,Truck,0
DEL24742,Unknown,Unknown,0,0,Truck,0
DEL24743,Unknown,Unknown,0,0,Truck,0
DEL24744,Unknown,Unknown,0,0,Truck,0
DEL24745,Unknown,Unknown,0,0,Truck,0
DEL24746,Unknown,Unknown,0,0,Truck,0
DEL24747,Unknown,Unknown,0,0,Truck,0
DEL24748,Unknown,Unknown,0,0,Truck,0
DEL24749,Unknown,Unknown,0,0,Truck,0
DEL24750,Unknown,Unknown,0,0,Truck,0
DEL24751,Unknown,Unknown,0,0,Truck,0
DEL24752,Unknown,Unknown,0,0,Truck,0
DEL24753,Unknown,Unknown,0,0,Truck,0
DEL24754,Unknown,Unknown,0,0,Truck,0
DEL24755,Unknown,Unknown,0,0,Truck,0
DEL24756,Unknown,Unknown,0,0,Truck,0
DEL24757,Unknown,Unknown,0,0,Truck,0
DEL24758,Unknown,Unknown,0,0,Truck,0
DEL24759,Unknown,Unknown,0,0,Truck,0
DEL24760,Unknown,Unknown,0,0,Truck,0
DEL24761,Unknown,Unknown,0,0,Truck,0
DEL24762,Unknown,Unknown,0,0,Truck,0
DEL24763,Unknown,Unknown,0,0,Truck,0
DEL24764,Unknown,Unknown,0,0,Truck,0
DEL24765,Unknown,Unknown,0,0,Truck,0
DEL24766,Unknown,Unknown,0,0,Truck,0
DEL24767,Unknown,Unknown,0,0,Truck,0
DEL24768,Unknown,Unknown,0,0,Truck,0
DEL24769,Unknown,Unknown,0,0,Truck,0
DEL24770,Unknown,Unknown,0,0,Truck,0
DEL24771,Unknown,Unknown,0,0,Truck,0
DEL24772,Unknown,Unknown,0,0,Truck,0
DEL24773,Unknown,Unknown,0,0,Truck,0
DEL24774,Unknown,Unknown,0,0,Truck,0
DEL24775,Unknown,Unknown,0,0,Truck,0
DEL24776,Unknown,Unknown,0,0,Truck,0
DEL24777,Unknown,Unknown,0,0,Truck,0
DEL24778,Unknown,Unknown,0,0,Truck,0
DEL24779,Unknown,Unknown,0,0,Truck,0
DEL24780,Unknown,Unknown,0,0,Truck,0
DEL24781,Unknown,Unknown,0,0,Truck,0
DEL24782,Unknown,Unknown,0,0,Truck,0
DEL24783,Unknown,Unknown,0,0,Truck,0
DEL24784,Unknown,Unknown,0,0,Truck,0
DEL24785,Unknown,Unknown,0,0,Truck,0
DEL24786,Unknown,Unknown,0,0,Truck,0
DEL24787,Unknown,Unknown,0,0,Truck,0
DEL24788,Unknown,Unknown,0,0,Truck,0
DEL24789,Unknown,Unknown,0,0,Truck,0
DEL24790,Unknown,Unknown,0,0,Truck,0
DEL24791,Unknown,Unknown,0,0,Truck,0
DEL24792,Unknown,Unknown,0,0,Truck,0
DEL24793,Unknown,Unknown,0,0,Truck,0
DEL24794,Unknown,Unknown,0,0,Truck,0
DEL24795,Unknown,Unknown,0,0,Truck,0
DEL24796,Unknown,Unknown,0,0,Truck,0
DEL24797,Unknown,Unknown,0,0,Truck,0
DEL24798,Unknown,Unknown,0,0,Truck,0
DEL24799,Unknown,Unknown,0,0,Truck,0
DEL24800,Unknown,Unknown,0,0,Truck,0
DEL24801,Unknown,Unknown,0,0,Truck,0
DEL24802,Unknown,Unknown,0,0,Truck,0
DEL24803,Unknown,Unknown,0,0,Truck,0
DEL24804,Unknown,Unknown,0,0,Truck,0
DEL24805,Unknown,Unknown,0,0,Truck,0
DEL24806,Unknown,Unknown,0,0,Truck,0
DEL24807,Unknown,Unknown,0,0,Truck,0
DEL24808,Unknown,Unknown,0,0,Truck,0
DEL24809,Unknown,Unknown,0,0,Truck,0
DEL24810,Unknown,Unknown,0,0,Truck,0
DEL24811,Unknown,Unknown,0,0,Truck,0
DEL24812,Unknown,Unknown,0,0,Truck,0
DEL24813,Unknown,Unknown,0,0,Truck,0
DEL24814,Unknown,Unknown,0,0,Truck,0
DEL24815,Unknown,Unknown,0,0,Truck,0
DEL24816,Unknown,Unknown,0,0,Truck,0
DEL24817,Unknown,Unknown,0,0,Truck,0
DEL24818,Unknown,Unknown,0,0,Truck,0
DEL24819,Unknown,Unknown,0,0,Truck,0
DEL24820,Unknown,Unknown,0,0,Truck,0
DEL24821,Unknown,Unknown,0,0,Truck,0
DEL24822,Unknown,Unknown,0,0,Truck,0
DEL24823,Unknown,Unknown,0,0,Truck,0
DEL24824,Unknown,Unknown,0,0,Truck,0
DEL24825,Unknown,Unknown,0,0,Truck,0
DEL24826,Unknown,Unknown,0,0,Truck,0
DEL24827,Unknown,Unknown,0,0,Truck,0
DEL24828,Unknown,Unknown,0,0,Truck,0
DEL24829,Unknown,Unknown,0,0,Truck,0
DEL24830,Unknown,Unknown,0,0,Truck,0
DEL24831,Unknown,Unknown,0,0,Truck,0
DEL24832,Unknown,Unknown,0,0,Truck,0
DEL24833,Unknown,Unknown,0,0,Truck,0
DEL24834,Unknown,Unknown,0,0,Truck,0
DEL24835,Unknown,Unknown,0,0,Truck,0
DEL24836,Unknown,Unknown,0,0,Truck,0
DEL24837,Unknown,Unknown,0,0,Truck,0
DEL24838,Unknown,Unknown,0,0,Truck,0
DEL24839,Unknown,Unknown,0,0,Truck,0
DEL24840,Unknown,Unknown,0,0,Truck,0
DEL24841,Unknown,Unknown,0,0,Truck,0
DEL24842,Unknown,Unknown,0,0,Truck,0
DEL24843,Unknown,Unknown,0,0,Truck,0
DEL24844,Unknown,Unknown,0,0,Truck,0
DEL24845,Unknown,Unknown,0,0,Truck,0
DEL24846,Unknown,Unknown,0,0,Truck,0
DEL24847,Unknown,Unknown,0,0,Truck,0
DEL24848,Unknown,Unknown,0,0,Truck,0
DEL24849,Unknown,Unknown,0,0,Truck,0
DEL24850,Unknown,Unknown,0,0,Truck,0
DEL24851,Unknown,Unknown,0,0,Truck,0
DEL24852,Unknown,Unknown,0,0,Truck,0
DEL24853,Unknown,Unknown,0,0,Truck,0
DEL24854,Unknown,Unknown,0,0,Truck,0
DEL24855,Unknown,Unknown,0,0,Truck,0
DEL24856,Unknown,Unknown,0,0,Truck,0
DEL24857,Unknown,Unknown,0,0,Truck,0
DEL24858,Unknown,Unknown,0,0,Truck,0
DEL24859,Unknown,Unknown,0,0,Truck,0
DEL24860,Unknown,Unknown,0,0,Truck,0
DEL24861,Unknown,Unknown,0,0,Truck,0
DEL24862,Unknown,Unknown,0,0,Truck,0
DEL24863,Unknown,Unknown,0,0,Truck,0
DEL24864,Unknown,Unknown,0,0,Truck,0
DEL24865,Unknown,Unknown,0,0,Truck,0
DEL24866,Unknown,Unknown,0,0,Truck,0
DEL24867,Unknown,Unknown,0,0,Truck,0
DEL24868,Unknown,Unknown,0,0,Truck,0
DEL24869,Unknown,Unknown,0,0,Truck,0
DEL24870,Unknown,Unknown,0,0,Truck,0
DEL24871,Unknown,Unknown,0,0,Truck,0
DEL24872,Unknown,Unknown,0,0,Truck,0
DEL24873,Unknown,Unknown,0,0,Truck,0
DEL24874,Unknown,Unknown,0,0,Truck,0
DEL24875,Unknown,Unknown,0,0,Truck,0
DEL24876,Unknown,Unknown,0,0,Truck,0
DEL24877,Unknown,Unknown,0,0,Truck,0
DEL24878,Unknown,Unknown,0,0,Truck,0
DEL24879,Unknown,Unknown,0,0,Truck,0
DEL24880,Unknown,Unknown,0,0,Truck,0
DEL24881,Unknown,Unknown,0,0,Truck,0
DEL24882,Unknown,Unknown,0,0,Truck,0
DEL24883,Unknown,Unknown,0,0,Truck,0
DEL24884,Unknown,Unknown,0,0,Truck,0
DEL24885,Unknown,Unknown,0,0,Truck,0
DEL24886,Unknown,Unknown,0,0,Truck,0
DEL24887,Unknown,Unknown,0,0,Truck,0
DEL24888,Unknown,Unknown,0,0,Truck,0
DEL24889,Unknown,Unknown,0,0,Truck,0
DEL24890,Unknown,Unknown,0,0,Truck,0
DEL24891,Unknown,Unknown,0,0,Truck,0
DEL24892,Unknown,Unknown,0,0,Truck,0
DEL24893,Unknown,Unknown,0,0,Truck,0
DEL24894,Unknown,Unknown,0,0,Truck,0
DEL24895,Unknown,Unknown,0,0,Truck,0
DEL24896,Unknown,Unknown,0,0,Truck,0
DEL24897,Unknown,Unknown,0,0,Truck,0
DEL24898,Unknown,Unknown,0,0,Truck,0
DEL24899,Unknown,Unknown,0,0,Truck,0
DEL24900,Unknown,Unknown,0,0,Truck,0
DEL24901,Unknown,Unknown,0,0,Truck,0
DEL24902,Unknown,Unknown,0,0,Truck,0
DEL24903,Unknown,Unknown,0,0,Truck,0
DEL24904,Unknown,Unknown,0,0,Truck,0
DEL24905,Unknown,Unknown,0,0,Truck,0
DEL24906,Unknown,Unknown,0,0,Truck,0
DEL24907,Unknown,Unknown,0,0,Truck,0
DEL24908,Unknown,Unknown,0,0,Truck,0
DEL24909,Unknown,Unknown,0,0,Truck,0
DEL24910,Unknown,Unknown,0,0,Truck,0
DEL24911,Unknown,Unknown,0,0,Truck,0
DEL24912,Unknown,Unknown,0,0,Truck,0
DEL24913,Unknown,Unknown,0,0,Truck,0
DEL24914,Unknown,Unknown,0,0,Truck,0
DEL24915,Unknown,Unknown,0,0,Truck,0
DEL24916,Unknown,Unknown,0,0,Truck,0
DEL24917,Unknown,Unknown,0,0,Truck,0
DEL24918,Unknown,Unknown,0,0,Truck,0
DEL24919,Unknown,Unknown,0,0,Truck,0
DEL24920,Unknown,Unknown,0,0,Truck,0
DEL24921,Unknown,Unknown,0,0,Truck,0
DEL24922,Unknown,Unknown,0,0,Truck,0
DEL24923,Unknown,Unknown,0,0,Truck,0
DEL24924,Unknown,Unknown,0,0,Truck,0
DEL24925,Unknown,Unknown,0,0,Truck,0
DEL24926,Unknown,Unknown,0,0,Truck,0
DEL24927,Unknown,Unknown,0,0,Truck,0
DEL24928,Unknown,Unknown,0,0,Truck,0
DEL24929,Unknown,Unknown,0,0,Truck,0
DEL24930,Unknown,Unknown,0,0,Truck,0
DEL24931,Unknown,Unknown,0,0,Truck,0
DEL24932,Unknown,Unknown,0,0,Truck,0
DEL24933,Unknown,Unknown,0,0,Truck,0
DEL24934,Unknown,Unknown,0,0,Truck,0
DEL24935,Unknown,Unknown,0,0,Truck,0
DEL24936,Unknown,Unknown,0,0,Truck,0
DEL24937,Unknown,Unknown,0,0,Truck,0
DEL24938,Unknown,Unknown,0,0,Truck,0
DEL24939,Unknown,Unknown,0,0,Truck,0
DEL24940,Unknown,Unknown,0,0,Truck,0
DEL24941,Unknown,Unknown,0,0,Truck,0
DEL24942,Unknown,Unknown,0,0,Truck,0
DEL24943,Unknown,Unknown,0,0,Truck,0
DEL24944,Unknown,Unknown,0,0,Truck,0
DEL24945,Unknown,Unknown,0,0,Truck,0
DEL24946,Unknown,Unknown,0,0,Truck,0
DEL24947,Unknown,Unknown,0,0,Truck,0
DEL24948,Unknown,Unknown,0,0,Truck,0
DEL24949,Unknown,Unknown,0,0,Truck,0
DEL24950,Unknown,Unknown,0,0,Truck,0
DEL24951,Unknown,Unknown,0,0,Truck,0
DEL24952,Unknown,Unknown,0,0,Truck,0
DEL24953,Unknown,Unknown,0,0,Truck,0
DEL24954,Unknown,Unknown,0,0,Truck,0
DEL24955,Unknown,Unknown,0,0,Truck,0
DEL24956,Unknown,Unknown,0,0,Truck,0
DEL24957,Unknown,Unknown,0,0,Truck,0
DEL24958,Unknown,Unknown,0,0,Truck,0
DEL24959,Unknown,Unknown,0,0,Truck,0
DEL24960,Unknown,Unknown,0,0,Truck,0
DEL24961,Unknown,Unknown,0,0,Truck,0
DEL24962,Unknown,Unknown,0,0,Truck,0
DEL24963,Unknown,Unknown,0,0,Truck,0
DEL24964,Unknown,Unknown,0,0,Truck,0
DEL24965,Unknown,Unknown,0,0,Truck,0
DEL24966,Unknown,Unknown,0,0,Truck,0
DEL24967,Unknown,Unknown,0,0,Truck,0
DEL24968,Unknown,Unknown,0,0,Truck,0
DEL24969,Unknown,Unknown,0,0,Truck,0
DEL24970,Unknown,Unknown,0,0,Truck,0
DEL24971,Unknown,Unknown,0,0,Truck,0
DEL24972,Unknown,Unknown,0,0,Truck,0
DEL24973,Unknown,Unknown,0,0,Truck,0
DEL24974,Unknown,Unknown,0,0,Truck,0
DEL24975,Unknown,Unknown,0,0,Truck,0
DEL24976,Unknown,Unknown,0,0,Truck,0
DEL24977,Unknown,Unknown,0,0,Truck,0
DEL24978,Unknown,Unknown,0,0,Truck,0
DEL24979,Unknown,Unknown,0,0,Truck,0
DEL24980,Unknown,Unknown,0,0,Truck,0
DEL24981,Unknown,Unknown,0,0,Truck,0
DEL24982,Unknown,Unknown,0,0,Truck,0
DEL24983,Unknown,Unknown,0,0,Truck,0
DEL24984,Unknown,Unknown,0,0,Truck,0
DEL24985,Unknown,Unknown,0,0,Truck,0
DEL24986,Unknown,Unknown,0,0,Truck,0
DEL24987,Unknown,Unknown,0,0,Truck,0
DEL24988,Unknown,Unknown,0,0,Truck,0
DEL24989,Unknown,Unknown,0,0,Truck,0
DEL24990,Unknown,Unknown,0,0,Truck,0
DEL24991,Unknown,Unknown,0,0,Truck,0
DEL24992,Unknown,Unknown,0,0,Truck,0
DEL24993,Unknown,Unknown,0,0,Truck,0
DEL24994,Unknown,Unknown,0,0,Truck,0
DEL24995,Unknown,Unknown,0,0,Truck,0
DEL24996,Unknown,Unknown,0,0,Truck,0
DEL24997,Unknown,Unknown,0,0,Truck,0
DEL24998,Unknown,Unknown,0,0,Truck,0
DEL24999,Unknown,Unknown,0,0,Truck,0
